[activity] Process 183207 still running; elapsed 0m 15s; no new output for 15s. Last output: waiting for worker output
[activity] Process 183207 still running; elapsed 0m 30s; no new output for 30s. Last output: waiting for worker output
[activity] Process 183207 still running; elapsed 0m 45s; no new output for 45s. Last output: waiting for worker output
[activity] Process 183207 still running; elapsed 1m 0s; no new output for 60s. Last output: waiting for worker output
== 0. reusing shared game assets and preparing cached map sources
Extract All: custom map: 4 parallel workers, 4 zones
Extract All: custom map starting nazi_zombie_projectx.ff
Extract All: custom map starting nazi_zombie_projectx_patch.ff
Extract All: custom map starting mod.ff
Extract All: custom map starting nazi_zombie_projectx_load.ff
[tool] Unlinker.exe; log: D:\symlink\asset_cache\waw_546ae68ff7137b449448388c\custom_maps\842e66e83d5a462136ec24eb\f38c912f7ba487e29bb2aded\nazi_zombie_projectx.log
[tool] Unlinker.exe; log: D:\symlink\asset_cache\waw_546ae68ff7137b449448388c\custom_maps\842e66e83d5a462136ec24eb\43a8d9e7b81a905dd23c6dc2\nazi_zombie_projectx_load.log
[tool] Unlinker.exe; log: D:\symlink\asset_cache\waw_546ae68ff7137b449448388c\custom_maps\842e66e83d5a462136ec24eb\073a7a9aaf2288ec4fffe99b\nazi_zombie_projectx_patch.log[tool] Unlinker.exe; log: D:\symlink\asset_cache\waw_546ae68ff7137b449448388c\custom_maps\842e66e83d5a462136ec24eb\3efaaef622da63dcd10e6aa6\mod.log

[tool] Unlinker.exe; log: D:\symlink\asset_cache\waw_546ae68ff7137b449448388c\custom_maps\842e66e83d5a462136ec24eb\43a8d9e7b81a905dd23c6dc2\nazi_zombie_projectx_load.assets.log
[tool] Unlinker.exe; log: D:\symlink\asset_cache\waw_546ae68ff7137b449448388c\custom_maps\842e66e83d5a462136ec24eb\073a7a9aaf2288ec4fffe99b\nazi_zombie_projectx_patch.assets.log
Extract All: custom map: 1/4 zones completed (5.9s)
Extract All: custom map: 2/4 zones completed (6.1s)
[activity] Process 183207 still running; elapsed 1m 30s; no new output for 19s. Last output: Extract All: custom map: 2/4 zones completed (6.1s)
[tool] Unlinker.exe; log: D:\symlink\asset_cache\waw_546ae68ff7137b449448388c\custom_maps\842e66e83d5a462136ec24eb\3efaaef622da63dcd10e6aa6\mod.assets.log
Extract All: custom map: 3/4 zones completed (29.5s)
[activity] Process 183207 still running; elapsed 2m 0s; no new output for 26s. Last output: Extract All: custom map: 3/4 zones completed (29.5s)
[activity] Process 183207 still running; elapsed 2m 15s; no new output for 41s. Last output: Extract All: custom map: 3/4 zones completed (29.5s)
[activity] Process 183207 still running; elapsed 2m 30s; no new output for 56s. Last output: Extract All: custom map: 3/4 zones completed (29.5s)
[activity] Process 183207 still running; elapsed 2m 45s; no new output for 71s. Last output: Extract All: custom map: 3/4 zones completed (29.5s)
[activity] Process 183207 still running; elapsed 3m 0s; no new output for 86s. Last output: Extract All: custom map: 3/4 zones completed (29.5s)
[activity] Process 183207 still running; elapsed 3m 15s; no new output for 101s. Last output: Extract All: custom map: 3/4 zones completed (29.5s)
[activity] Process 183207 still running; elapsed 3m 30s; no new output for 116s. Last output: Extract All: custom map: 3/4 zones completed (29.5s)
[activity] Process 183207 still running; elapsed 3m 45s; no new output for 131s. Last output: Extract All: custom map: 3/4 zones completed (29.5s)
[activity] Process 183207 still running; elapsed 4m 0s; no new output for 146s. Last output: Extract All: custom map: 3/4 zones completed (29.5s)
[activity] Process 183207 still running; elapsed 4m 15s; no new output for 161s. Last output: Extract All: custom map: 3/4 zones completed (29.5s)
[tool] Unlinker.exe; log: D:\symlink\asset_cache\waw_546ae68ff7137b449448388c\custom_maps\842e66e83d5a462136ec24eb\f38c912f7ba487e29bb2aded\nazi_zombie_projectx.assets.log
[activity] Process 183207 still running; elapsed 4m 45s; no new output for 24s. Last output: [tool] Unlinker.exe; log: D:\symlink\asset_cache\waw_546ae68ff7137b449448388c\custom_maps\842e66e83d5a462136ec24eb\f38c912f7ba487e29bb2aded\nazi_zombie_projectx.assets.log
[activity] Process 183207 still running; elapsed 5m 0s; no new output for 39s. Last output: [tool] Unlinker.exe; log: D:\symlink\asset_cache\waw_546ae68ff7137b449448388c\custom_maps\842e66e83d5a462136ec24eb\f38c912f7ba487e29bb2aded\nazi_zombie_projectx.assets.log
Extract All: custom map: 4/4 zones completed (243.3s)
== 1. using pre-extracted stock assets (no stock dumping)
== 2. staging zm_projectx
[staging] Read map world...
[staging] Read map world finished in 2.0s
[staging] Read map collision...
[staging] Read map collision finished in 0.5s
[staging] Convert world geometry...
[staging] Convert world geometry finished in 8.7s
[staging] Port map scripts and animation dependencies...
Extracting referenced WaW stock zone once: ber1.ff
[activity] Process 183207 still running; elapsed 5m 45s; no new output for 16s. Last output: Extracting referenced WaW stock zone once: ber1.ff
[activity] Process 183207 still running; elapsed 6m 0s; no new output for 31s. Last output: Extracting referenced WaW stock zone once: ber1.ff
Extracting referenced WaW stock zone once: ber2.ff
[activity] Process 183207 still running; elapsed 6m 30s; no new output for 28s. Last output: Extracting referenced WaW stock zone once: ber2.ff
Extracting referenced WaW stock zone once: oki2.ff
[activity] Process 183207 still running; elapsed 7m 0s; no new output for 19s. Last output: Extracting referenced WaW stock zone once: oki2.ff
Extracting referenced WaW stock zone once: mak.ff
[activity] Process 183207 still running; elapsed 7m 30s; no new output for 19s. Last output: Extracting referenced WaW stock zone once: mak.ff
Extracting referenced WaW stock zone once: common.ff
Extracting referenced WaW stock zone once: pby_fly.ff
[activity] Process 183207 still running; elapsed 8m 0s; no new output for 16s. Last output: Extracting referenced WaW stock zone once: pby_fly.ff
Extracting referenced WaW stock zone once: nazi_zombie_sumpf.ff
[staging] Port map scripts and animation dependencies finished in 187.3s
[staging] Resolve weapons and dependencies...
Extracting referenced WaW stock zone once: mp_docks.ff
[activity] Process 183207 still running; elapsed 8m 45s; no new output for 15s. Last output: Extracting referenced WaW stock zone once: mp_docks.ff
[activity] Process 183207 still running; elapsed 9m 0s; no new output for 30s. Last output: Extracting referenced WaW stock zone once: mp_docks.ff
[staging] Resolve weapons and dependencies finished in 34.8s
[staging] Convert effects...
[staging] Convert materials...
[staging] Materials: 0/4
[staging] Materials: 4/4 completed
[staging] Convert materials finished in 4.2s
[staging] Convert effects finished in 13.3s
[staging] Convert models and collision...
[staging] Models: 0/378
[staging] Models: 239/378 completed
[staging] Models: 321/378 completed
[staging] Models: 378/378 completed
[staging] Convert models and collision finished in 13.2s
[activity] Process 183207 still running; elapsed 9m 45s; no new output for 15s. Last output: [staging] Convert models and collision finished in 13.2s
[activity] Process 183207 still running; elapsed 10m 0s; no new output for 30s. Last output: [staging] Convert models and collision finished in 13.2s
[staging] Convert materials...
[staging] Materials: 0/784
[staging] Materials: 44/784 completed
[staging] Materials: 70/784 completed
[staging] Materials: 96/784 completed
[staging] Materials: 130/784 completed
[staging] Materials: 156/784 completed
[staging] Materials: 187/784 completed
[staging] Materials: 211/784 completed
[staging] Materials: 244/784 completed
[staging] Materials: 281/784 completed
[staging] Materials: 310/784 completed
[staging] Materials: 346/784 completed
[staging] Materials: 388/784 completed
[staging] Materials: 418/784 completed
[staging] Materials: 452/784 completed
[staging] Materials: 479/784 completed
[staging] Materials: 502/784 completed
[staging] Materials: 532/784 completed
[staging] Materials: 577/784 completed
[staging] Materials: 618/784 completed
[staging] Materials: 664/784 completed
[staging] Materials: 717/784 completed
[staging] Materials: 762/784 completed
[staging] Materials: 784/784 completed
[staging] Convert materials finished in 116.6s
[staging] Convert lightmaps...
[staging] Lightmaps: 2 parallel workers
02d0:fixme:file:server_get_file_info Unsupported info class e
02d8:fixme:file:server_get_file_info Unsupported info class e
02d0:fixme:file:server_get_file_info Unsupported info class e
02e8:fixme:file:server_get_file_info Unsupported info class e
[staging] Lightmaps: 0/2
[staging] Lightmaps: 2/2 completed
[staging] Convert lightmaps finished in 4.0s
[staging] Convert images...
[staging] Image sources: 0/1365
[staging] Image sources: 1365/1365 completed
[staging] Image pixels: 12 parallel workers
[staging] Image pixels: 0/1304
[staging] Image pixels: 408/1304 completed
[staging] Image pixels: 887/1304 completed
[staging] Image pixels: 1277/1304 completed
[staging] Image pixels: 1304/1304 completed
[staging] Convert images finished in 21.1s
[staging] Convert weapon runtime assets...
[staging] Convert materials...
[staging] Materials: 0/144
[staging] Materials: 53/144 completed
[staging] Materials: 79/144 completed
[staging] Materials: 102/144 completed
[staging] Materials: 125/144 completed
[staging] Materials: 144/144 completed
[staging] Convert materials finished in 27.1s
[activity] Process 183207 still running; elapsed 13m 15s; no new output for 15s. Last output: [staging] Convert materials finished in 27.1s
[activity] Process 183207 still running; elapsed 13m 30s; no new output for 30s. Last output: [staging] Convert materials finished in 27.1s
[activity] Process 183207 still running; elapsed 13m 45s; no new output for 45s. Last output: [staging] Convert materials finished in 27.1s
[staging] Convert weapon runtime assets finished in 85.3s
[staging] Translate shaders...
[staging] Shaders: 12 parallel workers
[staging] Shaders: 0/3961
[staging] Shaders: 817/3961 completed
[staging] Shaders: 1597/3961 completed
[staging] Shaders: 2248/3961 completed
[staging] Shaders: 2737/3961 completed
[staging] Shaders: 3245/3961 completed
[staging] Shaders: 3861/3961 completed
[staging] Shaders: 3961/3961 completed
[staging] Translate shaders finished in 39.8s
[staging] Convert vision and glow...
WARNING: vision sniper: r_filmbrightness '0.O458' read as 0 using WaW numeric-prefix parsing (D:\symlink\asset_cache\waw_546ae68ff7137b449448388c\views\47d3c4d796321ababdf8a31d\vision\sniper.vision)
[staging] Convert vision and glow finished in 10.7s
[staging] Resolve sound dependencies...
Extracting referenced WaW stock zone once: nazi_zombie_prototype.ff
[activity] Process 183207 still running; elapsed 15m 15s; no new output for 19s. Last output: Extracting referenced WaW stock zone once: nazi_zombie_prototype.ff
Extracting referenced WaW stock zone once: mp_nachtfeuer.ff
[tool] Unlinker.exe; log: D:\symlink\asset_cache\waw_546ae68ff7137b449448388c\dependencies\247cd2c3142f7120875c4108\mp_nachtfeuer.log
[activity] Process 183207 still running; elapsed 15m 45s; no new output for 23s. Last output: [tool] Unlinker.exe; log: D:\symlink\asset_cache\waw_546ae68ff7137b449448388c\dependencies\247cd2c3142f7120875c4108\mp_nachtfeuer.log
[tool] Unlinker.exe; log: D:\symlink\asset_cache\waw_546ae68ff7137b449448388c\dependencies\247cd2c3142f7120875c4108\mp_nachtfeuer.assets.log
Extracting referenced WaW stock zone once: nazi_zombie_asylum.ff
[activity] Process 183207 still running; elapsed 16m 15s; no new output for 24s. Last output: Extracting referenced WaW stock zone once: nazi_zombie_asylum.ff
[activity] Process 183207 still running; elapsed 16m 30s; no new output for 39s. Last output: Extracting referenced WaW stock zone once: nazi_zombie_asylum.ff
[staging] Resolve sound dependencies finished in 104.4s
[staging] Stage sound sources...
Extracting referenced WaW stock zone once: code_post_gfx.ff
[activity] Process 183207 still running; elapsed 17m 0s; no new output for 23s. Last output: Extracting referenced WaW stock zone once: code_post_gfx.ff
[staging] Stage sound sources finished in 38.6s
[staging] Decode audio...
[staging] Audio: 12 parallel workers
[staging] Audio: 0/3388
038c:fixme:ole:CoInitializeSecurity 0000000000000000, -1, 0000000000000000, 0000000000000000, 0, 3, 0000000000000000, 0, 0000000000000000 stub
0390:fixme:ole:CoInitializeSecurity 0000000000000000, -1, 0000000000000000, 0000000000000000, 0, 3, 0000000000000000, 0, 0000000000000000 stub
0398:fixme:ole:CoInitializeSecurity 0000000000000000, -1, 0000000000000000, 0000000000000000, 0, 3, 0000000000000000, 0, 0000000000000000 stub
0394:fixme:ole:CoInitializeSecurity 0000000000000000, -1, 0000000000000000, 0000000000000000, 0, 3, 0000000000000000, 0, 0000000000000000 stub
03a0:fixme:ole:CoInitializeSecurity 0000000000000000, -1, 0000000000000000, 0000000000000000, 0, 3, 0000000000000000, 0, 0000000000000000 stub
03a4:fixme:ole:CoInitializeSecurity 0000000000000000, -1, 0000000000000000, 0000000000000000, 0, 3, 0000000000000000, 0, 0000000000000000 stub
03bc:fixme:ole:CoInitializeSecurity 0000000000000000, -1, 0000000000000000, 0000000000000000, 0, 3, 0000000000000000, 0, 0000000000000000 stub
03b4:fixme:ole:CoInitializeSecurity 0000000000000000, -1, 0000000000000000, 0000000000000000, 0, 3, 0000000000000000, 0, 0000000000000000 stub
03c0:fixme:ole:CoInitializeSecurity 0000000000000000, -1, 0000000000000000, 0000000000000000, 0, 3, 0000000000000000, 0, 0000000000000000 stub
03a8:fixme:ole:CoInitializeSecurity 0000000000000000, -1, 0000000000000000, 0000000000000000, 0, 3, 0000000000000000, 0, 0000000000000000 stub
03b8:fixme:ole:CoInitializeSecurity 0000000000000000, -1, 0000000000000000, 0000000000000000, 0, 3, 0000000000000000, 0, 0000000000000000 stub
03b4:fixme:wbemprox:client_security_SetBlanket 00006FFFFAA54030, 00007F05851FB5D0, 10, 0, (null), 3, 3, 0000000000000000, 0
03b4:fixme:wbemprox:client_security_Release 00006FFFFAA54030
0398:fixme:wbemprox:client_security_SetBlanket 00006FFFFAA54030, 00007F058581E150, 10, 0, (null), 3, 3, 0000000000000000, 0
0398:fixme:wbemprox:client_security_Release 00006FFFFAA54030
03c0:fixme:wbemprox:client_security_SetBlanket 00006FFFFAA54030, 00007F05868B2910, 10, 0, (null), 3, 3, 0000000000000000, 0
03c0:fixme:wbemprox:client_security_Release 00006FFFFAA54030
0394:fixme:wbemprox:client_security_SetBlanket 00006FFFFAA54030, 00007F0585DD5040, 10, 0, (null), 3, 3, 0000000000000000, 0
0394:fixme:wbemprox:client_security_Release 00006FFFFAA54030
03a4:fixme:wbemprox:client_security_SetBlanket 00006FFFFAA54030, 00007F058629A430, 10, 0, (null), 3, 3, 0000000000000000, 0
03a4:fixme:wbemprox:client_security_Release 00006FFFFAA54030
038c:fixme:wbemprox:client_security_SetBlanket 00006FFFFAA54030, 00007F05B002D550, 10, 0, (null), 3, 3, 0000000000000000, 0
038c:fixme:wbemprox:client_security_Release 00006FFFFAA54030
0390:fixme:wbemprox:client_security_SetBlanket 00006FFFFAA54030, 00007F058591B140, 10, 0, (null), 3, 3, 0000000000000000, 0
0390:fixme:wbemprox:client_security_Release 00006FFFFAA54030
03bc:fixme:wbemprox:client_security_SetBlanket 00006FFFFAA54030, 00007F058518C1D0, 10, 0, (null), 3, 3, 0000000000000000, 0
03bc:fixme:wbemprox:client_security_Release 00006FFFFAA54030
03b4:fixme:ntdll:NtQuerySystemInformation info_class SYSTEM_PERFORMANCE_INFORMATION
03a0:fixme:wbemprox:client_security_SetBlanket 00006FFFFAA54030, 00007F05862A1990, 10, 0, (null), 3, 3, 0000000000000000, 0
03a0:fixme:wbemprox:client_security_Release 00006FFFFAA54030
03a8:fixme:wbemprox:client_security_SetBlanket 00006FFFFAA54030, 00007F05854F8CC0, 10, 0, (null), 3, 3, 0000000000000000, 0
03a8:fixme:wbemprox:client_security_Release 00006FFFFAA54030
03b8:fixme:wbemprox:client_security_SetBlanket 00006FFFFAA54030, 00007F05B0329220, 10, 0, (null), 3, 3, 0000000000000000, 0
03b8:fixme:wbemprox:client_security_Release 00006FFFFAA54030
03a0:fixme:wbemprox:get_system_propval returning empty array for __DERIVATION
03bc:fixme:wbemprox:get_system_propval returning empty array for __DERIVATION
03c0:fixme:wbemprox:get_system_propval returning empty array for __DERIVATION
0390:fixme:wbemprox:get_system_propval returning empty array for __DERIVATION
0394:fixme:wbemprox:get_system_propval returning empty array for __DERIVATION
038c:fixme:wbemprox:get_system_propval returning empty array for __DERIVATION
03a4:fixme:wbemprox:get_system_propval returning empty array for __DERIVATION
03b4:fixme:wbemprox:get_system_propval returning empty array for __DERIVATION
0398:fixme:wbemprox:get_system_propval returning empty array for __DERIVATION
03a8:fixme:wbemprox:get_system_propval returning empty array for __DERIVATION
03b8:fixme:wbemprox:get_system_propval returning empty array for __DERIVATION
0384:fixme:file:server_get_file_info Unsupported info class e
035c:fixme:file:server_get_file_info Unsupported info class e
0368:fixme:file:server_get_file_info Unsupported info class e
0374:fixme:file:server_get_file_info Unsupported info class e
0378:fixme:file:server_get_file_info Unsupported info class e
0360:fixme:file:server_get_file_info Unsupported info class e
036c:fixme:file:server_get_file_info Unsupported info class e
0388:fixme:file:server_get_file_info Unsupported info class e
0380:fixme:file:server_get_file_info Unsupported info class e
0370:fixme:file:server_get_file_info Unsupported info class e
037c:fixme:file:server_get_file_info Unsupported info class e
035c:fixme:file:server_get_file_info Unsupported info class e
0364:fixme:file:server_get_file_info Unsupported info class e
0384:fixme:file:server_get_file_info Unsupported info class e
0374:fixme:file:server_get_file_info Unsupported info class e
0368:fixme:file:server_get_file_info Unsupported info class e
039c:fixme:ole:CoInitializeSecurity 0000000000000000, -1, 0000000000000000, 0000000000000000, 0, 3, 0000000000000000, 0, 0000000000000000 stub
0378:fixme:file:server_get_file_info Unsupported info class e
0380:fixme:file:server_get_file_info Unsupported info class e
0360:fixme:file:server_get_file_info Unsupported info class e
0438:fixme:ole:CoInitializeSecurity 0000000000000000, -1, 0000000000000000, 0000000000000000, 0, 3, 0000000000000000, 0, 0000000000000000 stub
0438:fixme:wbemprox:client_security_SetBlanket 00006FFFFAA54030, 00007F0586B609A0, 10, 0, (null), 3, 3, 0000000000000000, 0
0438:fixme:wbemprox:client_security_Release 00006FFFFAA54030
0388:fixme:file:server_get_file_info Unsupported info class e
043c:fixme:ole:CoInitializeSecurity 0000000000000000, -1, 0000000000000000, 0000000000000000, 0, 3, 0000000000000000, 0, 0000000000000000 stub
043c:fixme:wbemprox:client_security_SetBlanket 00006FFFFAA54030, 00007F05B0329220, 10, 0, (null), 3, 3, 0000000000000000, 0
0440:fixme:ole:CoInitializeSecurity 0000000000000000, -1, 0000000000000000, 0000000000000000, 0, 3, 0000000000000000, 0, 0000000000000000 stub
036c:fixme:file:server_get_file_info Unsupported info class e
043c:fixme:wbemprox:client_security_Release 00006FFFFAA54030
0438:fixme:wbemprox:get_system_propval returning empty array for __DERIVATION
0440:fixme:wbemprox:client_security_SetBlanket 00006FFFFAA54030, 00007F05854F8CC0, 10, 0, (null), 3, 3, 0000000000000000, 0
0440:fixme:wbemprox:client_security_Release 00006FFFFAA54030
0444:fixme:ole:CoInitializeSecurity 0000000000000000, -1, 0000000000000000, 0000000000000000, 0, 3, 0000000000000000, 0, 0000000000000000 stub
0444:fixme:wbemprox:client_security_SetBlanket 00006FFFFAA54030, 00007F05B002D550, 10, 0, (null), 3, 3, 0000000000000000, 0
0444:fixme:wbemprox:client_security_Release 00006FFFFAA54030
043c:fixme:wbemprox:get_system_propval returning empty array for __DERIVATION
0440:fixme:wbemprox:get_system_propval returning empty array for __DERIVATION
0444:fixme:wbemprox:get_system_propval returning empty array for __DERIVATION
044c:fixme:ole:CoInitializeSecurity 0000000000000000, -1, 0000000000000000, 0000000000000000, 0, 3, 0000000000000000, 0, 0000000000000000 stub
0448:fixme:ole:CoInitializeSecurity 0000000000000000, -1, 0000000000000000, 0000000000000000, 0, 3, 0000000000000000, 0, 0000000000000000 stub
044c:fixme:wbemprox:client_security_SetBlanket 00006FFFFAA54030, 00007F05B0329220, 10, 0, (null), 3, 3, 0000000000000000, 0
044c:fixme:wbemprox:client_security_Release 00006FFFFAA54030
0448:fixme:wbemprox:client_security_SetBlanket 00006FFFFAA54030, 00007F05851FB5D0, 10, 0, (null), 3, 3, 0000000000000000, 0
0448:fixme:wbemprox:client_security_Release 00006FFFFAA54030
044c:fixme:wbemprox:get_system_propval returning empty array for __DERIVATION
037c:fixme:file:server_get_file_info Unsupported info class e
0448:fixme:wbemprox:get_system_propval returning empty array for __DERIVATION
0370:fixme:file:server_get_file_info Unsupported info class e
0364:fixme:file:server_get_file_info Unsupported info class e
0460:fixme:ole:CoInitializeSecurity 0000000000000000, -1, 0000000000000000, 0000000000000000, 0, 3, 0000000000000000, 0, 0000000000000000 stub
0460:fixme:wbemprox:client_security_SetBlanket 00006FFFFAA54030, 00007F05851FB5D0, 10, 0, (null), 3, 3, 0000000000000000, 0
0460:fixme:wbemprox:client_security_Release 00006FFFFAA54030
0484:fixme:ole:CoInitializeSecurity 0000000000000000, -1, 0000000000000000, 0000000000000000, 0, 3, 0000000000000000, 0, 0000000000000000 stub
0460:fixme:wbemprox:get_system_propval returning empty array for __DERIVATION
0484:fixme:wbemprox:client_security_SetBlanket 00006FFFFAA54030, 00007F0585E69570, 10, 0, (null), 3, 3, 0000000000000000, 0
0484:fixme:wbemprox:client_security_Release 00006FFFFAA54030
0484:fixme:wbemprox:get_system_propval returning empty array for __DERIVATION
0488:fixme:ole:CoInitializeSecurity 0000000000000000, -1, 0000000000000000, 0000000000000000, 0, 3, 0000000000000000, 0, 0000000000000000 stub
0490:fixme:ole:CoInitializeSecurity 0000000000000000, -1, 0000000000000000, 0000000000000000, 0, 3, 0000000000000000, 0, 0000000000000000 stub
048c:fixme:ole:CoInitializeSecurity 0000000000000000, -1, 0000000000000000, 0000000000000000, 0, 3, 0000000000000000, 0, 0000000000000000 stub
0494:fixme:ole:CoInitializeSecurity 0000000000000000, -1, 0000000000000000, 0000000000000000, 0, 3, 0000000000000000, 0, 0000000000000000 stub
048c:fixme:wbemprox:client_security_SetBlanket 00006FFFFAA54030, 00007F0586A4A2B0, 10, 0, (null), 3, 3, 0000000000000000, 0
0490:fixme:wbemprox:client_security_SetBlanket 00006FFFFAA54030, 00007F0585EE1A20, 10, 0, (null), 3, 3, 0000000000000000, 0
0490:fixme:wbemprox:client_security_Release 00006FFFFAA54030
048c:fixme:wbemprox:client_security_Release 00006FFFFAA54030
0488:fixme:wbemprox:client_security_SetBlanket 00006FFFFAA54030, 00007F05B01C4120, 10, 0, (null), 3, 3, 0000000000000000, 0
0488:fixme:wbemprox:client_security_Release 00006FFFFAA54030
0494:fixme:wbemprox:client_security_SetBlanket 00006FFFFAA54030, 00007F0586ABBF70, 10, 0, (null), 3, 3, 0000000000000000, 0
0494:fixme:wbemprox:client_security_Release 00006FFFFAA54030
0490:fixme:wbemprox:get_system_propval returning empty array for __DERIVATION
0494:fixme:wbemprox:get_system_propval returning empty array for __DERIVATION
0488:fixme:wbemprox:get_system_propval returning empty array for __DERIVATION
048c:fixme:wbemprox:get_system_propval returning empty array for __DERIVATION
0364:fixme:file:server_get_file_info Unsupported info class e
0380:fixme:file:server_get_file_info Unsupported info class e
0364:fixme:file:server_get_file_info Unsupported info class e
0380:fixme:file:server_get_file_info Unsupported info class e
0364:fixme:file:server_get_file_info Unsupported info class e
0380:fixme:file:server_get_file_info Unsupported info class e
0368:fixme:file:server_get_file_info Unsupported info class e
0368:fixme:file:server_get_file_info Unsupported info class e
0368:fixme:file:server_get_file_info Unsupported info class e
0374:fixme:file:server_get_file_info Unsupported info class e
0374:fixme:file:server_get_file_info Unsupported info class e
0378:fixme:file:server_get_file_info Unsupported info class e
036c:fixme:file:server_get_file_info Unsupported info class e
0378:fixme:file:server_get_file_info Unsupported info class e
0370:fixme:file:server_get_file_info Unsupported info class e
0374:fixme:file:server_get_file_info Unsupported info class e
037c:fixme:file:server_get_file_info Unsupported info class e
035c:fixme:file:server_get_file_info Unsupported info class e
0360:fixme:file:server_get_file_info Unsupported info class e
036c:fixme:file:server_get_file_info Unsupported info class e
0384:fixme:file:server_get_file_info Unsupported info class e
0360:fixme:file:server_get_file_info Unsupported info class e
0378:fixme:file:server_get_file_info Unsupported info class e
0370:fixme:file:server_get_file_info Unsupported info class e
035c:fixme:file:server_get_file_info Unsupported info class e
0384:fixme:file:server_get_file_info Unsupported info class e
0360:fixme:file:server_get_file_info Unsupported info class e
0388:fixme:file:server_get_file_info Unsupported info class e
037c:fixme:file:server_get_file_info Unsupported info class e
0370:fixme:file:server_get_file_info Unsupported info class e
035c:fixme:file:server_get_file_info Unsupported info class e
037c:fixme:file:server_get_file_info Unsupported info class e
0388:fixme:file:server_get_file_info Unsupported info class e
0384:fixme:file:server_get_file_info Unsupported info class e
0388:fixme:file:server_get_file_info Unsupported info class e
036c:fixme:file:server_get_file_info Unsupported info class e
0508:fixme:file:server_get_file_info Unsupported info class e
0524:fixme:file:server_get_file_info Unsupported info class e
0530:fixme:file:server_get_file_info Unsupported info class e
0538:fixme:file:server_get_file_info Unsupported info class e
0534:fixme:file:server_get_file_info Unsupported info class e
053c:fixme:file:server_get_file_info Unsupported info class e
0540:fixme:file:server_get_file_info Unsupported info class e
0544:fixme:file:server_get_file_info Unsupported info class e
0564:fixme:file:server_get_file_info Unsupported info class e
054c:fixme:file:server_get_file_info Unsupported info class e
055c:fixme:file:server_get_file_info Unsupported info class e
056c:fixme:file:server_get_file_info Unsupported info class e
0574:fixme:file:server_get_file_info Unsupported info class e
0578:fixme:file:server_get_file_info Unsupported info class e
0580:fixme:file:server_get_file_info Unsupported info class e
0588:fixme:file:server_get_file_info Unsupported info class e
05a8:fixme:file:server_get_file_info Unsupported info class e
05ac:fixme:file:server_get_file_info Unsupported info class e
05b4:fixme:file:server_get_file_info Unsupported info class e
05b8:fixme:file:server_get_file_info Unsupported info class e
05bc:fixme:file:server_get_file_info Unsupported info class e
05c0:fixme:file:server_get_file_info Unsupported info class e
0604:fixme:file:server_get_file_info Unsupported info class e
060c:fixme:file:server_get_file_info Unsupported info class e
0364:fixme:file:server_get_file_info Unsupported info class e
0364:fixme:file:server_get_file_info Unsupported info class e
0364:fixme:file:server_get_file_info Unsupported info class e
0380:fixme:file:server_get_file_info Unsupported info class e
0380:fixme:file:server_get_file_info Unsupported info class e
0380:fixme:file:server_get_file_info Unsupported info class e
0360:fixme:file:server_get_file_info Unsupported info class e
0360:fixme:file:server_get_file_info Unsupported info class e
0360:fixme:file:server_get_file_info Unsupported info class e
0368:fixme:file:server_get_file_info Unsupported info class e
0368:fixme:file:server_get_file_info Unsupported info class e
0368:fixme:file:server_get_file_info Unsupported info class e
019c:fixme:file:server_get_file_info Unsupported info class e
01a0:fixme:file:server_get_file_info Unsupported info class e
0190:fixme:file:server_get_file_info Unsupported info class e
0198:fixme:file:server_get_file_info Unsupported info class e
0378:fixme:file:server_get_file_info Unsupported info class e
0378:fixme:file:server_get_file_info Unsupported info class e
0378:fixme:file:server_get_file_info Unsupported info class e
0384:fixme:file:server_get_file_info Unsupported info class e
0384:fixme:file:server_get_file_info Unsupported info class e
0384:fixme:file:server_get_file_info Unsupported info class e
0374:fixme:file:server_get_file_info Unsupported info class e
0374:fixme:file:server_get_file_info Unsupported info class e
0374:fixme:file:server_get_file_info Unsupported info class e
01a8:fixme:file:server_get_file_info Unsupported info class e
01c8:fixme:file:server_get_file_info Unsupported info class e
01ec:fixme:file:server_get_file_info Unsupported info class e
01e8:fixme:file:server_get_file_info Unsupported info class e
035c:fixme:file:server_get_file_info Unsupported info class e
035c:fixme:file:server_get_file_info Unsupported info class e
035c:fixme:file:server_get_file_info Unsupported info class e
0370:fixme:file:server_get_file_info Unsupported info class e
0370:fixme:file:server_get_file_info Unsupported info class e
0370:fixme:file:server_get_file_info Unsupported info class e
0388:fixme:file:server_get_file_info Unsupported info class e
0388:fixme:file:server_get_file_info Unsupported info class e
0388:fixme:file:server_get_file_info Unsupported info class e
036c:fixme:file:server_get_file_info Unsupported info class e
0224:fixme:file:server_get_file_info Unsupported info class e
036c:fixme:file:server_get_file_info Unsupported info class e
036c:fixme:file:server_get_file_info Unsupported info class e
0294:fixme:file:server_get_file_info Unsupported info class e
02a8:fixme:file:server_get_file_info Unsupported info class e
02a4:fixme:file:server_get_file_info Unsupported info class e
02b0:fixme:file:server_get_file_info Unsupported info class e
02ac:fixme:file:server_get_file_info Unsupported info class e
0280:fixme:file:server_get_file_info Unsupported info class e
02e8:fixme:file:server_get_file_info Unsupported info class e
037c:fixme:file:server_get_file_info Unsupported info class e
037c:fixme:file:server_get_file_info Unsupported info class e
037c:fixme:file:server_get_file_info Unsupported info class e
0314:fixme:file:server_get_file_info Unsupported info class e
0300:fixme:file:server_get_file_info Unsupported info class e
0324:fixme:file:server_get_file_info Unsupported info class e
032c:fixme:file:server_get_file_info Unsupported info class e
0380:fixme:file:server_get_file_info Unsupported info class e
0380:fixme:file:server_get_file_info Unsupported info class e
0380:fixme:file:server_get_file_info Unsupported info class e
034c:fixme:file:server_get_file_info Unsupported info class e
03bc:fixme:file:server_get_file_info Unsupported info class e
0418:fixme:file:server_get_file_info Unsupported info class e
041c:fixme:file:server_get_file_info Unsupported info class e
0364:fixme:file:server_get_file_info Unsupported info class e
0364:fixme:file:server_get_file_info Unsupported info class e
0368:fixme:file:server_get_file_info Unsupported info class e
0364:fixme:file:server_get_file_info Unsupported info class e
0368:fixme:file:server_get_file_info Unsupported info class e
0368:fixme:file:server_get_file_info Unsupported info class e
0360:fixme:file:server_get_file_info Unsupported info class e
0360:fixme:file:server_get_file_info Unsupported info class e
0360:fixme:file:server_get_file_info Unsupported info class e
05dc:fixme:file:server_get_file_info Unsupported info class e
05e4:fixme:file:server_get_file_info Unsupported info class e
0378:fixme:file:server_get_file_info Unsupported info class e
0378:fixme:file:server_get_file_info Unsupported info class e
0378:fixme:file:server_get_file_info Unsupported info class e
04dc:fixme:file:server_get_file_info Unsupported info class e
0714:fixme:file:server_get_file_info Unsupported info class e
0748:fixme:file:server_get_file_info Unsupported info class e
06f0:fixme:file:server_get_file_info Unsupported info class e
0384:fixme:file:server_get_file_info Unsupported info class e
0384:fixme:file:server_get_file_info Unsupported info class e
0384:fixme:file:server_get_file_info Unsupported info class e
0374:fixme:file:server_get_file_info Unsupported info class e
0374:fixme:file:server_get_file_info Unsupported info class e
0374:fixme:file:server_get_file_info Unsupported info class e
0780:fixme:file:server_get_file_info Unsupported info class e
072c:fixme:file:server_get_file_info Unsupported info class e
0788:fixme:file:server_get_file_info Unsupported info class e
078c:fixme:file:server_get_file_info Unsupported info class e
0370:fixme:file:server_get_file_info Unsupported info class e
0370:fixme:file:server_get_file_info Unsupported info class e
0370:fixme:file:server_get_file_info Unsupported info class e
036c:fixme:file:server_get_file_info Unsupported info class e
036c:fixme:file:server_get_file_info Unsupported info class e
036c:fixme:file:server_get_file_info Unsupported info class e
07b8:fixme:file:server_get_file_info Unsupported info class e
06c8:fixme:file:server_get_file_info Unsupported info class e
0124:fixme:file:server_get_file_info Unsupported info class e
06bc:fixme:file:server_get_file_info Unsupported info class e
0388:fixme:file:server_get_file_info Unsupported info class e
0388:fixme:file:server_get_file_info Unsupported info class e
0388:fixme:file:server_get_file_info Unsupported info class e
035c:fixme:file:server_get_file_info Unsupported info class e
035c:fixme:file:server_get_file_info Unsupported info class e
035c:fixme:file:server_get_file_info Unsupported info class e
037c:fixme:file:server_get_file_info Unsupported info class e
037c:fixme:file:server_get_file_info Unsupported info class e
037c:fixme:file:server_get_file_info Unsupported info class e
05a8:fixme:file:server_get_file_info Unsupported info class e
006c:fixme:file:server_get_file_info Unsupported info class e
00d8:fixme:file:server_get_file_info Unsupported info class e
0118:fixme:file:server_get_file_info Unsupported info class e
0380:fixme:file:server_get_file_info Unsupported info class e
0380:fixme:file:server_get_file_info Unsupported info class e
0380:fixme:file:server_get_file_info Unsupported info class e
00c8:fixme:file:server_get_file_info Unsupported info class e
0184:fixme:file:server_get_file_info Unsupported info class e
0368:fixme:file:server_get_file_info Unsupported info class e
0368:fixme:file:server_get_file_info Unsupported info class e
0368:fixme:file:server_get_file_info Unsupported info class e
0810:fixme:file:server_get_file_info Unsupported info class e
0814:fixme:file:server_get_file_info Unsupported info class e
0360:fixme:file:server_get_file_info Unsupported info class e
0360:fixme:file:server_get_file_info Unsupported info class e
0360:fixme:file:server_get_file_info Unsupported info class e
0364:fixme:file:server_get_file_info Unsupported info class e
0364:fixme:file:server_get_file_info Unsupported info class e
0364:fixme:file:server_get_file_info Unsupported info class e
012c:fixme:file:server_get_file_info Unsupported info class e
0024:fixme:file:server_get_file_info Unsupported info class e
01e4:fixme:file:server_get_file_info Unsupported info class e
0214:fixme:file:server_get_file_info Unsupported info class e
0378:fixme:file:server_get_file_info Unsupported info class e
0378:fixme:file:server_get_file_info Unsupported info class e
0378:fixme:file:server_get_file_info Unsupported info class e
0384:fixme:file:server_get_file_info Unsupported info class e
0384:fixme:file:server_get_file_info Unsupported info class e
0384:fixme:file:server_get_file_info Unsupported info class e
0250:fixme:file:server_get_file_info Unsupported info class e
0228:fixme:file:server_get_file_info Unsupported info class e
0338:fixme:file:server_get_file_info Unsupported info class e
029c:fixme:file:server_get_file_info Unsupported info class e
0284:fixme:file:server_get_file_info Unsupported info class e
0304:fixme:file:server_get_file_info Unsupported info class e
0374:fixme:file:server_get_file_info Unsupported info class e
0374:fixme:file:server_get_file_info Unsupported info class e
0374:fixme:file:server_get_file_info Unsupported info class e
02bc:fixme:file:server_get_file_info Unsupported info class e
0168:fixme:file:server_get_file_info Unsupported info class e
0370:fixme:file:server_get_file_info Unsupported info class e
0370:fixme:file:server_get_file_info Unsupported info class e
0370:fixme:file:server_get_file_info Unsupported info class e
044c:fixme:file:server_get_file_info Unsupported info class e
0448:fixme:file:server_get_file_info Unsupported info class e
036c:fixme:file:server_get_file_info Unsupported info class e
036c:fixme:file:server_get_file_info Unsupported info class e
036c:fixme:file:server_get_file_info Unsupported info class e
0388:fixme:file:server_get_file_info Unsupported info class e
03d8:fixme:file:server_get_file_info Unsupported info class e
0404:fixme:file:server_get_file_info Unsupported info class e
0388:fixme:file:server_get_file_info Unsupported info class e
035c:fixme:file:server_get_file_info Unsupported info class e
035c:fixme:file:server_get_file_info Unsupported info class e
0388:fixme:file:server_get_file_info Unsupported info class e
035c:fixme:file:server_get_file_info Unsupported info class e
04c0:fixme:file:server_get_file_info Unsupported info class e
0464:fixme:file:server_get_file_info Unsupported info class e
0380:fixme:file:server_get_file_info Unsupported info class e
0380:fixme:file:server_get_file_info Unsupported info class e
0380:fixme:file:server_get_file_info Unsupported info class e
037c:fixme:file:server_get_file_info Unsupported info class e
[staging] Audio: 53/3388 completed
037c:fixme:file:server_get_file_info Unsupported info class e
037c:fixme:file:server_get_file_info Unsupported info class e
0670:fixme:file:server_get_file_info Unsupported info class e
0300:fixme:file:server_get_file_info Unsupported info class e
0628:fixme:file:server_get_file_info Unsupported info class e
05cc:fixme:file:server_get_file_info Unsupported info class e
0718:fixme:file:server_get_file_info Unsupported info class e
0364:fixme:file:server_get_file_info Unsupported info class e
0364:fixme:file:server_get_file_info Unsupported info class e
0720:fixme:file:server_get_file_info Unsupported info class e
0364:fixme:file:server_get_file_info Unsupported info class e
0360:fixme:file:server_get_file_info Unsupported info class e
0360:fixme:file:server_get_file_info Unsupported info class e
0360:fixme:file:server_get_file_info Unsupported info class e
0368:fixme:file:server_get_file_info Unsupported info class e
0368:fixme:file:server_get_file_info Unsupported info class e
0368:fixme:file:server_get_file_info Unsupported info class e
0794:fixme:file:server_get_file_info Unsupported info class e
079c:fixme:file:server_get_file_info Unsupported info class e
0738:fixme:file:server_get_file_info Unsupported info class e
0378:fixme:file:server_get_file_info Unsupported info class e
0658:fixme:file:server_get_file_info Unsupported info class e
0378:fixme:file:server_get_file_info Unsupported info class e
0378:fixme:file:server_get_file_info Unsupported info class e
07c4:fixme:file:server_get_file_info Unsupported info class e
07bc:fixme:file:server_get_file_info Unsupported info class e
0384:fixme:file:server_get_file_info Unsupported info class e
0384:fixme:file:server_get_file_info Unsupported info class e
0384:fixme:file:server_get_file_info Unsupported info class e
07e8:fixme:file:server_get_file_info Unsupported info class e
05e4:fixme:file:server_get_file_info Unsupported info class e
0374:fixme:file:server_get_file_info Unsupported info class e
06b8:fixme:file:server_get_file_info Unsupported info class e
0374:fixme:file:server_get_file_info Unsupported info class e
06a0:fixme:file:server_get_file_info Unsupported info class e
0374:fixme:file:server_get_file_info Unsupported info class e
07ec:fixme:file:server_get_file_info Unsupported info class e
07a0:fixme:file:server_get_file_info Unsupported info class e
0370:fixme:file:server_get_file_info Unsupported info class e
0370:fixme:file:server_get_file_info Unsupported info class e
0370:fixme:file:server_get_file_info Unsupported info class e
0388:fixme:file:server_get_file_info Unsupported info class e
0388:fixme:file:server_get_file_info Unsupported info class e
0388:fixme:file:server_get_file_info Unsupported info class e
036c:fixme:file:server_get_file_info Unsupported info class e
0170:fixme:file:server_get_file_info Unsupported info class e
036c:fixme:file:server_get_file_info Unsupported info class e
0808:fixme:file:server_get_file_info Unsupported info class e
036c:fixme:file:server_get_file_info Unsupported info class e
0144:fixme:file:server_get_file_info Unsupported info class e
0724:fixme:file:server_get_file_info Unsupported info class e
0380:fixme:file:server_get_file_info Unsupported info class e
0380:fixme:file:server_get_file_info Unsupported info class e
0380:fixme:file:server_get_file_info Unsupported info class e
035c:fixme:file:server_get_file_info Unsupported info class e
035c:fixme:file:server_get_file_info Unsupported info class e
035c:fixme:file:server_get_file_info Unsupported info class e
037c:fixme:file:server_get_file_info Unsupported info class e
037c:fixme:file:server_get_file_info Unsupported info class e
05a8:fixme:file:server_get_file_info Unsupported info class e
037c:fixme:file:server_get_file_info Unsupported info class e
0298:fixme:file:server_get_file_info Unsupported info class e
07c0:fixme:file:server_get_file_info Unsupported info class e
01a0:fixme:file:server_get_file_info Unsupported info class e
027c:fixme:file:server_get_file_info Unsupported info class e
02d8:fixme:file:server_get_file_info Unsupported info class e
0364:fixme:file:server_get_file_info Unsupported info class e
0364:fixme:file:server_get_file_info Unsupported info class e
0364:fixme:file:server_get_file_info Unsupported info class e
0740:fixme:file:server_get_file_info Unsupported info class e
0320:fixme:file:server_get_file_info Unsupported info class e
0198:fixme:file:server_get_file_info Unsupported info class e
0310:fixme:file:server_get_file_info Unsupported info class e
0378:fixme:file:server_get_file_info Unsupported info class e
0378:fixme:file:server_get_file_info Unsupported info class e
0368:fixme:file:server_get_file_info Unsupported info class e
0378:fixme:file:server_get_file_info Unsupported info class e
0368:fixme:file:server_get_file_info Unsupported info class e
03fc:fixme:file:server_get_file_info Unsupported info class e
0368:fixme:file:server_get_file_info Unsupported info class e
03f4:fixme:file:server_get_file_info Unsupported info class e
0360:fixme:file:server_get_file_info Unsupported info class e
0360:fixme:file:server_get_file_info Unsupported info class e
0360:fixme:file:server_get_file_info Unsupported info class e
0330:fixme:file:server_get_file_info Unsupported info class e
03b8:fixme:file:server_get_file_info Unsupported info class e
0384:fixme:file:server_get_file_info Unsupported info class e
0374:fixme:file:server_get_file_info Unsupported info class e
0384:fixme:file:server_get_file_info Unsupported info class e
0374:fixme:file:server_get_file_info Unsupported info class e
0384:fixme:file:server_get_file_info Unsupported info class e
0374:fixme:file:server_get_file_info Unsupported info class e
0620:fixme:file:server_get_file_info Unsupported info class e
062c:fixme:file:server_get_file_info Unsupported info class e
0634:fixme:file:server_get_file_info Unsupported info class e
061c:fixme:file:server_get_file_info Unsupported info class e
0818:fixme:file:server_get_file_info Unsupported info class e
051c:fixme:file:server_get_file_info Unsupported info class e
05f0:fixme:file:server_get_file_info Unsupported info class e
0534:fixme:file:server_get_file_info Unsupported info class e
0370:fixme:file:server_get_file_info Unsupported info class e
0370:fixme:file:server_get_file_info Unsupported info class e
0370:fixme:file:server_get_file_info Unsupported info class e
036c:fixme:file:server_get_file_info Unsupported info class e
036c:fixme:file:server_get_file_info Unsupported info class e
036c:fixme:file:server_get_file_info Unsupported info class e
05c8:fixme:file:server_get_file_info Unsupported info class e
05fc:fixme:file:server_get_file_info Unsupported info class e
0388:fixme:file:server_get_file_info Unsupported info class e
0388:fixme:file:server_get_file_info Unsupported info class e
0388:fixme:file:server_get_file_info Unsupported info class e
0380:fixme:file:server_get_file_info Unsupported info class e
0380:fixme:file:server_get_file_info Unsupported info class e
0380:fixme:file:server_get_file_info Unsupported info class e
0704:fixme:file:server_get_file_info Unsupported info class e
0324:fixme:file:server_get_file_info Unsupported info class e
07d4:fixme:file:server_get_file_info Unsupported info class e
0660:fixme:file:server_get_file_info Unsupported info class e
06b0:fixme:file:server_get_file_info Unsupported info class e
06a8:fixme:file:server_get_file_info Unsupported info class e
0360:fixme:file:server_get_file_info Unsupported info class e
037c:fixme:file:server_get_file_info Unsupported info class e
0360:fixme:file:server_get_file_info Unsupported info class e
037c:fixme:file:server_get_file_info Unsupported info class e
037c:fixme:file:server_get_file_info Unsupported info class e
0360:fixme:file:server_get_file_info Unsupported info class e
0694:fixme:file:server_get_file_info Unsupported info class e
0300:fixme:file:server_get_file_info Unsupported info class e
0378:fixme:file:server_get_file_info Unsupported info class e
0378:fixme:file:server_get_file_info Unsupported info class e
0368:fixme:file:server_get_file_info Unsupported info class e
0378:fixme:file:server_get_file_info Unsupported info class e
0368:fixme:file:server_get_file_info Unsupported info class e
0368:fixme:file:server_get_file_info Unsupported info class e
035c:fixme:file:server_get_file_info Unsupported info class e
00e4:fixme:file:server_get_file_info Unsupported info class e
035c:fixme:file:server_get_file_info Unsupported info class e
0490:fixme:file:server_get_file_info Unsupported info class e
035c:fixme:file:server_get_file_info Unsupported info class e
0364:fixme:file:server_get_file_info Unsupported info class e
0364:fixme:file:server_get_file_info Unsupported info class e
0364:fixme:file:server_get_file_info Unsupported info class e
047c:fixme:file:server_get_file_info Unsupported info class e
01d0:fixme:file:server_get_file_info Unsupported info class e
011c:fixme:file:server_get_file_info Unsupported info class e
0128:fixme:file:server_get_file_info Unsupported info class e
06c8:fixme:file:server_get_file_info Unsupported info class e
0124:fixme:file:server_get_file_info Unsupported info class e
0514:fixme:file:server_get_file_info Unsupported info class e
01fc:fixme:file:server_get_file_info Unsupported info class e
02d4:fixme:file:server_get_file_info Unsupported info class e
0194:fixme:file:server_get_file_info Unsupported info class e
0370:fixme:file:server_get_file_info Unsupported info class e
0370:fixme:file:server_get_file_info Unsupported info class e
0370:fixme:file:server_get_file_info Unsupported info class e
036c:fixme:file:server_get_file_info Unsupported info class e
036c:fixme:file:server_get_file_info Unsupported info class e
036c:fixme:file:server_get_file_info Unsupported info class e
0388:fixme:file:server_get_file_info Unsupported info class e
0388:fixme:file:server_get_file_info Unsupported info class e
0388:fixme:file:server_get_file_info Unsupported info class e
035c:fixme:file:server_get_file_info Unsupported info class e
035c:fixme:file:server_get_file_info Unsupported info class e
035c:fixme:file:server_get_file_info Unsupported info class e
0384:fixme:file:server_get_file_info Unsupported info class e
0384:fixme:file:server_get_file_info Unsupported info class e
0384:fixme:file:server_get_file_info Unsupported info class e
0364:fixme:file:server_get_file_info Unsupported info class e
0364:fixme:file:server_get_file_info Unsupported info class e
0364:fixme:file:server_get_file_info Unsupported info class e
0360:fixme:file:server_get_file_info Unsupported info class e
0360:fixme:file:server_get_file_info Unsupported info class e
0360:fixme:file:server_get_file_info Unsupported info class e
0540:fixme:file:server_get_file_info Unsupported info class e
055c:fixme:file:server_get_file_info Unsupported info class e
04a8:fixme:file:server_get_file_info Unsupported info class e
037c:fixme:file:server_get_file_info Unsupported info class e
0424:fixme:file:server_get_file_info Unsupported info class e
037c:fixme:file:server_get_file_info Unsupported info class e
0558:fixme:file:server_get_file_info Unsupported info class e
0568:fixme:file:server_get_file_info Unsupported info class e
0380:fixme:file:server_get_file_info Unsupported info class e
037c:fixme:file:server_get_file_info Unsupported info class e
0380:fixme:file:server_get_file_info Unsupported info class e
0380:fixme:file:server_get_file_info Unsupported info class e
05b0:fixme:file:server_get_file_info Unsupported info class e
0528:fixme:file:server_get_file_info Unsupported info class e
04cc:fixme:file:server_get_file_info Unsupported info class e
0564:fixme:file:server_get_file_info Unsupported info class e
0484:fixme:file:server_get_file_info Unsupported info class e
0184:fixme:file:server_get_file_info Unsupported info class e
0368:fixme:file:server_get_file_info Unsupported info class e
0374:fixme:file:server_get_file_info Unsupported info class e
0368:fixme:file:server_get_file_info Unsupported info class e
0378:fixme:file:server_get_file_info Unsupported info class e
0374:fixme:file:server_get_file_info Unsupported info class e
0368:fixme:file:server_get_file_info Unsupported info class e
0378:fixme:file:server_get_file_info Unsupported info class e
0374:fixme:file:server_get_file_info Unsupported info class e
0378:fixme:file:server_get_file_info Unsupported info class e
0208:fixme:file:server_get_file_info Unsupported info class e
0228:fixme:file:server_get_file_info Unsupported info class e
0284:fixme:file:server_get_file_info Unsupported info class e
0304:fixme:file:server_get_file_info Unsupported info class e
029c:fixme:file:server_get_file_info Unsupported info class e
0338:fixme:file:server_get_file_info Unsupported info class e
02ac:fixme:file:server_get_file_info Unsupported info class e
0668:fixme:file:server_get_file_info Unsupported info class e
0370:fixme:file:server_get_file_info Unsupported info class e
0370:fixme:file:server_get_file_info Unsupported info class e
0370:fixme:file:server_get_file_info Unsupported info class e
036c:fixme:file:server_get_file_info Unsupported info class e
036c:fixme:file:server_get_file_info Unsupported info class e
036c:fixme:file:server_get_file_info Unsupported info class e
02a0:fixme:file:server_get_file_info Unsupported info class e
0220:fixme:file:server_get_file_info Unsupported info class e
044c:fixme:file:server_get_file_info Unsupported info class e
02e8:fixme:file:server_get_file_info Unsupported info class e
0388:fixme:file:server_get_file_info Unsupported info class e
0388:fixme:file:server_get_file_info Unsupported info class e
0388:fixme:file:server_get_file_info Unsupported info class e
07dc:fixme:file:server_get_file_info Unsupported info class e
0680:fixme:file:server_get_file_info Unsupported info class e
0460:fixme:file:server_get_file_info Unsupported info class e
07d8:fixme:file:server_get_file_info Unsupported info class e
0364:fixme:file:server_get_file_info Unsupported info class e
0364:fixme:file:server_get_file_info Unsupported info class e
0364:fixme:file:server_get_file_info Unsupported info class e
035c:fixme:file:server_get_file_info Unsupported info class e
035c:fixme:file:server_get_file_info Unsupported info class e
035c:fixme:file:server_get_file_info Unsupported info class e
0384:fixme:file:server_get_file_info Unsupported info class e
0384:fixme:file:server_get_file_info Unsupported info class e
0384:fixme:file:server_get_file_info Unsupported info class e
05dc:fixme:file:server_get_file_info Unsupported info class e
021c:fixme:file:server_get_file_info Unsupported info class e
04dc:fixme:file:server_get_file_info Unsupported info class e
04f0:fixme:file:server_get_file_info Unsupported info class e
0360:fixme:file:server_get_file_info Unsupported info class e
0360:fixme:file:server_get_file_info Unsupported info class e
0360:fixme:file:server_get_file_info Unsupported info class e
037c:fixme:file:server_get_file_info Unsupported info class e
037c:fixme:file:server_get_file_info Unsupported info class e
037c:fixme:file:server_get_file_info Unsupported info class e
06f4:fixme:file:server_get_file_info Unsupported info class e
0694:fixme:file:server_get_file_info Unsupported info class e
0300:fixme:file:server_get_file_info Unsupported info class e
0380:fixme:file:server_get_file_info Unsupported info class e
02b4:fixme:file:server_get_file_info Unsupported info class e
0380:fixme:file:server_get_file_info Unsupported info class e
0380:fixme:file:server_get_file_info Unsupported info class e
0368:fixme:file:server_get_file_info Unsupported info class e
0368:fixme:file:server_get_file_info Unsupported info class e
0368:fixme:file:server_get_file_info Unsupported info class e
0374:fixme:file:server_get_file_info Unsupported info class e
0374:fixme:file:server_get_file_info Unsupported info class e
0374:fixme:file:server_get_file_info Unsupported info class e
01ec:fixme:file:server_get_file_info Unsupported info class e
02e4:fixme:file:server_get_file_info Unsupported info class e
05e4:fixme:file:server_get_file_info Unsupported info class e
07e8:fixme:file:server_get_file_info Unsupported info class e
0378:fixme:file:server_get_file_info Unsupported info class e
0378:fixme:file:server_get_file_info Unsupported info class e
0378:fixme:file:server_get_file_info Unsupported info class e
05bc:fixme:file:server_get_file_info Unsupported info class e
0800:fixme:file:server_get_file_info Unsupported info class e
036c:fixme:file:server_get_file_info Unsupported info class e
036c:fixme:file:server_get_file_info Unsupported info class e
036c:fixme:file:server_get_file_info Unsupported info class e
0370:fixme:file:server_get_file_info Unsupported info class e
0370:fixme:file:server_get_file_info Unsupported info class e
0370:fixme:file:server_get_file_info Unsupported info class e
0770:fixme:file:server_get_file_info Unsupported info class e
0178:fixme:file:server_get_file_info Unsupported info class e
06b8:fixme:file:server_get_file_info Unsupported info class e
0194:fixme:file:server_get_file_info Unsupported info class e
0490:fixme:file:server_get_file_info Unsupported info class e
00e4:fixme:file:server_get_file_info Unsupported info class e
0388:fixme:file:server_get_file_info Unsupported info class e
0388:fixme:file:server_get_file_info Unsupported info class e
0410:fixme:file:server_get_file_info Unsupported info class e
0388:fixme:file:server_get_file_info Unsupported info class e
0548:fixme:file:server_get_file_info Unsupported info class e
03f0:fixme:file:server_get_file_info Unsupported info class e
016c:fixme:file:server_get_file_info Unsupported info class e
0364:fixme:file:server_get_file_info Unsupported info class e
0364:fixme:file:server_get_file_info Unsupported info class e
0364:fixme:file:server_get_file_info Unsupported info class e
035c:fixme:file:server_get_file_info Unsupported info class e
035c:fixme:file:server_get_file_info Unsupported info class e
035c:fixme:file:server_get_file_info Unsupported info class e
0384:fixme:file:server_get_file_info Unsupported info class e
0384:fixme:file:server_get_file_info Unsupported info class e
0384:fixme:file:server_get_file_info Unsupported info class e
0360:fixme:file:server_get_file_info Unsupported info class e
0360:fixme:file:server_get_file_info Unsupported info class e
0360:fixme:file:server_get_file_info Unsupported info class e
04c8:fixme:file:server_get_file_info Unsupported info class e
022c:fixme:file:server_get_file_info Unsupported info class e
01b0:fixme:file:server_get_file_info Unsupported info class e
0650:fixme:file:server_get_file_info Unsupported info class e
03fc:fixme:file:server_get_file_info Unsupported info class e
0764:fixme:file:server_get_file_info Unsupported info class e
0760:fixme:file:server_get_file_info Unsupported info class e
0280:fixme:file:server_get_file_info Unsupported info class e
0380:fixme:file:server_get_file_info Unsupported info class e
0380:fixme:file:server_get_file_info Unsupported info class e
0368:fixme:file:server_get_file_info Unsupported info class e
0380:fixme:file:server_get_file_info Unsupported info class e
0368:fixme:file:server_get_file_info Unsupported info class e
0368:fixme:file:server_get_file_info Unsupported info class e
037c:fixme:file:server_get_file_info Unsupported info class e
037c:fixme:file:server_get_file_info Unsupported info class e
037c:fixme:file:server_get_file_info Unsupported info class e
0768:fixme:file:server_get_file_info Unsupported info class e
032c:fixme:file:server_get_file_info Unsupported info class e
0378:fixme:file:server_get_file_info Unsupported info class e
0378:fixme:file:server_get_file_info Unsupported info class e
0378:fixme:file:server_get_file_info Unsupported info class e
036c:fixme:file:server_get_file_info Unsupported info class e
0374:fixme:file:server_get_file_info Unsupported info class e
036c:fixme:file:server_get_file_info Unsupported info class e
0374:fixme:file:server_get_file_info Unsupported info class e
036c:fixme:file:server_get_file_info Unsupported info class e
0374:fixme:file:server_get_file_info Unsupported info class e
0620:fixme:file:server_get_file_info Unsupported info class e
01ac:fixme:file:server_get_file_info Unsupported info class e
0050:fixme:file:server_get_file_info Unsupported info class e
039c:fixme:file:server_get_file_info Unsupported info class e
0228:fixme:file:server_get_file_info Unsupported info class e
074c:fixme:file:server_get_file_info Unsupported info class e
0370:fixme:file:server_get_file_info Unsupported info class e
0370:fixme:file:server_get_file_info Unsupported info class e
0370:fixme:file:server_get_file_info Unsupported info class e
0794:fixme:file:server_get_file_info Unsupported info class e
0738:fixme:file:server_get_file_info Unsupported info class e
05f4:fixme:file:server_get_file_info Unsupported info class e
014c:fixme:file:server_get_file_info Unsupported info class e
035c:fixme:file:server_get_file_info Unsupported info class e
035c:fixme:file:server_get_file_info Unsupported info class e
035c:fixme:file:server_get_file_info Unsupported info class e
0728:fixme:file:server_get_file_info Unsupported info class e
0448:fixme:file:server_get_file_info Unsupported info class e
0364:fixme:file:server_get_file_info Unsupported info class e
0364:fixme:file:server_get_file_info Unsupported info class e
0364:fixme:file:server_get_file_info Unsupported info class e
0388:fixme:file:server_get_file_info Unsupported info class e
0388:fixme:file:server_get_file_info Unsupported info class e
0388:fixme:file:server_get_file_info Unsupported info class e
0350:fixme:file:server_get_file_info Unsupported info class e
05b4:fixme:file:server_get_file_info Unsupported info class e
0360:fixme:file:server_get_file_info Unsupported info class e
0360:fixme:file:server_get_file_info Unsupported info class e
0360:fixme:file:server_get_file_info Unsupported info class e
0774:fixme:file:server_get_file_info Unsupported info class e
0428:fixme:file:server_get_file_info Unsupported info class e
07ac:fixme:file:server_get_file_info Unsupported info class e
07f4:fixme:file:server_get_file_info Unsupported info class e
037c:fixme:file:server_get_file_info Unsupported info class e
0384:fixme:file:server_get_file_info Unsupported info class e
037c:fixme:file:server_get_file_info Unsupported info class e
037c:fixme:file:server_get_file_info Unsupported info class e
0384:fixme:file:server_get_file_info Unsupported info class e
0384:fixme:file:server_get_file_info Unsupported info class e
03f8:fixme:file:server_get_file_info Unsupported info class e
0238:fixme:file:server_get_file_info Unsupported info class e
0368:fixme:file:server_get_file_info Unsupported info class e
0368:fixme:file:server_get_file_info Unsupported info class e
0368:fixme:file:server_get_file_info Unsupported info class e
06a0:fixme:file:server_get_file_info Unsupported info class e
0698:fixme:file:server_get_file_info Unsupported info class e
0380:fixme:file:server_get_file_info Unsupported info class e
0380:fixme:file:server_get_file_info Unsupported info class e
0380:fixme:file:server_get_file_info Unsupported info class e
01a8:fixme:file:server_get_file_info Unsupported info class e
0714:fixme:file:server_get_file_info Unsupported info class e
069c:fixme:file:server_get_file_info Unsupported info class e
0378:fixme:file:server_get_file_info Unsupported info class e
0378:fixme:file:server_get_file_info Unsupported info class e
0148:fixme:file:server_get_file_info Unsupported info class e
0378:fixme:file:server_get_file_info Unsupported info class e
036c:fixme:file:server_get_file_info Unsupported info class e
036c:fixme:file:server_get_file_info Unsupported info class e
036c:fixme:file:server_get_file_info Unsupported info class e
0648:fixme:file:server_get_file_info Unsupported info class e
0294:fixme:file:server_get_file_info Unsupported info class e
0558:fixme:file:server_get_file_info Unsupported info class e
047c:fixme:file:server_get_file_info Unsupported info class e
0374:fixme:file:server_get_file_info Unsupported info class e
0374:fixme:file:server_get_file_info Unsupported info class e
0370:fixme:file:server_get_file_info Unsupported info class e
0374:fixme:file:server_get_file_info Unsupported info class e
0370:fixme:file:server_get_file_info Unsupported info class e
0370:fixme:file:server_get_file_info Unsupported info class e
0224:fixme:file:server_get_file_info Unsupported info class e
0260:fixme:file:server_get_file_info Unsupported info class e
[staging] Audio: 161/3388 completed
05d0:fixme:file:server_get_file_info Unsupported info class e
02dc:fixme:file:server_get_file_info Unsupported info class e
0364:fixme:file:server_get_file_info Unsupported info class e
0364:fixme:file:server_get_file_info Unsupported info class e
0364:fixme:file:server_get_file_info Unsupported info class e
0388:fixme:file:server_get_file_info Unsupported info class e
0388:fixme:file:server_get_file_info Unsupported info class e
0388:fixme:file:server_get_file_info Unsupported info class e
0410:fixme:file:server_get_file_info Unsupported info class e
03a4:fixme:file:server_get_file_info Unsupported info class e
0790:fixme:file:server_get_file_info Unsupported info class e
02f0:fixme:file:server_get_file_info Unsupported info class e
035c:fixme:file:server_get_file_info Unsupported info class e
035c:fixme:file:server_get_file_info Unsupported info class e
035c:fixme:file:server_get_file_info Unsupported info class e
0360:fixme:file:server_get_file_info Unsupported info class e
0360:fixme:file:server_get_file_info Unsupported info class e
0360:fixme:file:server_get_file_info Unsupported info class e
051c:fixme:file:server_get_file_info Unsupported info class e
06ac:fixme:file:server_get_file_info Unsupported info class e
0368:fixme:file:server_get_file_info Unsupported info class e
0368:fixme:file:server_get_file_info Unsupported info class e
0368:fixme:file:server_get_file_info Unsupported info class e
0380:fixme:file:server_get_file_info Unsupported info class e
0380:fixme:file:server_get_file_info Unsupported info class e
0380:fixme:file:server_get_file_info Unsupported info class e
037c:fixme:file:server_get_file_info Unsupported info class e
037c:fixme:file:server_get_file_info Unsupported info class e
0020:fixme:file:server_get_file_info Unsupported info class e
037c:fixme:file:server_get_file_info Unsupported info class e
080c:fixme:file:server_get_file_info Unsupported info class e
04e0:fixme:file:server_get_file_info Unsupported info class e
0658:fixme:file:server_get_file_info Unsupported info class e
0120:fixme:file:server_get_file_info Unsupported info class e
015c:fixme:file:server_get_file_info Unsupported info class e
0384:fixme:file:server_get_file_info Unsupported info class e
0384:fixme:file:server_get_file_info Unsupported info class e
0384:fixme:file:server_get_file_info Unsupported info class e
0280:fixme:file:server_get_file_info Unsupported info class e
0768:fixme:file:server_get_file_info Unsupported info class e
05a4:fixme:file:server_get_file_info Unsupported info class e
0668:fixme:file:server_get_file_info Unsupported info class e
0378:fixme:file:server_get_file_info Unsupported info class e
0374:fixme:file:server_get_file_info Unsupported info class e
0374:fixme:file:server_get_file_info Unsupported info class e
0374:fixme:file:server_get_file_info Unsupported info class e
0378:fixme:file:server_get_file_info Unsupported info class e
0378:fixme:file:server_get_file_info Unsupported info class e
0314:fixme:file:server_get_file_info Unsupported info class e
0680:fixme:file:server_get_file_info Unsupported info class e
036c:fixme:file:server_get_file_info Unsupported info class e
036c:fixme:file:server_get_file_info Unsupported info class e
036c:fixme:file:server_get_file_info Unsupported info class e
033c:fixme:file:server_get_file_info Unsupported info class e
0264:fixme:file:server_get_file_info Unsupported info class e
0370:fixme:file:server_get_file_info Unsupported info class e
0370:fixme:file:server_get_file_info Unsupported info class e
0370:fixme:file:server_get_file_info Unsupported info class e
00d8:fixme:file:server_get_file_info Unsupported info class e
040c:fixme:file:server_get_file_info Unsupported info class e
0364:fixme:file:server_get_file_info Unsupported info class e
0364:fixme:file:server_get_file_info Unsupported info class e
0364:fixme:file:server_get_file_info Unsupported info class e
0124:fixme:file:server_get_file_info Unsupported info class e
06e0:fixme:file:server_get_file_info Unsupported info class e
03ec:fixme:file:server_get_file_info Unsupported info class e
06b4:fixme:file:server_get_file_info Unsupported info class e
035c:fixme:file:server_get_file_info Unsupported info class e
035c:fixme:file:server_get_file_info Unsupported info class e
035c:fixme:file:server_get_file_info Unsupported info class e
0388:fixme:file:server_get_file_info Unsupported info class e
0388:fixme:file:server_get_file_info Unsupported info class e
0388:fixme:file:server_get_file_info Unsupported info class e
05a0:fixme:file:server_get_file_info Unsupported info class e
031c:fixme:file:server_get_file_info Unsupported info class e
05f4:fixme:file:server_get_file_info Unsupported info class e
0158:fixme:file:server_get_file_info Unsupported info class e
037c:fixme:file:server_get_file_info Unsupported info class e
037c:fixme:file:server_get_file_info Unsupported info class e
037c:fixme:file:server_get_file_info Unsupported info class e
0380:fixme:file:server_get_file_info Unsupported info class e
0380:fixme:file:server_get_file_info Unsupported info class e
0380:fixme:file:server_get_file_info Unsupported info class e
0360:fixme:file:server_get_file_info Unsupported info class e
0360:fixme:file:server_get_file_info Unsupported info class e
0360:fixme:file:server_get_file_info Unsupported info class e
0758:fixme:file:server_get_file_info Unsupported info class e
0778:fixme:file:server_get_file_info Unsupported info class e
0310:fixme:file:server_get_file_info Unsupported info class e
06a0:fixme:file:server_get_file_info Unsupported info class e
0368:fixme:file:server_get_file_info Unsupported info class e
0368:fixme:file:server_get_file_info Unsupported info class e
0368:fixme:file:server_get_file_info Unsupported info class e
0468:fixme:file:server_get_file_info Unsupported info class e
04a4:fixme:file:server_get_file_info Unsupported info class e
0178:fixme:file:server_get_file_info Unsupported info class e
07e8:fixme:file:server_get_file_info Unsupported info class e
0378:fixme:file:server_get_file_info Unsupported info class e
0378:fixme:file:server_get_file_info Unsupported info class e
0374:fixme:file:server_get_file_info Unsupported info class e
0374:fixme:file:server_get_file_info Unsupported info class e
0374:fixme:file:server_get_file_info Unsupported info class e
0378:fixme:file:server_get_file_info Unsupported info class e
0384:fixme:file:server_get_file_info Unsupported info class e
0384:fixme:file:server_get_file_info Unsupported info class e
0384:fixme:file:server_get_file_info Unsupported info class e
0404:fixme:file:server_get_file_info Unsupported info class e
043c:fixme:file:server_get_file_info Unsupported info class e
07a0:fixme:file:server_get_file_info Unsupported info class e
0474:fixme:file:server_get_file_info Unsupported info class e
0370:fixme:file:server_get_file_info Unsupported info class e
0370:fixme:file:server_get_file_info Unsupported info class e
0370:fixme:file:server_get_file_info Unsupported info class e
036c:fixme:file:server_get_file_info Unsupported info class e
036c:fixme:file:server_get_file_info Unsupported info class e
036c:fixme:file:server_get_file_info Unsupported info class e
046c:fixme:file:server_get_file_info Unsupported info class e
061c:fixme:file:server_get_file_info Unsupported info class e
0364:fixme:file:server_get_file_info Unsupported info class e
0364:fixme:file:server_get_file_info Unsupported info class e
0364:fixme:file:server_get_file_info Unsupported info class e
0494:fixme:file:server_get_file_info Unsupported info class e
0190:fixme:file:server_get_file_info Unsupported info class e
0148:fixme:file:server_get_file_info Unsupported info class e
069c:fixme:file:server_get_file_info Unsupported info class e
0748:fixme:file:server_get_file_info Unsupported info class e
07c8:fixme:file:server_get_file_info Unsupported info class e
035c:fixme:file:server_get_file_info Unsupported info class e
035c:fixme:file:server_get_file_info Unsupported info class e
035c:fixme:file:server_get_file_info Unsupported info class e
063c:fixme:file:server_get_file_info Unsupported info class e
05d8:fixme:file:server_get_file_info Unsupported info class e
02dc:fixme:file:server_get_file_info Unsupported info class e
0534:fixme:file:server_get_file_info Unsupported info class e
0388:fixme:file:server_get_file_info Unsupported info class e
0388:fixme:file:server_get_file_info Unsupported info class e
0388:fixme:file:server_get_file_info Unsupported info class e
0380:fixme:file:server_get_file_info Unsupported info class e
0380:fixme:file:server_get_file_info Unsupported info class e
0380:fixme:file:server_get_file_info Unsupported info class e
037c:fixme:file:server_get_file_info Unsupported info class e
037c:fixme:file:server_get_file_info Unsupported info class e
037c:fixme:file:server_get_file_info Unsupported info class e
032c:fixme:file:server_get_file_info Unsupported info class e
0154:fixme:file:server_get_file_info Unsupported info class e
0360:fixme:file:server_get_file_info Unsupported info class e
0360:fixme:file:server_get_file_info Unsupported info class e
0360:fixme:file:server_get_file_info Unsupported info class e
074c:fixme:file:server_get_file_info Unsupported info class e
0050:fixme:file:server_get_file_info Unsupported info class e
0368:fixme:file:server_get_file_info Unsupported info class e
0368:fixme:file:server_get_file_info Unsupported info class e
01bc:fixme:file:server_get_file_info Unsupported info class e
0368:fixme:file:server_get_file_info Unsupported info class e
06d4:fixme:file:server_get_file_info Unsupported info class e
0734:fixme:file:server_get_file_info Unsupported info class e
0118:fixme:file:server_get_file_info Unsupported info class e
0374:fixme:file:server_get_file_info Unsupported info class e
036c:fixme:file:server_get_file_info Unsupported info class e
0374:fixme:file:server_get_file_info Unsupported info class e
036c:fixme:file:server_get_file_info Unsupported info class e
0374:fixme:file:server_get_file_info Unsupported info class e
036c:fixme:file:server_get_file_info Unsupported info class e
05c0:fixme:file:server_get_file_info Unsupported info class e
07f0:fixme:file:server_get_file_info Unsupported info class e
0370:fixme:file:server_get_file_info Unsupported info class e
0370:fixme:file:server_get_file_info Unsupported info class e
0370:fixme:file:server_get_file_info Unsupported info class e
0384:fixme:file:server_get_file_info Unsupported info class e
0384:fixme:file:server_get_file_info Unsupported info class e
0378:fixme:file:server_get_file_info Unsupported info class e
0378:fixme:file:server_get_file_info Unsupported info class e
0378:fixme:file:server_get_file_info Unsupported info class e
0384:fixme:file:server_get_file_info Unsupported info class e
0438:fixme:file:server_get_file_info Unsupported info class e
0298:fixme:file:server_get_file_info Unsupported info class e
01c8:fixme:file:server_get_file_info Unsupported info class e
07b0:fixme:file:server_get_file_info Unsupported info class e
0364:fixme:file:server_get_file_info Unsupported info class e
0364:fixme:file:server_get_file_info Unsupported info class e
0364:fixme:file:server_get_file_info Unsupported info class e
0174:fixme:file:server_get_file_info Unsupported info class e
07d8:fixme:file:server_get_file_info Unsupported info class e
0134:fixme:file:server_get_file_info Unsupported info class e
0608:fixme:file:server_get_file_info Unsupported info class e
035c:fixme:file:server_get_file_info Unsupported info class e
035c:fixme:file:server_get_file_info Unsupported info class e
035c:fixme:file:server_get_file_info Unsupported info class e
0380:fixme:file:server_get_file_info Unsupported info class e
0380:fixme:file:server_get_file_info Unsupported info class e
0380:fixme:file:server_get_file_info Unsupported info class e
0388:fixme:file:server_get_file_info Unsupported info class e
0388:fixme:file:server_get_file_info Unsupported info class e
0388:fixme:file:server_get_file_info Unsupported info class e
0428:fixme:file:server_get_file_info Unsupported info class e
02a8:fixme:file:server_get_file_info Unsupported info class e
04b4:fixme:file:server_get_file_info Unsupported info class e
0800:fixme:file:server_get_file_info Unsupported info class e
06f8:fixme:file:server_get_file_info Unsupported info class e
0594:fixme:file:server_get_file_info Unsupported info class e
037c:fixme:file:server_get_file_info Unsupported info class e
037c:fixme:file:server_get_file_info Unsupported info class e
037c:fixme:file:server_get_file_info Unsupported info class e
0024:fixme:file:server_get_file_info Unsupported info class e
0334:fixme:file:server_get_file_info Unsupported info class e
0068:fixme:file:server_get_file_info Unsupported info class e
0710:fixme:file:server_get_file_info Unsupported info class e
0360:fixme:file:server_get_file_info Unsupported info class e
0360:fixme:file:server_get_file_info Unsupported info class e
0360:fixme:file:server_get_file_info Unsupported info class e
0208:fixme:file:server_get_file_info Unsupported info class e
04cc:fixme:file:server_get_file_info Unsupported info class e
0368:fixme:file:server_get_file_info Unsupported info class e
0368:fixme:file:server_get_file_info Unsupported info class e
0368:fixme:file:server_get_file_info Unsupported info class e
0374:fixme:file:server_get_file_info Unsupported info class e
0374:fixme:file:server_get_file_info Unsupported info class e
0374:fixme:file:server_get_file_info Unsupported info class e
01d4:fixme:file:server_get_file_info Unsupported info class e
0320:fixme:file:server_get_file_info Unsupported info class e
036c:fixme:file:server_get_file_info Unsupported info class e
036c:fixme:file:server_get_file_info Unsupported info class e
036c:fixme:file:server_get_file_info Unsupported info class e
054c:fixme:file:server_get_file_info Unsupported info class e
0510:fixme:file:server_get_file_info Unsupported info class e
0284:fixme:file:server_get_file_info Unsupported info class e
0470:fixme:file:server_get_file_info Unsupported info class e
0378:fixme:file:server_get_file_info Unsupported info class e
0370:fixme:file:server_get_file_info Unsupported info class e
0378:fixme:file:server_get_file_info Unsupported info class e
0370:fixme:file:server_get_file_info Unsupported info class e
0370:fixme:file:server_get_file_info Unsupported info class e
0378:fixme:file:server_get_file_info Unsupported info class e
0188:fixme:file:server_get_file_info Unsupported info class e
06b8:fixme:file:server_get_file_info Unsupported info class e
0210:fixme:file:server_get_file_info Unsupported info class e
0140:fixme:file:server_get_file_info Unsupported info class e
0384:fixme:file:server_get_file_info Unsupported info class e
0384:fixme:file:server_get_file_info Unsupported info class e
0384:fixme:file:server_get_file_info Unsupported info class e
0364:fixme:file:server_get_file_info Unsupported info class e
0364:fixme:file:server_get_file_info Unsupported info class e
0364:fixme:file:server_get_file_info Unsupported info class e
0380:fixme:file:server_get_file_info Unsupported info class e
0440:fixme:file:server_get_file_info Unsupported info class e
0380:fixme:file:server_get_file_info Unsupported info class e
0380:fixme:file:server_get_file_info Unsupported info class e
0240:fixme:file:server_get_file_info Unsupported info class e
035c:fixme:file:server_get_file_info Unsupported info class e
035c:fixme:file:server_get_file_info Unsupported info class e
035c:fixme:file:server_get_file_info Unsupported info class e
07cc:fixme:file:server_get_file_info Unsupported info class e
039c:fixme:file:server_get_file_info Unsupported info class e
0388:fixme:file:server_get_file_info Unsupported info class e
0388:fixme:file:server_get_file_info Unsupported info class e
0388:fixme:file:server_get_file_info Unsupported info class e
01e8:fixme:file:server_get_file_info Unsupported info class e
07c8:fixme:file:server_get_file_info Unsupported info class e
077c:fixme:file:server_get_file_info Unsupported info class e
0464:fixme:file:server_get_file_info Unsupported info class e
06c8:fixme:file:server_get_file_info Unsupported info class e
01b4:fixme:file:server_get_file_info Unsupported info class e
037c:fixme:file:server_get_file_info Unsupported info class e
037c:fixme:file:server_get_file_info Unsupported info class e
037c:fixme:file:server_get_file_info Unsupported info class e
0368:fixme:file:server_get_file_info Unsupported info class e
0368:fixme:file:server_get_file_info Unsupported info class e
0368:fixme:file:server_get_file_info Unsupported info class e
0360:fixme:file:server_get_file_info Unsupported info class e
0360:fixme:file:server_get_file_info Unsupported info class e
0360:fixme:file:server_get_file_info Unsupported info class e
059c:fixme:file:server_get_file_info Unsupported info class e
0724:fixme:file:server_get_file_info Unsupported info class e
0688:fixme:file:server_get_file_info Unsupported info class e
0204:fixme:file:server_get_file_info Unsupported info class e
0374:fixme:file:server_get_file_info Unsupported info class e
0374:fixme:file:server_get_file_info Unsupported info class e
0374:fixme:file:server_get_file_info Unsupported info class e
036c:fixme:file:server_get_file_info Unsupported info class e
036c:fixme:file:server_get_file_info Unsupported info class e
06f4:fixme:file:server_get_file_info Unsupported info class e
036c:fixme:file:server_get_file_info Unsupported info class e
02f8:fixme:file:server_get_file_info Unsupported info class e
081c:fixme:file:server_get_file_info Unsupported info class e
055c:fixme:file:server_get_file_info Unsupported info class e
0370:fixme:file:server_get_file_info Unsupported info class e
0370:fixme:file:server_get_file_info Unsupported info class e
0370:fixme:file:server_get_file_info Unsupported info class e
07dc:fixme:file:server_get_file_info Unsupported info class e
06e0:fixme:file:server_get_file_info Unsupported info class e
0378:fixme:file:server_get_file_info Unsupported info class e
0378:fixme:file:server_get_file_info Unsupported info class e
0378:fixme:file:server_get_file_info Unsupported info class e
06e4:fixme:file:server_get_file_info Unsupported info class e
020c:fixme:file:server_get_file_info Unsupported info class e
002c:fixme:file:server_get_file_info Unsupported info class e
07f0:fixme:file:server_get_file_info Unsupported info class e
0384:fixme:file:server_get_file_info Unsupported info class e
0384:fixme:file:server_get_file_info Unsupported info class e
0384:fixme:file:server_get_file_info Unsupported info class e
0380:fixme:file:server_get_file_info Unsupported info class e
0380:fixme:file:server_get_file_info Unsupported info class e
0380:fixme:file:server_get_file_info Unsupported info class e
0364:fixme:file:server_get_file_info Unsupported info class e
0364:fixme:file:server_get_file_info Unsupported info class e
0194:fixme:file:server_get_file_info Unsupported info class e
0364:fixme:file:server_get_file_info Unsupported info class e
0648:fixme:file:server_get_file_info Unsupported info class e
035c:fixme:file:server_get_file_info Unsupported info class e
035c:fixme:file:server_get_file_info Unsupported info class e
035c:fixme:file:server_get_file_info Unsupported info class e
0358:fixme:file:server_get_file_info Unsupported info class e
0628:fixme:file:server_get_file_info Unsupported info class e
0134:fixme:file:server_get_file_info Unsupported info class e
02a4:fixme:file:server_get_file_info Unsupported info class e
07a8:fixme:file:server_get_file_info Unsupported info class e
0598:fixme:file:server_get_file_info Unsupported info class e
0388:fixme:file:server_get_file_info Unsupported info class e
0388:fixme:file:server_get_file_info Unsupported info class e
0388:fixme:file:server_get_file_info Unsupported info class e
037c:fixme:file:server_get_file_info Unsupported info class e
037c:fixme:file:server_get_file_info Unsupported info class e
037c:fixme:file:server_get_file_info Unsupported info class e
07e0:fixme:file:server_get_file_info Unsupported info class e
0740:fixme:file:server_get_file_info Unsupported info class e
0698:fixme:file:server_get_file_info Unsupported info class e
0224:fixme:file:server_get_file_info Unsupported info class e
0368:fixme:file:server_get_file_info Unsupported info class e
0368:fixme:file:server_get_file_info Unsupported info class e
0368:fixme:file:server_get_file_info Unsupported info class e
0670:fixme:file:server_get_file_info Unsupported info class e
0568:fixme:file:server_get_file_info Unsupported info class e
0360:fixme:file:server_get_file_info Unsupported info class e
0360:fixme:file:server_get_file_info Unsupported info class e
0374:fixme:file:server_get_file_info Unsupported info class e
0374:fixme:file:server_get_file_info Unsupported info class e
0360:fixme:file:server_get_file_info Unsupported info class e
0374:fixme:file:server_get_file_info Unsupported info class e
0614:fixme:file:server_get_file_info Unsupported info class e
0604:fixme:file:server_get_file_info Unsupported info class e
036c:fixme:file:server_get_file_info Unsupported info class e
036c:fixme:file:server_get_file_info Unsupported info class e
036c:fixme:file:server_get_file_info Unsupported info class e
0370:fixme:file:server_get_file_info Unsupported info class e
0370:fixme:file:server_get_file_info Unsupported info class e
0370:fixme:file:server_get_file_info Unsupported info class e
0690:fixme:file:server_get_file_info Unsupported info class e
02b0:fixme:file:server_get_file_info Unsupported info class e
04e0:fixme:file:server_get_file_info Unsupported info class e
01d4:fixme:file:server_get_file_info Unsupported info class e
0378:fixme:file:server_get_file_info Unsupported info class e
0378:fixme:file:server_get_file_info Unsupported info class e
0378:fixme:file:server_get_file_info Unsupported info class e
0510:fixme:file:server_get_file_info Unsupported info class e
0750:fixme:file:server_get_file_info Unsupported info class e
0380:fixme:file:server_get_file_info Unsupported info class e
0380:fixme:file:server_get_file_info Unsupported info class e
0380:fixme:file:server_get_file_info Unsupported info class e
063c:fixme:file:server_get_file_info Unsupported info class e
0624:fixme:file:server_get_file_info Unsupported info class e
06cc:fixme:file:server_get_file_info Unsupported info class e
0468:fixme:file:server_get_file_info Unsupported info class e
0364:fixme:file:server_get_file_info Unsupported info class e
0364:fixme:file:server_get_file_info Unsupported info class e
0364:fixme:file:server_get_file_info Unsupported info class e
0384:fixme:file:server_get_file_info Unsupported info class e
0384:fixme:file:server_get_file_info Unsupported info class e
0384:fixme:file:server_get_file_info Unsupported info class e
035c:fixme:file:server_get_file_info Unsupported info class e
035c:fixme:file:server_get_file_info Unsupported info class e
035c:fixme:file:server_get_file_info Unsupported info class e
04c8:fixme:file:server_get_file_info Unsupported info class e
0440:fixme:file:server_get_file_info Unsupported info class e
0388:fixme:file:server_get_file_info Unsupported info class e
0388:fixme:file:server_get_file_info Unsupported info class e
0388:fixme:file:server_get_file_info Unsupported info class e
06d4:fixme:file:server_get_file_info Unsupported info class e
0450:fixme:file:server_get_file_info Unsupported info class e
0490:fixme:file:server_get_file_info Unsupported info class e
0138:fixme:file:server_get_file_info Unsupported info class e
037c:fixme:file:server_get_file_info Unsupported info class e
037c:fixme:file:server_get_file_info Unsupported info class e
037c:fixme:file:server_get_file_info Unsupported info class e
065c:fixme:file:server_get_file_info Unsupported info class e
05d4:fixme:file:server_get_file_info Unsupported info class e
06fc:fixme:file:server_get_file_info Unsupported info class e
0678:fixme:file:server_get_file_info Unsupported info class e
0368:fixme:file:server_get_file_info Unsupported info class e
0368:fixme:file:server_get_file_info Unsupported info class e
0368:fixme:file:server_get_file_info Unsupported info class e
0298:fixme:file:server_get_file_info Unsupported info class e
05c0:fixme:file:server_get_file_info Unsupported info class e
0374:fixme:file:server_get_file_info Unsupported info class e
0374:fixme:file:server_get_file_info Unsupported info class e
0360:fixme:file:server_get_file_info Unsupported info class e
0374:fixme:file:server_get_file_info Unsupported info class e
0360:fixme:file:server_get_file_info Unsupported info class e
0360:fixme:file:server_get_file_info Unsupported info class e
0370:fixme:file:server_get_file_info Unsupported info class e
0370:fixme:file:server_get_file_info Unsupported info class e
0370:fixme:file:server_get_file_info Unsupported info class e
036c:fixme:file:server_get_file_info Unsupported info class e
036c:fixme:file:server_get_file_info Unsupported info class e
036c:fixme:file:server_get_file_info Unsupported info class e
07d8:fixme:file:server_get_file_info Unsupported info class e
0714:fixme:file:server_get_file_info Unsupported info class e
02b8:fixme:file:server_get_file_info Unsupported info class e
0400:fixme:file:server_get_file_info Unsupported info class e
0378:fixme:file:server_get_file_info Unsupported info class e
0378:fixme:file:server_get_file_info Unsupported info class e
0378:fixme:file:server_get_file_info Unsupported info class e
01a4:fixme:file:server_get_file_info Unsupported info class e
0634:fixme:file:server_get_file_info Unsupported info class e
0550:fixme:file:server_get_file_info Unsupported info class e
06f4:fixme:file:server_get_file_info Unsupported info class e
045c:fixme:file:server_get_file_info Unsupported info class e
0728:fixme:file:server_get_file_info Unsupported info class e
0384:fixme:file:server_get_file_info Unsupported info class e
0384:fixme:file:server_get_file_info Unsupported info class e
0384:fixme:file:server_get_file_info Unsupported info class e
0404:fixme:file:server_get_file_info Unsupported info class e
014c:fixme:file:server_get_file_info Unsupported info class e
0364:fixme:file:server_get_file_info Unsupported info class e
0364:fixme:file:server_get_file_info Unsupported info class e
0380:fixme:file:server_get_file_info Unsupported info class e
035c:fixme:file:server_get_file_info Unsupported info class e
0364:fixme:file:server_get_file_info Unsupported info class e
0380:fixme:file:server_get_file_info Unsupported info class e
035c:fixme:file:server_get_file_info Unsupported info class e
035c:fixme:file:server_get_file_info Unsupported info class e
0380:fixme:file:server_get_file_info Unsupported info class e
03e0:fixme:file:server_get_file_info Unsupported info class e
033c:fixme:file:server_get_file_info Unsupported info class e
0578:fixme:file:server_get_file_info Unsupported info class e
0168:fixme:file:server_get_file_info Unsupported info class e
0388:fixme:file:server_get_file_info Unsupported info class e
0388:fixme:file:server_get_file_info Unsupported info class e
0388:fixme:file:server_get_file_info Unsupported info class e
06d8:fixme:file:server_get_file_info Unsupported info class e
02bc:fixme:file:server_get_file_info Unsupported info class e
037c:fixme:file:server_get_file_info Unsupported info class e
037c:fixme:file:server_get_file_info Unsupported info class e
037c:fixme:file:server_get_file_info Unsupported info class e
03e8:fixme:file:server_get_file_info Unsupported info class e
0398:fixme:file:server_get_file_info Unsupported info class e
0620:fixme:file:server_get_file_info Unsupported info class e
02ec:fixme:file:server_get_file_info Unsupported info class e
0360:fixme:file:server_get_file_info Unsupported info class e
0360:fixme:file:server_get_file_info Unsupported info class e
0360:fixme:file:server_get_file_info Unsupported info class e
0368:fixme:file:server_get_file_info Unsupported info class e
0368:fixme:file:server_get_file_info Unsupported info class e
0368:fixme:file:server_get_file_info Unsupported info class e
0228:fixme:file:server_get_file_info Unsupported info class e
04fc:fixme:file:server_get_file_info Unsupported info class e
0370:fixme:file:server_get_file_info Unsupported info class e
0370:fixme:file:server_get_file_info Unsupported info class e
0370:fixme:file:server_get_file_info Unsupported info class e
06b8:fixme:file:server_get_file_info Unsupported info class e
0374:fixme:file:server_get_file_info Unsupported info class e
0680:fixme:file:server_get_file_info Unsupported info class e
0374:fixme:file:server_get_file_info Unsupported info class e
0374:fixme:file:server_get_file_info Unsupported info class e
0478:fixme:file:server_get_file_info Unsupported info class e
00cc:fixme:file:server_get_file_info Unsupported info class e
036c:fixme:file:server_get_file_info Unsupported info class e
036c:fixme:file:server_get_file_info Unsupported info class e
036c:fixme:file:server_get_file_info Unsupported info class e
076c:fixme:file:server_get_file_info Unsupported info class e
05ac:fixme:file:server_get_file_info Unsupported info class e
027c:fixme:file:server_get_file_info Unsupported info class e
0414:fixme:file:server_get_file_info Unsupported info class e
0378:fixme:file:server_get_file_info Unsupported info class e
0378:fixme:file:server_get_file_info Unsupported info class e
0378:fixme:file:server_get_file_info Unsupported info class e
0364:fixme:file:server_get_file_info Unsupported info class e
0384:fixme:file:server_get_file_info Unsupported info class e
0364:fixme:file:server_get_file_info Unsupported info class e
0384:fixme:file:server_get_file_info Unsupported info class e
0364:fixme:file:server_get_file_info Unsupported info class e
0384:fixme:file:server_get_file_info Unsupported info class e
0660:fixme:file:server_get_file_info Unsupported info class e
06ac:fixme:file:server_get_file_info Unsupported info class e
0734:fixme:file:server_get_file_info Unsupported info class e
0264:fixme:file:server_get_file_info Unsupported info class e
035c:fixme:file:server_get_file_info Unsupported info class e
035c:fixme:file:server_get_file_info Unsupported info class e
035c:fixme:file:server_get_file_info Unsupported info class e
0380:fixme:file:server_get_file_info Unsupported info class e
0380:fixme:file:server_get_file_info Unsupported info class e
0380:fixme:file:server_get_file_info Unsupported info class e
01d0:fixme:file:server_get_file_info Unsupported info class e
0388:fixme:file:server_get_file_info Unsupported info class e
0748:fixme:file:server_get_file_info Unsupported info class e
0340:fixme:file:server_get_file_info Unsupported info class e
0388:fixme:file:server_get_file_info Unsupported info class e
0388:fixme:file:server_get_file_info Unsupported info class e
0754:fixme:file:server_get_file_info Unsupported info class e
013c:fixme:file:server_get_file_info Unsupported info class e
[staging] Audio: 273/3388 completed
0810:fixme:file:server_get_file_info Unsupported info class e
037c:fixme:file:server_get_file_info Unsupported info class e
037c:fixme:file:server_get_file_info Unsupported info class e
037c:fixme:file:server_get_file_info Unsupported info class e
0360:fixme:file:server_get_file_info Unsupported info class e
0360:fixme:file:server_get_file_info Unsupported info class e
0360:fixme:file:server_get_file_info Unsupported info class e
0818:fixme:file:server_get_file_info Unsupported info class e
01f4:fixme:file:server_get_file_info Unsupported info class e
01a8:fixme:file:server_get_file_info Unsupported info class e
04bc:fixme:file:server_get_file_info Unsupported info class e
0368:fixme:file:server_get_file_info Unsupported info class e
0368:fixme:file:server_get_file_info Unsupported info class e
0368:fixme:file:server_get_file_info Unsupported info class e
0528:fixme:file:server_get_file_info Unsupported info class e
0304:fixme:file:server_get_file_info Unsupported info class e
02d8:fixme:file:server_get_file_info Unsupported info class e
0370:fixme:file:server_get_file_info Unsupported info class e
0370:fixme:file:server_get_file_info Unsupported info class e
073c:fixme:file:server_get_file_info Unsupported info class e
0370:fixme:file:server_get_file_info Unsupported info class e
0068:fixme:file:server_get_file_info Unsupported info class e
0594:fixme:file:server_get_file_info Unsupported info class e
0374:fixme:file:server_get_file_info Unsupported info class e
0374:fixme:file:server_get_file_info Unsupported info class e
0374:fixme:file:server_get_file_info Unsupported info class e
036c:fixme:file:server_get_file_info Unsupported info class e
036c:fixme:file:server_get_file_info Unsupported info class e
036c:fixme:file:server_get_file_info Unsupported info class e
03bc:fixme:file:server_get_file_info Unsupported info class e
04b0:fixme:file:server_get_file_info Unsupported info class e
0378:fixme:file:server_get_file_info Unsupported info class e
0384:fixme:file:server_get_file_info Unsupported info class e
0378:fixme:file:server_get_file_info Unsupported info class e
0384:fixme:file:server_get_file_info Unsupported info class e
0378:fixme:file:server_get_file_info Unsupported info class e
0384:fixme:file:server_get_file_info Unsupported info class e
0290:fixme:file:server_get_file_info Unsupported info class e
05e0:fixme:file:server_get_file_info Unsupported info class e
04d0:fixme:file:server_get_file_info Unsupported info class e
04d8:fixme:file:server_get_file_info Unsupported info class e
0364:fixme:file:server_get_file_info Unsupported info class e
0364:fixme:file:server_get_file_info Unsupported info class e
0364:fixme:file:server_get_file_info Unsupported info class e
071c:fixme:file:server_get_file_info Unsupported info class e
0654:fixme:file:server_get_file_info Unsupported info class e
04d4:fixme:file:server_get_file_info Unsupported info class e
05c8:fixme:file:server_get_file_info Unsupported info class e
035c:fixme:file:server_get_file_info Unsupported info class e
035c:fixme:file:server_get_file_info Unsupported info class e
035c:fixme:file:server_get_file_info Unsupported info class e
07e0:fixme:file:server_get_file_info Unsupported info class e
041c:fixme:file:server_get_file_info Unsupported info class e
0380:fixme:file:server_get_file_info Unsupported info class e
0380:fixme:file:server_get_file_info Unsupported info class e
0380:fixme:file:server_get_file_info Unsupported info class e
0360:fixme:file:server_get_file_info Unsupported info class e
0388:fixme:file:server_get_file_info Unsupported info class e
0360:fixme:file:server_get_file_info Unsupported info class e
0388:fixme:file:server_get_file_info Unsupported info class e
0360:fixme:file:server_get_file_info Unsupported info class e
0388:fixme:file:server_get_file_info Unsupported info class e
02dc:fixme:file:server_get_file_info Unsupported info class e
0314:fixme:file:server_get_file_info Unsupported info class e
037c:fixme:file:server_get_file_info Unsupported info class e
037c:fixme:file:server_get_file_info Unsupported info class e
037c:fixme:file:server_get_file_info Unsupported info class e
07a0:fixme:file:server_get_file_info Unsupported info class e
06a4:fixme:file:server_get_file_info Unsupported info class e
0760:fixme:file:server_get_file_info Unsupported info class e
03fc:fixme:file:server_get_file_info Unsupported info class e
0368:fixme:file:server_get_file_info Unsupported info class e
0368:fixme:file:server_get_file_info Unsupported info class e
0368:fixme:file:server_get_file_info Unsupported info class e
04e0:fixme:file:server_get_file_info Unsupported info class e
0690:fixme:file:server_get_file_info Unsupported info class e
07c8:fixme:file:server_get_file_info Unsupported info class e
04fc:fixme:file:server_get_file_info Unsupported info class e
0370:fixme:file:server_get_file_info Unsupported info class e
0370:fixme:file:server_get_file_info Unsupported info class e
0370:fixme:file:server_get_file_info Unsupported info class e
0374:fixme:file:server_get_file_info Unsupported info class e
0374:fixme:file:server_get_file_info Unsupported info class e
0374:fixme:file:server_get_file_info Unsupported info class e
01ac:fixme:file:server_get_file_info Unsupported info class e
01c4:fixme:file:server_get_file_info Unsupported info class e
036c:fixme:file:server_get_file_info Unsupported info class e
036c:fixme:file:server_get_file_info Unsupported info class e
036c:fixme:file:server_get_file_info Unsupported info class e
0440:fixme:file:server_get_file_info Unsupported info class e
0218:fixme:file:server_get_file_info Unsupported info class e
0378:fixme:file:server_get_file_info Unsupported info class e
0378:fixme:file:server_get_file_info Unsupported info class e
0378:fixme:file:server_get_file_info Unsupported info class e
0384:fixme:file:server_get_file_info Unsupported info class e
0384:fixme:file:server_get_file_info Unsupported info class e
0480:fixme:file:server_get_file_info Unsupported info class e
0384:fixme:file:server_get_file_info Unsupported info class e
0174:fixme:file:server_get_file_info Unsupported info class e
0608:fixme:file:server_get_file_info Unsupported info class e
0494:fixme:file:server_get_file_info Unsupported info class e
0350:fixme:file:server_get_file_info Unsupported info class e
0414:fixme:file:server_get_file_info Unsupported info class e
0364:fixme:file:server_get_file_info Unsupported info class e
0364:fixme:file:server_get_file_info Unsupported info class e
0364:fixme:file:server_get_file_info Unsupported info class e
055c:fixme:file:server_get_file_info Unsupported info class e
0704:fixme:file:server_get_file_info Unsupported info class e
0380:fixme:file:server_get_file_info Unsupported info class e
0380:fixme:file:server_get_file_info Unsupported info class e
0380:fixme:file:server_get_file_info Unsupported info class e
035c:fixme:file:server_get_file_info Unsupported info class e
035c:fixme:file:server_get_file_info Unsupported info class e
035c:fixme:file:server_get_file_info Unsupported info class e
06e4:fixme:file:server_get_file_info Unsupported info class e
06e0:fixme:file:server_get_file_info Unsupported info class e
0360:fixme:file:server_get_file_info Unsupported info class e
0388:fixme:file:server_get_file_info Unsupported info class e
0388:fixme:file:server_get_file_info Unsupported info class e
0360:fixme:file:server_get_file_info Unsupported info class e
0388:fixme:file:server_get_file_info Unsupported info class e
0360:fixme:file:server_get_file_info Unsupported info class e
037c:fixme:file:server_get_file_info Unsupported info class e
037c:fixme:file:server_get_file_info Unsupported info class e
037c:fixme:file:server_get_file_info Unsupported info class e
030c:fixme:file:server_get_file_info Unsupported info class e
0584:fixme:file:server_get_file_info Unsupported info class e
05e4:fixme:file:server_get_file_info Unsupported info class e
0548:fixme:file:server_get_file_info Unsupported info class e
03b4:fixme:file:server_get_file_info Unsupported info class e
0804:fixme:file:server_get_file_info Unsupported info class e
0500:fixme:file:server_get_file_info Unsupported info class e
0538:fixme:file:server_get_file_info Unsupported info class e
0600:fixme:file:server_get_file_info Unsupported info class e
04f4:fixme:file:server_get_file_info Unsupported info class e
0368:fixme:file:server_get_file_info Unsupported info class e
0368:fixme:file:server_get_file_info Unsupported info class e
036c:fixme:file:server_get_file_info Unsupported info class e
0368:fixme:file:server_get_file_info Unsupported info class e
036c:fixme:file:server_get_file_info Unsupported info class e
036c:fixme:file:server_get_file_info Unsupported info class e
01c8:fixme:file:server_get_file_info Unsupported info class e
04f0:fixme:file:server_get_file_info Unsupported info class e
0374:fixme:file:server_get_file_info Unsupported info class e
0370:fixme:file:server_get_file_info Unsupported info class e
0374:fixme:file:server_get_file_info Unsupported info class e
0370:fixme:file:server_get_file_info Unsupported info class e
0374:fixme:file:server_get_file_info Unsupported info class e
0370:fixme:file:server_get_file_info Unsupported info class e
02e8:fixme:file:server_get_file_info Unsupported info class e
0518:fixme:file:server_get_file_info Unsupported info class e
0144:fixme:file:server_get_file_info Unsupported info class e
017c:fixme:file:server_get_file_info Unsupported info class e
0378:fixme:file:server_get_file_info Unsupported info class e
0378:fixme:file:server_get_file_info Unsupported info class e
0378:fixme:file:server_get_file_info Unsupported info class e
0384:fixme:file:server_get_file_info Unsupported info class e
0384:fixme:file:server_get_file_info Unsupported info class e
0384:fixme:file:server_get_file_info Unsupported info class e
0168:fixme:file:server_get_file_info Unsupported info class e
0148:fixme:file:server_get_file_info Unsupported info class e
00d8:fixme:file:server_get_file_info Unsupported info class e
0308:fixme:file:server_get_file_info Unsupported info class e
0394:fixme:file:server_get_file_info Unsupported info class e
061c:fixme:file:server_get_file_info Unsupported info class e
0364:fixme:file:server_get_file_info Unsupported info class e
0364:fixme:file:server_get_file_info Unsupported info class e
0364:fixme:file:server_get_file_info Unsupported info class e
0198:fixme:file:server_get_file_info Unsupported info class e
0180:fixme:file:server_get_file_info Unsupported info class e
0360:fixme:file:server_get_file_info Unsupported info class e
0380:fixme:file:server_get_file_info Unsupported info class e
0360:fixme:file:server_get_file_info Unsupported info class e
0380:fixme:file:server_get_file_info Unsupported info class e
0360:fixme:file:server_get_file_info Unsupported info class e
0380:fixme:file:server_get_file_info Unsupported info class e
037c:fixme:file:server_get_file_info Unsupported info class e
037c:fixme:file:server_get_file_info Unsupported info class e
037c:fixme:file:server_get_file_info Unsupported info class e
0484:fixme:file:server_get_file_info Unsupported info class e
018c:fixme:file:server_get_file_info Unsupported info class e
0388:fixme:file:server_get_file_info Unsupported info class e
0388:fixme:file:server_get_file_info Unsupported info class e
0388:fixme:file:server_get_file_info Unsupported info class e
035c:fixme:file:server_get_file_info Unsupported info class e
035c:fixme:file:server_get_file_info Unsupported info class e
035c:fixme:file:server_get_file_info Unsupported info class e
0724:fixme:file:server_get_file_info Unsupported info class e
05ac:fixme:file:server_get_file_info Unsupported info class e
046c:fixme:file:server_get_file_info Unsupported info class e
0534:fixme:file:server_get_file_info Unsupported info class e
070c:fixme:file:server_get_file_info Unsupported info class e
05b0:fixme:file:server_get_file_info Unsupported info class e
036c:fixme:file:server_get_file_info Unsupported info class e
036c:fixme:file:server_get_file_info Unsupported info class e
036c:fixme:file:server_get_file_info Unsupported info class e
0368:fixme:file:server_get_file_info Unsupported info class e
0368:fixme:file:server_get_file_info Unsupported info class e
0368:fixme:file:server_get_file_info Unsupported info class e
0370:fixme:file:server_get_file_info Unsupported info class e
0370:fixme:file:server_get_file_info Unsupported info class e
0370:fixme:file:server_get_file_info Unsupported info class e
04e8:fixme:file:server_get_file_info Unsupported info class e
0328:fixme:file:server_get_file_info Unsupported info class e
02e0:fixme:file:server_get_file_info Unsupported info class e
01d8:fixme:file:server_get_file_info Unsupported info class e
0374:fixme:file:server_get_file_info Unsupported info class e
0374:fixme:file:server_get_file_info Unsupported info class e
0374:fixme:file:server_get_file_info Unsupported info class e
0554:fixme:file:server_get_file_info Unsupported info class e
01bc:fixme:file:server_get_file_info Unsupported info class e
06a0:fixme:file:server_get_file_info Unsupported info class e
011c:fixme:file:server_get_file_info Unsupported info class e
0378:fixme:file:server_get_file_info Unsupported info class e
0378:fixme:file:server_get_file_info Unsupported info class e
0378:fixme:file:server_get_file_info Unsupported info class e
0754:fixme:file:server_get_file_info Unsupported info class e
0734:fixme:file:server_get_file_info Unsupported info class e
0384:fixme:file:server_get_file_info Unsupported info class e
0384:fixme:file:server_get_file_info Unsupported info class e
0384:fixme:file:server_get_file_info Unsupported info class e
0194:fixme:file:server_get_file_info Unsupported info class e
0710:fixme:file:server_get_file_info Unsupported info class e
0364:fixme:file:server_get_file_info Unsupported info class e
0364:fixme:file:server_get_file_info Unsupported info class e
0364:fixme:file:server_get_file_info Unsupported info class e
0770:fixme:file:server_get_file_info Unsupported info class e
06dc:fixme:file:server_get_file_info Unsupported info class e
0360:fixme:file:server_get_file_info Unsupported info class e
0360:fixme:file:server_get_file_info Unsupported info class e
0360:fixme:file:server_get_file_info Unsupported info class e
01a4:fixme:file:server_get_file_info Unsupported info class e
03c0:fixme:file:server_get_file_info Unsupported info class e
07b4:fixme:file:server_get_file_info Unsupported info class e
048c:fixme:file:server_get_file_info Unsupported info class e
0388:fixme:file:server_get_file_info Unsupported info class e
0388:fixme:file:server_get_file_info Unsupported info class e
0388:fixme:file:server_get_file_info Unsupported info class e
0380:fixme:file:server_get_file_info Unsupported info class e
0380:fixme:file:server_get_file_info Unsupported info class e
037c:fixme:file:server_get_file_info Unsupported info class e
0380:fixme:file:server_get_file_info Unsupported info class e
037c:fixme:file:server_get_file_info Unsupported info class e
037c:fixme:file:server_get_file_info Unsupported info class e
01dc:fixme:file:server_get_file_info Unsupported info class e
0128:fixme:file:server_get_file_info Unsupported info class e
036c:fixme:file:server_get_file_info Unsupported info class e
036c:fixme:file:server_get_file_info Unsupported info class e
036c:fixme:file:server_get_file_info Unsupported info class e
01f0:fixme:file:server_get_file_info Unsupported info class e
012c:fixme:file:server_get_file_info Unsupported info class e
035c:fixme:file:server_get_file_info Unsupported info class e
035c:fixme:file:server_get_file_info Unsupported info class e
035c:fixme:file:server_get_file_info Unsupported info class e
0798:fixme:file:server_get_file_info Unsupported info class e
03b8:fixme:file:server_get_file_info Unsupported info class e
0614:fixme:file:server_get_file_info Unsupported info class e
0764:fixme:file:server_get_file_info Unsupported info class e
0368:fixme:file:server_get_file_info Unsupported info class e
0368:fixme:file:server_get_file_info Unsupported info class e
0368:fixme:file:server_get_file_info Unsupported info class e
0370:fixme:file:server_get_file_info Unsupported info class e
0370:fixme:file:server_get_file_info Unsupported info class e
0370:fixme:file:server_get_file_info Unsupported info class e
0374:fixme:file:server_get_file_info Unsupported info class e
0374:fixme:file:server_get_file_info Unsupported info class e
0374:fixme:file:server_get_file_info Unsupported info class e
01c8:fixme:file:server_get_file_info Unsupported info class e
0600:fixme:file:server_get_file_info Unsupported info class e
0674:fixme:file:server_get_file_info Unsupported info class e
05e4:fixme:file:server_get_file_info Unsupported info class e
0378:fixme:file:server_get_file_info Unsupported info class e
0378:fixme:file:server_get_file_info Unsupported info class e
0378:fixme:file:server_get_file_info Unsupported info class e
0474:fixme:file:server_get_file_info Unsupported info class e
01f4:fixme:file:server_get_file_info Unsupported info class e
0384:fixme:file:server_get_file_info Unsupported info class e
0384:fixme:file:server_get_file_info Unsupported info class e
0384:fixme:file:server_get_file_info Unsupported info class e
0364:fixme:file:server_get_file_info Unsupported info class e
0364:fixme:file:server_get_file_info Unsupported info class e
0364:fixme:file:server_get_file_info Unsupported info class e
0288:fixme:file:server_get_file_info Unsupported info class e
0468:fixme:file:server_get_file_info Unsupported info class e
07a8:fixme:file:server_get_file_info Unsupported info class e
0658:fixme:file:server_get_file_info Unsupported info class e
0360:fixme:file:server_get_file_info Unsupported info class e
0360:fixme:file:server_get_file_info Unsupported info class e
0360:fixme:file:server_get_file_info Unsupported info class e
0380:fixme:file:server_get_file_info Unsupported info class e
034c:fixme:file:server_get_file_info Unsupported info class e
0380:fixme:file:server_get_file_info Unsupported info class e
0330:fixme:file:server_get_file_info Unsupported info class e
0380:fixme:file:server_get_file_info Unsupported info class e
03f4:fixme:file:server_get_file_info Unsupported info class e
05b8:fixme:file:server_get_file_info Unsupported info class e
0388:fixme:file:server_get_file_info Unsupported info class e
0388:fixme:file:server_get_file_info Unsupported info class e
0388:fixme:file:server_get_file_info Unsupported info class e
07a4:fixme:file:server_get_file_info Unsupported info class e
028c:fixme:file:server_get_file_info Unsupported info class e
05d4:fixme:file:server_get_file_info Unsupported info class e
01c4:fixme:file:server_get_file_info Unsupported info class e
037c:fixme:file:server_get_file_info Unsupported info class e
037c:fixme:file:server_get_file_info Unsupported info class e
037c:fixme:file:server_get_file_info Unsupported info class e
0198:fixme:file:server_get_file_info Unsupported info class e
0724:fixme:file:server_get_file_info Unsupported info class e
036c:fixme:file:server_get_file_info Unsupported info class e
036c:fixme:file:server_get_file_info Unsupported info class e
036c:fixme:file:server_get_file_info Unsupported info class e
035c:fixme:file:server_get_file_info Unsupported info class e
035c:fixme:file:server_get_file_info Unsupported info class e
035c:fixme:file:server_get_file_info Unsupported info class e
0650:fixme:file:server_get_file_info Unsupported info class e
05c8:fixme:file:server_get_file_info Unsupported info class e
0454:fixme:file:server_get_file_info Unsupported info class e
01c0:fixme:file:server_get_file_info Unsupported info class e
0368:fixme:file:server_get_file_info Unsupported info class e
0368:fixme:file:server_get_file_info Unsupported info class e
0368:fixme:file:server_get_file_info Unsupported info class e
0374:fixme:file:server_get_file_info Unsupported info class e
0374:fixme:file:server_get_file_info Unsupported info class e
0374:fixme:file:server_get_file_info Unsupported info class e
0480:fixme:file:server_get_file_info Unsupported info class e
0494:fixme:file:server_get_file_info Unsupported info class e
03e4:fixme:file:server_get_file_info Unsupported info class e
0610:fixme:file:server_get_file_info Unsupported info class e
0400:fixme:file:server_get_file_info Unsupported info class e
02b8:fixme:file:server_get_file_info Unsupported info class e
0370:fixme:file:server_get_file_info Unsupported info class e
0370:fixme:file:server_get_file_info Unsupported info class e
0370:fixme:file:server_get_file_info Unsupported info class e
0378:fixme:file:server_get_file_info Unsupported info class e
0378:fixme:file:server_get_file_info Unsupported info class e
0378:fixme:file:server_get_file_info Unsupported info class e
0730:fixme:file:server_get_file_info Unsupported info class e
0754:fixme:file:server_get_file_info Unsupported info class e
0364:fixme:file:server_get_file_info Unsupported info class e
0364:fixme:file:server_get_file_info Unsupported info class e
0364:fixme:file:server_get_file_info Unsupported info class e
0384:fixme:file:server_get_file_info Unsupported info class e
0384:fixme:file:server_get_file_info Unsupported info class e
0384:fixme:file:server_get_file_info Unsupported info class e
02c4:fixme:file:server_get_file_info Unsupported info class e
0220:fixme:file:server_get_file_info Unsupported info class e
0360:fixme:file:server_get_file_info Unsupported info class e
0360:fixme:file:server_get_file_info Unsupported info class e
0360:fixme:file:server_get_file_info Unsupported info class e
06d4:fixme:file:server_get_file_info Unsupported info class e
0150:fixme:file:server_get_file_info Unsupported info class e
020c:fixme:file:server_get_file_info Unsupported info class e
01b0:fixme:file:server_get_file_info Unsupported info class e
0380:fixme:file:server_get_file_info Unsupported info class e
0380:fixme:file:server_get_file_info Unsupported info class e
0380:fixme:file:server_get_file_info Unsupported info class e
0538:fixme:file:server_get_file_info Unsupported info class e
0584:fixme:file:server_get_file_info Unsupported info class e
037c:fixme:file:server_get_file_info Unsupported info class e
037c:fixme:file:server_get_file_info Unsupported info class e
037c:fixme:file:server_get_file_info Unsupported info class e
0388:fixme:file:server_get_file_info Unsupported info class e
0388:fixme:file:server_get_file_info Unsupported info class e
0388:fixme:file:server_get_file_info Unsupported info class e
03b4:fixme:file:server_get_file_info Unsupported info class e
0458:fixme:file:server_get_file_info Unsupported info class e
04d0:fixme:file:server_get_file_info Unsupported info class e
0324:fixme:file:server_get_file_info Unsupported info class e
036c:fixme:file:server_get_file_info Unsupported info class e
036c:fixme:file:server_get_file_info Unsupported info class e
036c:fixme:file:server_get_file_info Unsupported info class e
035c:fixme:file:server_get_file_info Unsupported info class e
035c:fixme:file:server_get_file_info Unsupported info class e
035c:fixme:file:server_get_file_info Unsupported info class e
0374:fixme:file:server_get_file_info Unsupported info class e
0374:fixme:file:server_get_file_info Unsupported info class e
0374:fixme:file:server_get_file_info Unsupported info class e
05e8:fixme:file:server_get_file_info Unsupported info class e
0368:fixme:file:server_get_file_info Unsupported info class e
0368:fixme:file:server_get_file_info Unsupported info class e
0368:fixme:file:server_get_file_info Unsupported info class e
0764:fixme:file:server_get_file_info Unsupported info class e
077c:fixme:file:server_get_file_info Unsupported info class e
0358:fixme:file:server_get_file_info Unsupported info class e
02e8:fixme:file:server_get_file_info Unsupported info class e
0540:fixme:file:server_get_file_info Unsupported info class e
0514:fixme:file:server_get_file_info Unsupported info class e
0564:fixme:file:server_get_file_info Unsupported info class e
0674:fixme:file:server_get_file_info Unsupported info class e
05e4:fixme:file:server_get_file_info Unsupported info class e
0364:fixme:file:server_get_file_info Unsupported info class e
0600:fixme:file:server_get_file_info Unsupported info class e
0364:fixme:file:server_get_file_info Unsupported info class e
01c8:fixme:file:server_get_file_info Unsupported info class e
0364:fixme:file:server_get_file_info Unsupported info class e
0378:fixme:file:server_get_file_info Unsupported info class e
0378:fixme:file:server_get_file_info Unsupported info class e
0378:fixme:file:server_get_file_info Unsupported info class e
0380:fixme:file:server_get_file_info Unsupported info class e
0370:fixme:file:server_get_file_info Unsupported info class e
0380:fixme:file:server_get_file_info Unsupported info class e
0370:fixme:file:server_get_file_info Unsupported info class e
0380:fixme:file:server_get_file_info Unsupported info class e
0370:fixme:file:server_get_file_info Unsupported info class e
0360:fixme:file:server_get_file_info Unsupported info class e
0360:fixme:file:server_get_file_info Unsupported info class e
0360:fixme:file:server_get_file_info Unsupported info class e
066c:fixme:file:server_get_file_info Unsupported info class e
0124:fixme:file:server_get_file_info Unsupported info class e
0648:fixme:file:server_get_file_info Unsupported info class e
0608:fixme:file:server_get_file_info Unsupported info class e
0814:fixme:file:server_get_file_info Unsupported info class e
0414:fixme:file:server_get_file_info Unsupported info class e
0384:fixme:file:server_get_file_info Unsupported info class e
0384:fixme:file:server_get_file_info Unsupported info class e
0384:fixme:file:server_get_file_info Unsupported info class e
01cc:fixme:file:server_get_file_info Unsupported info class e
03a4:fixme:file:server_get_file_info Unsupported info class e
037c:fixme:file:server_get_file_info Unsupported info class e
037c:fixme:file:server_get_file_info Unsupported info class e
037c:fixme:file:server_get_file_info Unsupported info class e
06e8:fixme:file:server_get_file_info Unsupported info class e
061c:fixme:file:server_get_file_info Unsupported info class e
036c:fixme:file:server_get_file_info Unsupported info class e
036c:fixme:file:server_get_file_info Unsupported info class e
036c:fixme:file:server_get_file_info Unsupported info class e
07e8:fixme:file:server_get_file_info Unsupported info class e
0374:fixme:file:server_get_file_info Unsupported info class e
0744:fixme:file:server_get_file_info Unsupported info class e
035c:fixme:file:server_get_file_info Unsupported info class e
0374:fixme:file:server_get_file_info Unsupported info class e
0374:fixme:file:server_get_file_info Unsupported info class e
035c:fixme:file:server_get_file_info Unsupported info class e
035c:fixme:file:server_get_file_info Unsupported info class e
0368:fixme:file:server_get_file_info Unsupported info class e
0368:fixme:file:server_get_file_info Unsupported info class e
0368:fixme:file:server_get_file_info Unsupported info class e
0554:fixme:file:server_get_file_info Unsupported info class e
05a0:fixme:file:server_get_file_info Unsupported info class e
0388:fixme:file:server_get_file_info Unsupported info class e
0188:fixme:file:server_get_file_info Unsupported info class e
0388:fixme:file:server_get_file_info Unsupported info class e
0388:fixme:file:server_get_file_info Unsupported info class e
[staging] Audio: 380/3388 completed
0604:fixme:file:server_get_file_info Unsupported info class e
0364:fixme:file:server_get_file_info Unsupported info class e
0364:fixme:file:server_get_file_info Unsupported info class e
0364:fixme:file:server_get_file_info Unsupported info class e
0194:fixme:file:server_get_file_info Unsupported info class e
06ac:fixme:file:server_get_file_info Unsupported info class e
0340:fixme:file:server_get_file_info Unsupported info class e
01c0:fixme:file:server_get_file_info Unsupported info class e
07dc:fixme:file:server_get_file_info Unsupported info class e
0430:fixme:file:server_get_file_info Unsupported info class e
02ac:fixme:file:server_get_file_info Unsupported info class e
0738:fixme:file:server_get_file_info Unsupported info class e
0378:fixme:file:server_get_file_info Unsupported info class e
0378:fixme:file:server_get_file_info Unsupported info class e
0378:fixme:file:server_get_file_info Unsupported info class e
0360:fixme:file:server_get_file_info Unsupported info class e
0360:fixme:file:server_get_file_info Unsupported info class e
0360:fixme:file:server_get_file_info Unsupported info class e
0480:fixme:file:server_get_file_info Unsupported info class e
060c:fixme:file:server_get_file_info Unsupported info class e
0384:fixme:file:server_get_file_info Unsupported info class e
0384:fixme:file:server_get_file_info Unsupported info class e
0384:fixme:file:server_get_file_info Unsupported info class e
04e4:fixme:file:server_get_file_info Unsupported info class e
0624:fixme:file:server_get_file_info Unsupported info class e
0380:fixme:file:server_get_file_info Unsupported info class e
0380:fixme:file:server_get_file_info Unsupported info class e
0380:fixme:file:server_get_file_info Unsupported info class e
0398:fixme:file:server_get_file_info Unsupported info class e
0628:fixme:file:server_get_file_info Unsupported info class e
05dc:fixme:file:server_get_file_info Unsupported info class e
054c:fixme:file:server_get_file_info Unsupported info class e
0370:fixme:file:server_get_file_info Unsupported info class e
0370:fixme:file:server_get_file_info Unsupported info class e
0370:fixme:file:server_get_file_info Unsupported info class e
037c:fixme:file:server_get_file_info Unsupported info class e
037c:fixme:file:server_get_file_info Unsupported info class e
037c:fixme:file:server_get_file_info Unsupported info class e
03e8:fixme:file:server_get_file_info Unsupported info class e
05d0:fixme:file:server_get_file_info Unsupported info class e
036c:fixme:file:server_get_file_info Unsupported info class e
036c:fixme:file:server_get_file_info Unsupported info class e
036c:fixme:file:server_get_file_info Unsupported info class e
03b4:fixme:file:server_get_file_info Unsupported info class e
04d0:fixme:file:server_get_file_info Unsupported info class e
0374:fixme:file:server_get_file_info Unsupported info class e
0374:fixme:file:server_get_file_info Unsupported info class e
0374:fixme:file:server_get_file_info Unsupported info class e
01b8:fixme:file:server_get_file_info Unsupported info class e
0368:fixme:file:server_get_file_info Unsupported info class e
0368:fixme:file:server_get_file_info Unsupported info class e
0620:fixme:file:server_get_file_info Unsupported info class e
0368:fixme:file:server_get_file_info Unsupported info class e
0388:fixme:file:server_get_file_info Unsupported info class e
0388:fixme:file:server_get_file_info Unsupported info class e
0388:fixme:file:server_get_file_info Unsupported info class e
0488:fixme:file:server_get_file_info Unsupported info class e
0524:fixme:file:server_get_file_info Unsupported info class e
07d0:fixme:file:server_get_file_info Unsupported info class e
01ac:fixme:file:server_get_file_info Unsupported info class e
0364:fixme:file:server_get_file_info Unsupported info class e
0364:fixme:file:server_get_file_info Unsupported info class e
0364:fixme:file:server_get_file_info Unsupported info class e
035c:fixme:file:server_get_file_info Unsupported info class e
07ec:fixme:file:server_get_file_info Unsupported info class e
035c:fixme:file:server_get_file_info Unsupported info class e
0378:fixme:file:server_get_file_info Unsupported info class e
0378:fixme:file:server_get_file_info Unsupported info class e
0378:fixme:file:server_get_file_info Unsupported info class e
035c:fixme:file:server_get_file_info Unsupported info class e
0234:fixme:file:server_get_file_info Unsupported info class e
0708:fixme:file:server_get_file_info Unsupported info class e
0540:fixme:file:server_get_file_info Unsupported info class e
0360:fixme:file:server_get_file_info Unsupported info class e
0360:fixme:file:server_get_file_info Unsupported info class e
0360:fixme:file:server_get_file_info Unsupported info class e
05c0:fixme:file:server_get_file_info Unsupported info class e
0548:fixme:file:server_get_file_info Unsupported info class e
04dc:fixme:file:server_get_file_info Unsupported info class e
0248:fixme:file:server_get_file_info Unsupported info class e
0380:fixme:file:server_get_file_info Unsupported info class e
0380:fixme:file:server_get_file_info Unsupported info class e
0380:fixme:file:server_get_file_info Unsupported info class e
0498:fixme:file:server_get_file_info Unsupported info class e
03a0:fixme:file:server_get_file_info Unsupported info class e
02a8:fixme:file:server_get_file_info Unsupported info class e
05c4:fixme:file:server_get_file_info Unsupported info class e
0384:fixme:file:server_get_file_info Unsupported info class e
0384:fixme:file:server_get_file_info Unsupported info class e
037c:fixme:file:server_get_file_info Unsupported info class e
0384:fixme:file:server_get_file_info Unsupported info class e
037c:fixme:file:server_get_file_info Unsupported info class e
037c:fixme:file:server_get_file_info Unsupported info class e
01fc:fixme:file:server_get_file_info Unsupported info class e
036c:fixme:file:server_get_file_info Unsupported info class e
0160:fixme:file:server_get_file_info Unsupported info class e
036c:fixme:file:server_get_file_info Unsupported info class e
036c:fixme:file:server_get_file_info Unsupported info class e
0374:fixme:file:server_get_file_info Unsupported info class e
0374:fixme:file:server_get_file_info Unsupported info class e
0374:fixme:file:server_get_file_info Unsupported info class e
0414:fixme:file:server_get_file_info Unsupported info class e
0814:fixme:file:server_get_file_info Unsupported info class e
0368:fixme:file:server_get_file_info Unsupported info class e
0368:fixme:file:server_get_file_info Unsupported info class e
0368:fixme:file:server_get_file_info Unsupported info class e
0370:fixme:file:server_get_file_info Unsupported info class e
0370:fixme:file:server_get_file_info Unsupported info class e
0370:fixme:file:server_get_file_info Unsupported info class e
05fc:fixme:file:server_get_file_info Unsupported info class e
0534:fixme:file:server_get_file_info Unsupported info class e
04f4:fixme:file:server_get_file_info Unsupported info class e
04b4:fixme:file:server_get_file_info Unsupported info class e
0224:fixme:file:server_get_file_info Unsupported info class e
0794:fixme:file:server_get_file_info Unsupported info class e
0364:fixme:file:server_get_file_info Unsupported info class e
0388:fixme:file:server_get_file_info Unsupported info class e
0364:fixme:file:server_get_file_info Unsupported info class e
0388:fixme:file:server_get_file_info Unsupported info class e
0364:fixme:file:server_get_file_info Unsupported info class e
0388:fixme:file:server_get_file_info Unsupported info class e
0378:fixme:file:server_get_file_info Unsupported info class e
0378:fixme:file:server_get_file_info Unsupported info class e
0378:fixme:file:server_get_file_info Unsupported info class e
01e0:fixme:file:server_get_file_info Unsupported info class e
05a0:fixme:file:server_get_file_info Unsupported info class e
03d8:fixme:file:server_get_file_info Unsupported info class e
016c:fixme:file:server_get_file_info Unsupported info class e
0170:fixme:file:server_get_file_info Unsupported info class e
081c:fixme:file:server_get_file_info Unsupported info class e
06c4:fixme:file:server_get_file_info Unsupported info class e
06c0:fixme:file:server_get_file_info Unsupported info class e
0380:fixme:file:server_get_file_info Unsupported info class e
0380:fixme:file:server_get_file_info Unsupported info class e
0150:fixme:file:server_get_file_info Unsupported info class e
0380:fixme:file:server_get_file_info Unsupported info class e
05bc:fixme:file:server_get_file_info Unsupported info class e
0360:fixme:file:server_get_file_info Unsupported info class e
0360:fixme:file:server_get_file_info Unsupported info class e
0360:fixme:file:server_get_file_info Unsupported info class e
035c:fixme:file:server_get_file_info Unsupported info class e
035c:fixme:file:server_get_file_info Unsupported info class e
035c:fixme:file:server_get_file_info Unsupported info class e
06a4:fixme:file:server_get_file_info Unsupported info class e
038c:fixme:file:server_get_file_info Unsupported info class e
036c:fixme:file:server_get_file_info Unsupported info class e
036c:fixme:file:server_get_file_info Unsupported info class e
0384:fixme:file:server_get_file_info Unsupported info class e
036c:fixme:file:server_get_file_info Unsupported info class e
0384:fixme:file:server_get_file_info Unsupported info class e
0384:fixme:file:server_get_file_info Unsupported info class e
0688:fixme:file:server_get_file_info Unsupported info class e
054c:fixme:file:server_get_file_info Unsupported info class e
037c:fixme:file:server_get_file_info Unsupported info class e
0374:fixme:file:server_get_file_info Unsupported info class e
037c:fixme:file:server_get_file_info Unsupported info class e
0374:fixme:file:server_get_file_info Unsupported info class e
01f4:fixme:file:server_get_file_info Unsupported info class e
037c:fixme:file:server_get_file_info Unsupported info class e
0374:fixme:file:server_get_file_info Unsupported info class e
06f8:fixme:file:server_get_file_info Unsupported info class e
0718:fixme:file:server_get_file_info Unsupported info class e
0690:fixme:file:server_get_file_info Unsupported info class e
0370:fixme:file:server_get_file_info Unsupported info class e
0370:fixme:file:server_get_file_info Unsupported info class e
0370:fixme:file:server_get_file_info Unsupported info class e
021c:fixme:file:server_get_file_info Unsupported info class e
0344:fixme:file:server_get_file_info Unsupported info class e
0368:fixme:file:server_get_file_info Unsupported info class e
0368:fixme:file:server_get_file_info Unsupported info class e
0368:fixme:file:server_get_file_info Unsupported info class e
04d4:fixme:file:server_get_file_info Unsupported info class e
07b0:fixme:file:server_get_file_info Unsupported info class e
04e8:fixme:file:server_get_file_info Unsupported info class e
04c8:fixme:file:server_get_file_info Unsupported info class e
0388:fixme:file:server_get_file_info Unsupported info class e
0388:fixme:file:server_get_file_info Unsupported info class e
0388:fixme:file:server_get_file_info Unsupported info class e
0378:fixme:file:server_get_file_info Unsupported info class e
0378:fixme:file:server_get_file_info Unsupported info class e
0378:fixme:file:server_get_file_info Unsupported info class e
0124:fixme:file:server_get_file_info Unsupported info class e
051c:fixme:file:server_get_file_info Unsupported info class e
0394:fixme:file:server_get_file_info Unsupported info class e
0250:fixme:file:server_get_file_info Unsupported info class e
0364:fixme:file:server_get_file_info Unsupported info class e
0364:fixme:file:server_get_file_info Unsupported info class e
0364:fixme:file:server_get_file_info Unsupported info class e
0380:fixme:file:server_get_file_info Unsupported info class e
0380:fixme:file:server_get_file_info Unsupported info class e
0380:fixme:file:server_get_file_info Unsupported info class e
0478:fixme:file:server_get_file_info Unsupported info class e
0490:fixme:file:server_get_file_info Unsupported info class e
0360:fixme:file:server_get_file_info Unsupported info class e
0360:fixme:file:server_get_file_info Unsupported info class e
0360:fixme:file:server_get_file_info Unsupported info class e
0540:fixme:file:server_get_file_info Unsupported info class e
07d4:fixme:file:server_get_file_info Unsupported info class e
035c:fixme:file:server_get_file_info Unsupported info class e
035c:fixme:file:server_get_file_info Unsupported info class e
035c:fixme:file:server_get_file_info Unsupported info class e
0588:fixme:file:server_get_file_info Unsupported info class e
01cc:fixme:file:server_get_file_info Unsupported info class e
05d4:fixme:file:server_get_file_info Unsupported info class e
0258:fixme:file:server_get_file_info Unsupported info class e
036c:fixme:file:server_get_file_info Unsupported info class e
036c:fixme:file:server_get_file_info Unsupported info class e
036c:fixme:file:server_get_file_info Unsupported info class e
0374:fixme:file:server_get_file_info Unsupported info class e
0210:fixme:file:server_get_file_info Unsupported info class e
0790:fixme:file:server_get_file_info Unsupported info class e
0374:fixme:file:server_get_file_info Unsupported info class e
0374:fixme:file:server_get_file_info Unsupported info class e
0384:fixme:file:server_get_file_info Unsupported info class e
0384:fixme:file:server_get_file_info Unsupported info class e
0384:fixme:file:server_get_file_info Unsupported info class e
04b8:fixme:file:server_get_file_info Unsupported info class e
0300:fixme:file:server_get_file_info Unsupported info class e
0370:fixme:file:server_get_file_info Unsupported info class e
0370:fixme:file:server_get_file_info Unsupported info class e
0370:fixme:file:server_get_file_info Unsupported info class e
037c:fixme:file:server_get_file_info Unsupported info class e
037c:fixme:file:server_get_file_info Unsupported info class e
037c:fixme:file:server_get_file_info Unsupported info class e
06b8:fixme:file:server_get_file_info Unsupported info class e
0640:fixme:file:server_get_file_info Unsupported info class e
0020:fixme:file:server_get_file_info Unsupported info class e
05ec:fixme:file:server_get_file_info Unsupported info class e
0368:fixme:file:server_get_file_info Unsupported info class e
0368:fixme:file:server_get_file_info Unsupported info class e
0368:fixme:file:server_get_file_info Unsupported info class e
02e4:fixme:file:server_get_file_info Unsupported info class e
02f4:fixme:file:server_get_file_info Unsupported info class e
024c:fixme:file:server_get_file_info Unsupported info class e
0340:fixme:file:server_get_file_info Unsupported info class e
0194:fixme:file:server_get_file_info Unsupported info class e
06e0:fixme:file:server_get_file_info Unsupported info class e
0388:fixme:file:server_get_file_info Unsupported info class e
0388:fixme:file:server_get_file_info Unsupported info class e
0388:fixme:file:server_get_file_info Unsupported info class e
0378:fixme:file:server_get_file_info Unsupported info class e
0378:fixme:file:server_get_file_info Unsupported info class e
0378:fixme:file:server_get_file_info Unsupported info class e
029c:fixme:file:server_get_file_info Unsupported info class e
06ac:fixme:file:server_get_file_info Unsupported info class e
0380:fixme:file:server_get_file_info Unsupported info class e
0364:fixme:file:server_get_file_info Unsupported info class e
0364:fixme:file:server_get_file_info Unsupported info class e
0380:fixme:file:server_get_file_info Unsupported info class e
0364:fixme:file:server_get_file_info Unsupported info class e
0380:fixme:file:server_get_file_info Unsupported info class e
0360:fixme:file:server_get_file_info Unsupported info class e
07e4:fixme:file:server_get_file_info Unsupported info class e
04c0:fixme:file:server_get_file_info Unsupported info class e
0360:fixme:file:server_get_file_info Unsupported info class e
0360:fixme:file:server_get_file_info Unsupported info class e
0118:fixme:file:server_get_file_info Unsupported info class e
02a0:fixme:file:server_get_file_info Unsupported info class e
035c:fixme:file:server_get_file_info Unsupported info class e
035c:fixme:file:server_get_file_info Unsupported info class e
035c:fixme:file:server_get_file_info Unsupported info class e
0334:fixme:file:server_get_file_info Unsupported info class e
0150:fixme:file:server_get_file_info Unsupported info class e
036c:fixme:file:server_get_file_info Unsupported info class e
036c:fixme:file:server_get_file_info Unsupported info class e
0384:fixme:file:server_get_file_info Unsupported info class e
0384:fixme:file:server_get_file_info Unsupported info class e
0384:fixme:file:server_get_file_info Unsupported info class e
036c:fixme:file:server_get_file_info Unsupported info class e
0800:fixme:file:server_get_file_info Unsupported info class e
01b4:fixme:file:server_get_file_info Unsupported info class e
04f0:fixme:file:server_get_file_info Unsupported info class e
0024:fixme:file:server_get_file_info Unsupported info class e
04a4:fixme:file:server_get_file_info Unsupported info class e
0170:fixme:file:server_get_file_info Unsupported info class e
037c:fixme:file:server_get_file_info Unsupported info class e
037c:fixme:file:server_get_file_info Unsupported info class e
037c:fixme:file:server_get_file_info Unsupported info class e
0374:fixme:file:server_get_file_info Unsupported info class e
0374:fixme:file:server_get_file_info Unsupported info class e
0374:fixme:file:server_get_file_info Unsupported info class e
0370:fixme:file:server_get_file_info Unsupported info class e
0370:fixme:file:server_get_file_info Unsupported info class e
0370:fixme:file:server_get_file_info Unsupported info class e
0524:fixme:file:server_get_file_info Unsupported info class e
0648:fixme:file:server_get_file_info Unsupported info class e
0130:fixme:file:server_get_file_info Unsupported info class e
0368:fixme:file:server_get_file_info Unsupported info class e
0684:fixme:file:server_get_file_info Unsupported info class e
0368:fixme:file:server_get_file_info Unsupported info class e
0368:fixme:file:server_get_file_info Unsupported info class e
0774:fixme:file:server_get_file_info Unsupported info class e
0744:fixme:file:server_get_file_info Unsupported info class e
0718:fixme:file:server_get_file_info Unsupported info class e
02f8:fixme:file:server_get_file_info Unsupported info class e
0388:fixme:file:server_get_file_info Unsupported info class e
0388:fixme:file:server_get_file_info Unsupported info class e
0388:fixme:file:server_get_file_info Unsupported info class e
04e8:fixme:file:server_get_file_info Unsupported info class e
021c:fixme:file:server_get_file_info Unsupported info class e
0364:fixme:file:server_get_file_info Unsupported info class e
0364:fixme:file:server_get_file_info Unsupported info class e
0378:fixme:file:server_get_file_info Unsupported info class e
0364:fixme:file:server_get_file_info Unsupported info class e
0378:fixme:file:server_get_file_info Unsupported info class e
0378:fixme:file:server_get_file_info Unsupported info class e
051c:fixme:file:server_get_file_info Unsupported info class e
0380:fixme:file:server_get_file_info Unsupported info class e
02a8:fixme:file:server_get_file_info Unsupported info class e
0380:fixme:file:server_get_file_info Unsupported info class e
0380:fixme:file:server_get_file_info Unsupported info class e
0360:fixme:file:server_get_file_info Unsupported info class e
0360:fixme:file:server_get_file_info Unsupported info class e
0360:fixme:file:server_get_file_info Unsupported info class e
0528:fixme:file:server_get_file_info Unsupported info class e
02ec:fixme:file:server_get_file_info Unsupported info class e
025c:fixme:file:server_get_file_info Unsupported info class e
06bc:fixme:file:server_get_file_info Unsupported info class e
076c:fixme:file:server_get_file_info Unsupported info class e
03b8:fixme:file:server_get_file_info Unsupported info class e
035c:fixme:file:server_get_file_info Unsupported info class e
035c:fixme:file:server_get_file_info Unsupported info class e
035c:fixme:file:server_get_file_info Unsupported info class e
0168:fixme:file:server_get_file_info Unsupported info class e
07d0:fixme:file:server_get_file_info Unsupported info class e
0254:fixme:file:server_get_file_info Unsupported info class e
0308:fixme:file:server_get_file_info Unsupported info class e
0384:fixme:file:server_get_file_info Unsupported info class e
0384:fixme:file:server_get_file_info Unsupported info class e
0384:fixme:file:server_get_file_info Unsupported info class e
037c:fixme:file:server_get_file_info Unsupported info class e
037c:fixme:file:server_get_file_info Unsupported info class e
037c:fixme:file:server_get_file_info Unsupported info class e
0374:fixme:file:server_get_file_info Unsupported info class e
0374:fixme:file:server_get_file_info Unsupported info class e
0374:fixme:file:server_get_file_info Unsupported info class e
036c:fixme:file:server_get_file_info Unsupported info class e
036c:fixme:file:server_get_file_info Unsupported info class e
036c:fixme:file:server_get_file_info Unsupported info class e
06a8:fixme:file:server_get_file_info Unsupported info class e
030c:fixme:file:server_get_file_info Unsupported info class e
0220:fixme:file:server_get_file_info Unsupported info class e
0578:fixme:file:server_get_file_info Unsupported info class e
0368:fixme:file:server_get_file_info Unsupported info class e
0368:fixme:file:server_get_file_info Unsupported info class e
0368:fixme:file:server_get_file_info Unsupported info class e
0370:fixme:file:server_get_file_info Unsupported info class e
0370:fixme:file:server_get_file_info Unsupported info class e
0370:fixme:file:server_get_file_info Unsupported info class e
0804:fixme:file:server_get_file_info Unsupported info class e
01e0:fixme:file:server_get_file_info Unsupported info class e
02b0:fixme:file:server_get_file_info Unsupported info class e
05a4:fixme:file:server_get_file_info Unsupported info class e
05e8:fixme:file:server_get_file_info Unsupported info class e
0818:fixme:file:server_get_file_info Unsupported info class e
0388:fixme:file:server_get_file_info Unsupported info class e
0388:fixme:file:server_get_file_info Unsupported info class e
0388:fixme:file:server_get_file_info Unsupported info class e
0378:fixme:file:server_get_file_info Unsupported info class e
0378:fixme:file:server_get_file_info Unsupported info class e
0378:fixme:file:server_get_file_info Unsupported info class e
0364:fixme:file:server_get_file_info Unsupported info class e
0364:fixme:file:server_get_file_info Unsupported info class e
0364:fixme:file:server_get_file_info Unsupported info class e
0288:fixme:file:server_get_file_info Unsupported info class e
02f4:fixme:file:server_get_file_info Unsupported info class e
0668:fixme:file:server_get_file_info Unsupported info class e
07f8:fixme:file:server_get_file_info Unsupported info class e
0380:fixme:file:server_get_file_info Unsupported info class e
0380:fixme:file:server_get_file_info Unsupported info class e
0380:fixme:file:server_get_file_info Unsupported info class e
0360:fixme:file:server_get_file_info Unsupported info class e
0360:fixme:file:server_get_file_info Unsupported info class e
0360:fixme:file:server_get_file_info Unsupported info class e
0310:fixme:file:server_get_file_info Unsupported info class e
0674:fixme:file:server_get_file_info Unsupported info class e
028c:fixme:file:server_get_file_info Unsupported info class e
0314:fixme:file:server_get_file_info Unsupported info class e
011c:fixme:file:server_get_file_info Unsupported info class e
0728:fixme:file:server_get_file_info Unsupported info class e
035c:fixme:file:server_get_file_info Unsupported info class e
035c:fixme:file:server_get_file_info Unsupported info class e
035c:fixme:file:server_get_file_info Unsupported info class e
0608:fixme:file:server_get_file_info Unsupported info class e
0568:fixme:file:server_get_file_info Unsupported info class e
0384:fixme:file:server_get_file_info Unsupported info class e
0384:fixme:file:server_get_file_info Unsupported info class e
0384:fixme:file:server_get_file_info Unsupported info class e
019c:fixme:file:server_get_file_info Unsupported info class e
0374:fixme:file:server_get_file_info Unsupported info class e
04c0:fixme:file:server_get_file_info Unsupported info class e
0374:fixme:file:server_get_file_info Unsupported info class e
0374:fixme:file:server_get_file_info Unsupported info class e
0580:fixme:file:server_get_file_info Unsupported info class e
02fc:fixme:file:server_get_file_info Unsupported info class e
036c:fixme:file:server_get_file_info Unsupported info class e
036c:fixme:file:server_get_file_info Unsupported info class e
036c:fixme:file:server_get_file_info Unsupported info class e
037c:fixme:file:server_get_file_info Unsupported info class e
037c:fixme:file:server_get_file_info Unsupported info class e
037c:fixme:file:server_get_file_info Unsupported info class e
04d4:fixme:file:server_get_file_info Unsupported info class e
01a8:fixme:file:server_get_file_info Unsupported info class e
[staging] Audio: 479/3388 completed
0394:fixme:file:server_get_file_info Unsupported info class e
03d4:fixme:file:server_get_file_info Unsupported info class e
0368:fixme:file:server_get_file_info Unsupported info class e
0368:fixme:file:server_get_file_info Unsupported info class e
0368:fixme:file:server_get_file_info Unsupported info class e
0370:fixme:file:server_get_file_info Unsupported info class e
07d8:fixme:file:server_get_file_info Unsupported info class e
05fc:fixme:file:server_get_file_info Unsupported info class e
0370:fixme:file:server_get_file_info Unsupported info class e
0370:fixme:file:server_get_file_info Unsupported info class e
0388:fixme:file:server_get_file_info Unsupported info class e
0388:fixme:file:server_get_file_info Unsupported info class e
0388:fixme:file:server_get_file_info Unsupported info class e
0684:fixme:file:server_get_file_info Unsupported info class e
0534:fixme:file:server_get_file_info Unsupported info class e
03f8:fixme:file:server_get_file_info Unsupported info class e
0488:fixme:file:server_get_file_info Unsupported info class e
0378:fixme:file:server_get_file_info Unsupported info class e
0378:fixme:file:server_get_file_info Unsupported info class e
0378:fixme:file:server_get_file_info Unsupported info class e
0380:fixme:file:server_get_file_info Unsupported info class e
0380:fixme:file:server_get_file_info Unsupported info class e
0380:fixme:file:server_get_file_info Unsupported info class e
0364:fixme:file:server_get_file_info Unsupported info class e
0364:fixme:file:server_get_file_info Unsupported info class e
0364:fixme:file:server_get_file_info Unsupported info class e
045c:fixme:file:server_get_file_info Unsupported info class e
04c4:fixme:file:server_get_file_info Unsupported info class e
040c:fixme:file:server_get_file_info Unsupported info class e
0588:fixme:file:server_get_file_info Unsupported info class e
0360:fixme:file:server_get_file_info Unsupported info class e
0360:fixme:file:server_get_file_info Unsupported info class e
0360:fixme:file:server_get_file_info Unsupported info class e
0210:fixme:file:server_get_file_info Unsupported info class e
04b8:fixme:file:server_get_file_info Unsupported info class e
04ec:fixme:file:server_get_file_info Unsupported info class e
06d8:fixme:file:server_get_file_info Unsupported info class e
035c:fixme:file:server_get_file_info Unsupported info class e
035c:fixme:file:server_get_file_info Unsupported info class e
035c:fixme:file:server_get_file_info Unsupported info class e
0374:fixme:file:server_get_file_info Unsupported info class e
07fc:fixme:file:server_get_file_info Unsupported info class e
0374:fixme:file:server_get_file_info Unsupported info class e
0374:fixme:file:server_get_file_info Unsupported info class e
0034:fixme:file:server_get_file_info Unsupported info class e
0384:fixme:file:server_get_file_info Unsupported info class e
0384:fixme:file:server_get_file_info Unsupported info class e
0384:fixme:file:server_get_file_info Unsupported info class e
0624:fixme:file:server_get_file_info Unsupported info class e
0778:fixme:file:server_get_file_info Unsupported info class e
036c:fixme:file:server_get_file_info Unsupported info class e
036c:fixme:file:server_get_file_info Unsupported info class e
036c:fixme:file:server_get_file_info Unsupported info class e
037c:fixme:file:server_get_file_info Unsupported info class e
037c:fixme:file:server_get_file_info Unsupported info class e
037c:fixme:file:server_get_file_info Unsupported info class e
0308:fixme:file:server_get_file_info Unsupported info class e
0138:fixme:file:server_get_file_info Unsupported info class e
05bc:fixme:file:server_get_file_info Unsupported info class e
0120:fixme:file:server_get_file_info Unsupported info class e
02e4:fixme:file:server_get_file_info Unsupported info class e
0558:fixme:file:server_get_file_info Unsupported info class e
0368:fixme:file:server_get_file_info Unsupported info class e
0368:fixme:file:server_get_file_info Unsupported info class e
0368:fixme:file:server_get_file_info Unsupported info class e
0620:fixme:file:server_get_file_info Unsupported info class e
075c:fixme:file:server_get_file_info Unsupported info class e
0388:fixme:file:server_get_file_info Unsupported info class e
0370:fixme:file:server_get_file_info Unsupported info class e
0388:fixme:file:server_get_file_info Unsupported info class e
0370:fixme:file:server_get_file_info Unsupported info class e
0370:fixme:file:server_get_file_info Unsupported info class e
0388:fixme:file:server_get_file_info Unsupported info class e
0714:fixme:file:server_get_file_info Unsupported info class e
05e0:fixme:file:server_get_file_info Unsupported info class e
0378:fixme:file:server_get_file_info Unsupported info class e
0378:fixme:file:server_get_file_info Unsupported info class e
0378:fixme:file:server_get_file_info Unsupported info class e
0550:fixme:file:server_get_file_info Unsupported info class e
02f0:fixme:file:server_get_file_info Unsupported info class e
0380:fixme:file:server_get_file_info Unsupported info class e
0380:fixme:file:server_get_file_info Unsupported info class e
0380:fixme:file:server_get_file_info Unsupported info class e
0364:fixme:file:server_get_file_info Unsupported info class e
0364:fixme:file:server_get_file_info Unsupported info class e
0364:fixme:file:server_get_file_info Unsupported info class e
0800:fixme:file:server_get_file_info Unsupported info class e
02a0:fixme:file:server_get_file_info Unsupported info class e
06a0:fixme:file:server_get_file_info Unsupported info class e
07b0:fixme:file:server_get_file_info Unsupported info class e
0360:fixme:file:server_get_file_info Unsupported info class e
0360:fixme:file:server_get_file_info Unsupported info class e
0360:fixme:file:server_get_file_info Unsupported info class e
04a0:fixme:file:server_get_file_info Unsupported info class e
0250:fixme:file:server_get_file_info Unsupported info class e
0448:fixme:file:server_get_file_info Unsupported info class e
04f8:fixme:file:server_get_file_info Unsupported info class e
0504:fixme:file:server_get_file_info Unsupported info class e
01d8:fixme:file:server_get_file_info Unsupported info class e
035c:fixme:file:server_get_file_info Unsupported info class e
035c:fixme:file:server_get_file_info Unsupported info class e
035c:fixme:file:server_get_file_info Unsupported info class e
036c:fixme:file:server_get_file_info Unsupported info class e
036c:fixme:file:server_get_file_info Unsupported info class e
036c:fixme:file:server_get_file_info Unsupported info class e
0374:fixme:file:server_get_file_info Unsupported info class e
0384:fixme:file:server_get_file_info Unsupported info class e
0384:fixme:file:server_get_file_info Unsupported info class e
0374:fixme:file:server_get_file_info Unsupported info class e
0384:fixme:file:server_get_file_info Unsupported info class e
0374:fixme:file:server_get_file_info Unsupported info class e
05b0:fixme:file:server_get_file_info Unsupported info class e
01fc:fixme:file:server_get_file_info Unsupported info class e
0780:fixme:file:server_get_file_info Unsupported info class e
070c:fixme:file:server_get_file_info Unsupported info class e
037c:fixme:file:server_get_file_info Unsupported info class e
037c:fixme:file:server_get_file_info Unsupported info class e
037c:fixme:file:server_get_file_info Unsupported info class e
04bc:fixme:file:server_get_file_info Unsupported info class e
054c:fixme:file:server_get_file_info Unsupported info class e
0368:fixme:file:server_get_file_info Unsupported info class e
0368:fixme:file:server_get_file_info Unsupported info class e
0368:fixme:file:server_get_file_info Unsupported info class e
07c0:fixme:file:server_get_file_info Unsupported info class e
01c0:fixme:file:server_get_file_info Unsupported info class e
064c:fixme:file:server_get_file_info Unsupported info class e
01a8:fixme:file:server_get_file_info Unsupported info class e
0388:fixme:file:server_get_file_info Unsupported info class e
0388:fixme:file:server_get_file_info Unsupported info class e
0388:fixme:file:server_get_file_info Unsupported info class e
05d8:fixme:file:server_get_file_info Unsupported info class e
01e4:fixme:file:server_get_file_info Unsupported info class e
0370:fixme:file:server_get_file_info Unsupported info class e
0370:fixme:file:server_get_file_info Unsupported info class e
0370:fixme:file:server_get_file_info Unsupported info class e
0364:fixme:file:server_get_file_info Unsupported info class e
0364:fixme:file:server_get_file_info Unsupported info class e
0364:fixme:file:server_get_file_info Unsupported info class e
0378:fixme:file:server_get_file_info Unsupported info class e
0050:fixme:file:server_get_file_info Unsupported info class e
0378:fixme:file:server_get_file_info Unsupported info class e
0214:fixme:file:server_get_file_info Unsupported info class e
0378:fixme:file:server_get_file_info Unsupported info class e
0434:fixme:file:server_get_file_info Unsupported info class e
0254:fixme:file:server_get_file_info Unsupported info class e
0380:fixme:file:server_get_file_info Unsupported info class e
0380:fixme:file:server_get_file_info Unsupported info class e
0380:fixme:file:server_get_file_info Unsupported info class e
040c:fixme:file:server_get_file_info Unsupported info class e
03b4:fixme:file:server_get_file_info Unsupported info class e
0360:fixme:file:server_get_file_info Unsupported info class e
0360:fixme:file:server_get_file_info Unsupported info class e
0360:fixme:file:server_get_file_info Unsupported info class e
0480:fixme:file:server_get_file_info Unsupported info class e
0450:fixme:file:server_get_file_info Unsupported info class e
06d4:fixme:file:server_get_file_info Unsupported info class e
0814:fixme:file:server_get_file_info Unsupported info class e
035c:fixme:file:server_get_file_info Unsupported info class e
0374:fixme:file:server_get_file_info Unsupported info class e
0374:fixme:file:server_get_file_info Unsupported info class e
035c:fixme:file:server_get_file_info Unsupported info class e
0384:fixme:file:server_get_file_info Unsupported info class e
0374:fixme:file:server_get_file_info Unsupported info class e
035c:fixme:file:server_get_file_info Unsupported info class e
036c:fixme:file:server_get_file_info Unsupported info class e
0384:fixme:file:server_get_file_info Unsupported info class e
036c:fixme:file:server_get_file_info Unsupported info class e
0384:fixme:file:server_get_file_info Unsupported info class e
036c:fixme:file:server_get_file_info Unsupported info class e
0748:fixme:file:server_get_file_info Unsupported info class e
07f4:fixme:file:server_get_file_info Unsupported info class e
046c:fixme:file:server_get_file_info Unsupported info class e
05a4:fixme:file:server_get_file_info Unsupported info class e
0778:fixme:file:server_get_file_info Unsupported info class e
0284:fixme:file:server_get_file_info Unsupported info class e
0508:fixme:file:server_get_file_info Unsupported info class e
02b0:fixme:file:server_get_file_info Unsupported info class e
037c:fixme:file:server_get_file_info Unsupported info class e
037c:fixme:file:server_get_file_info Unsupported info class e
037c:fixme:file:server_get_file_info Unsupported info class e
0368:fixme:file:server_get_file_info Unsupported info class e
0368:fixme:file:server_get_file_info Unsupported info class e
0368:fixme:file:server_get_file_info Unsupported info class e
0174:fixme:file:server_get_file_info Unsupported info class e
0690:fixme:file:server_get_file_info Unsupported info class e
0334:fixme:file:server_get_file_info Unsupported info class e
0668:fixme:file:server_get_file_info Unsupported info class e
0388:fixme:file:server_get_file_info Unsupported info class e
0388:fixme:file:server_get_file_info Unsupported info class e
0388:fixme:file:server_get_file_info Unsupported info class e
0370:fixme:file:server_get_file_info Unsupported info class e
0370:fixme:file:server_get_file_info Unsupported info class e
0370:fixme:file:server_get_file_info Unsupported info class e
0364:fixme:file:server_get_file_info Unsupported info class e
0364:fixme:file:server_get_file_info Unsupported info class e
0364:fixme:file:server_get_file_info Unsupported info class e
07f8:fixme:file:server_get_file_info Unsupported info class e
0648:fixme:file:server_get_file_info Unsupported info class e
0164:fixme:file:server_get_file_info Unsupported info class e
03e4:fixme:file:server_get_file_info Unsupported info class e
0378:fixme:file:server_get_file_info Unsupported info class e
0378:fixme:file:server_get_file_info Unsupported info class e
0378:fixme:file:server_get_file_info Unsupported info class e
042c:fixme:file:server_get_file_info Unsupported info class e
0770:fixme:file:server_get_file_info Unsupported info class e
0140:fixme:file:server_get_file_info Unsupported info class e
0160:fixme:file:server_get_file_info Unsupported info class e
0360:fixme:file:server_get_file_info Unsupported info class e
0360:fixme:file:server_get_file_info Unsupported info class e
0360:fixme:file:server_get_file_info Unsupported info class e
0380:fixme:file:server_get_file_info Unsupported info class e
0380:fixme:file:server_get_file_info Unsupported info class e
0380:fixme:file:server_get_file_info Unsupported info class e
011c:fixme:file:server_get_file_info Unsupported info class e
01b8:fixme:file:server_get_file_info Unsupported info class e
0374:fixme:file:server_get_file_info Unsupported info class e
0374:fixme:file:server_get_file_info Unsupported info class e
0374:fixme:file:server_get_file_info Unsupported info class e
035c:fixme:file:server_get_file_info Unsupported info class e
035c:fixme:file:server_get_file_info Unsupported info class e
035c:fixme:file:server_get_file_info Unsupported info class e
0768:fixme:file:server_get_file_info Unsupported info class e
0148:fixme:file:server_get_file_info Unsupported info class e
014c:fixme:file:server_get_file_info Unsupported info class e
041c:fixme:file:server_get_file_info Unsupported info class e
04b4:fixme:file:server_get_file_info Unsupported info class e
04e0:fixme:file:server_get_file_info Unsupported info class e
036c:fixme:file:server_get_file_info Unsupported info class e
036c:fixme:file:server_get_file_info Unsupported info class e
036c:fixme:file:server_get_file_info Unsupported info class e
0384:fixme:file:server_get_file_info Unsupported info class e
0384:fixme:file:server_get_file_info Unsupported info class e
0384:fixme:file:server_get_file_info Unsupported info class e
05fc:fixme:file:server_get_file_info Unsupported info class e
039c:fixme:file:server_get_file_info Unsupported info class e
052c:fixme:file:server_get_file_info Unsupported info class e
07cc:fixme:file:server_get_file_info Unsupported info class e
0368:fixme:file:server_get_file_info Unsupported info class e
0368:fixme:file:server_get_file_info Unsupported info class e
0368:fixme:file:server_get_file_info Unsupported info class e
037c:fixme:file:server_get_file_info Unsupported info class e
037c:fixme:file:server_get_file_info Unsupported info class e
037c:fixme:file:server_get_file_info Unsupported info class e
07e0:fixme:file:server_get_file_info Unsupported info class e
02b8:fixme:file:server_get_file_info Unsupported info class e
076c:fixme:file:server_get_file_info Unsupported info class e
05c4:fixme:file:server_get_file_info Unsupported info class e
0388:fixme:file:server_get_file_info Unsupported info class e
0388:fixme:file:server_get_file_info Unsupported info class e
0388:fixme:file:server_get_file_info Unsupported info class e
0370:fixme:file:server_get_file_info Unsupported info class e
0370:fixme:file:server_get_file_info Unsupported info class e
0370:fixme:file:server_get_file_info Unsupported info class e
0364:fixme:file:server_get_file_info Unsupported info class e
0364:fixme:file:server_get_file_info Unsupported info class e
0364:fixme:file:server_get_file_info Unsupported info class e
03e8:fixme:file:server_get_file_info Unsupported info class e
0200:fixme:file:server_get_file_info Unsupported info class e
0464:fixme:file:server_get_file_info Unsupported info class e
0584:fixme:file:server_get_file_info Unsupported info class e
06b0:fixme:file:server_get_file_info Unsupported info class e
06f0:fixme:file:server_get_file_info Unsupported info class e
0360:fixme:file:server_get_file_info Unsupported info class e
0360:fixme:file:server_get_file_info Unsupported info class e
0360:fixme:file:server_get_file_info Unsupported info class e
038c:fixme:file:server_get_file_info Unsupported info class e
03b4:fixme:file:server_get_file_info Unsupported info class e
035c:fixme:file:server_get_file_info Unsupported info class e
035c:fixme:file:server_get_file_info Unsupported info class e
035c:fixme:file:server_get_file_info Unsupported info class e
0378:fixme:file:server_get_file_info Unsupported info class e
0378:fixme:file:server_get_file_info Unsupported info class e
0378:fixme:file:server_get_file_info Unsupported info class e
0520:fixme:file:server_get_file_info Unsupported info class e
01f4:fixme:file:server_get_file_info Unsupported info class e
0380:fixme:file:server_get_file_info Unsupported info class e
0380:fixme:file:server_get_file_info Unsupported info class e
0380:fixme:file:server_get_file_info Unsupported info class e
0318:fixme:file:server_get_file_info Unsupported info class e
0288:fixme:file:server_get_file_info Unsupported info class e
036c:fixme:file:server_get_file_info Unsupported info class e
036c:fixme:file:server_get_file_info Unsupported info class e
036c:fixme:file:server_get_file_info Unsupported info class e
0374:fixme:file:server_get_file_info Unsupported info class e
0374:fixme:file:server_get_file_info Unsupported info class e
0374:fixme:file:server_get_file_info Unsupported info class e
05f8:fixme:file:server_get_file_info Unsupported info class e
006c:fixme:file:server_get_file_info Unsupported info class e
0420:fixme:file:server_get_file_info Unsupported info class e
0724:fixme:file:server_get_file_info Unsupported info class e
0384:fixme:file:server_get_file_info Unsupported info class e
0384:fixme:file:server_get_file_info Unsupported info class e
0384:fixme:file:server_get_file_info Unsupported info class e
0548:fixme:file:server_get_file_info Unsupported info class e
0498:fixme:file:server_get_file_info Unsupported info class e
0368:fixme:file:server_get_file_info Unsupported info class e
0368:fixme:file:server_get_file_info Unsupported info class e
0368:fixme:file:server_get_file_info Unsupported info class e
072c:fixme:file:server_get_file_info Unsupported info class e
03f0:fixme:file:server_get_file_info Unsupported info class e
02b0:fixme:file:server_get_file_info Unsupported info class e
0778:fixme:file:server_get_file_info Unsupported info class e
037c:fixme:file:server_get_file_info Unsupported info class e
037c:fixme:file:server_get_file_info Unsupported info class e
037c:fixme:file:server_get_file_info Unsupported info class e
0388:fixme:file:server_get_file_info Unsupported info class e
0388:fixme:file:server_get_file_info Unsupported info class e
0388:fixme:file:server_get_file_info Unsupported info class e
0370:fixme:file:server_get_file_info Unsupported info class e
0370:fixme:file:server_get_file_info Unsupported info class e
0370:fixme:file:server_get_file_info Unsupported info class e
0364:fixme:file:server_get_file_info Unsupported info class e
0364:fixme:file:server_get_file_info Unsupported info class e
0364:fixme:file:server_get_file_info Unsupported info class e
07b0:fixme:file:server_get_file_info Unsupported info class e
06a0:fixme:file:server_get_file_info Unsupported info class e
0208:fixme:file:server_get_file_info Unsupported info class e
059c:fixme:file:server_get_file_info Unsupported info class e
0668:fixme:file:server_get_file_info Unsupported info class e
012c:fixme:file:server_get_file_info Unsupported info class e
0360:fixme:file:server_get_file_info Unsupported info class e
0360:fixme:file:server_get_file_info Unsupported info class e
0360:fixme:file:server_get_file_info Unsupported info class e
0620:fixme:file:server_get_file_info Unsupported info class e
062c:fixme:file:server_get_file_info Unsupported info class e
0380:fixme:file:server_get_file_info Unsupported info class e
0378:fixme:file:server_get_file_info Unsupported info class e
0380:fixme:file:server_get_file_info Unsupported info class e
0378:fixme:file:server_get_file_info Unsupported info class e
0738:fixme:file:server_get_file_info Unsupported info class e
0380:fixme:file:server_get_file_info Unsupported info class e
0378:fixme:file:server_get_file_info Unsupported info class e
0794:fixme:file:server_get_file_info Unsupported info class e
035c:fixme:file:server_get_file_info Unsupported info class e
0134:fixme:file:server_get_file_info Unsupported info class e
035c:fixme:file:server_get_file_info Unsupported info class e
03bc:fixme:file:server_get_file_info Unsupported info class e
035c:fixme:file:server_get_file_info Unsupported info class e
05b4:fixme:file:server_get_file_info Unsupported info class e
0734:fixme:file:server_get_file_info Unsupported info class e
036c:fixme:file:server_get_file_info Unsupported info class e
036c:fixme:file:server_get_file_info Unsupported info class e
036c:fixme:file:server_get_file_info Unsupported info class e
0374:fixme:file:server_get_file_info Unsupported info class e
0374:fixme:file:server_get_file_info Unsupported info class e
0374:fixme:file:server_get_file_info Unsupported info class e
023c:fixme:file:server_get_file_info Unsupported info class e
032c:fixme:file:server_get_file_info Unsupported info class e
06b8:fixme:file:server_get_file_info Unsupported info class e
07d0:fixme:file:server_get_file_info Unsupported info class e
01d4:fixme:file:server_get_file_info Unsupported info class e
078c:fixme:file:server_get_file_info Unsupported info class e
0384:fixme:file:server_get_file_info Unsupported info class e
0384:fixme:file:server_get_file_info Unsupported info class e
0384:fixme:file:server_get_file_info Unsupported info class e
0368:fixme:file:server_get_file_info Unsupported info class e
0368:fixme:file:server_get_file_info Unsupported info class e
0368:fixme:file:server_get_file_info Unsupported info class e
0490:fixme:file:server_get_file_info Unsupported info class e
07c4:fixme:file:server_get_file_info Unsupported info class e
01a8:fixme:file:server_get_file_info Unsupported info class e
020c:fixme:file:server_get_file_info Unsupported info class e
037c:fixme:file:server_get_file_info Unsupported info class e
037c:fixme:file:server_get_file_info Unsupported info class e
037c:fixme:file:server_get_file_info Unsupported info class e
0050:fixme:file:server_get_file_info Unsupported info class e
040c:fixme:file:server_get_file_info Unsupported info class e
0388:fixme:file:server_get_file_info Unsupported info class e
0388:fixme:file:server_get_file_info Unsupported info class e
0388:fixme:file:server_get_file_info Unsupported info class e
0370:fixme:file:server_get_file_info Unsupported info class e
0370:fixme:file:server_get_file_info Unsupported info class e
0370:fixme:file:server_get_file_info Unsupported info class e
04ec:fixme:file:server_get_file_info Unsupported info class e
0324:fixme:file:server_get_file_info Unsupported info class e
0364:fixme:file:server_get_file_info Unsupported info class e
0364:fixme:file:server_get_file_info Unsupported info class e
0364:fixme:file:server_get_file_info Unsupported info class e
0664:fixme:file:server_get_file_info Unsupported info class e
02e4:fixme:file:server_get_file_info Unsupported info class e
0138:fixme:file:server_get_file_info Unsupported info class e
073c:fixme:file:server_get_file_info Unsupported info class e
0380:fixme:file:server_get_file_info Unsupported info class e
0380:fixme:file:server_get_file_info Unsupported info class e
0380:fixme:file:server_get_file_info Unsupported info class e
0378:fixme:file:server_get_file_info Unsupported info class e
0378:fixme:file:server_get_file_info Unsupported info class e
0378:fixme:file:server_get_file_info Unsupported info class e
01f8:fixme:file:server_get_file_info Unsupported info class e
0500:fixme:file:server_get_file_info Unsupported info class e
05a4:fixme:file:server_get_file_info Unsupported info class e
0344:fixme:file:server_get_file_info Unsupported info class e
0360:fixme:file:server_get_file_info Unsupported info class e
0360:fixme:file:server_get_file_info Unsupported info class e
0360:fixme:file:server_get_file_info Unsupported info class e
06c4:fixme:file:server_get_file_info Unsupported info class e
02a4:fixme:file:server_get_file_info Unsupported info class e
0374:fixme:file:server_get_file_info Unsupported info class e
0374:fixme:file:server_get_file_info Unsupported info class e
0374:fixme:file:server_get_file_info Unsupported info class e
035c:fixme:file:server_get_file_info Unsupported info class e
035c:fixme:file:server_get_file_info Unsupported info class e
035c:fixme:file:server_get_file_info Unsupported info class e
036c:fixme:file:server_get_file_info Unsupported info class e
036c:fixme:file:server_get_file_info Unsupported info class e
036c:fixme:file:server_get_file_info Unsupported info class e
07fc:fixme:file:server_get_file_info Unsupported info class e
0294:fixme:file:server_get_file_info Unsupported info class e
0660:fixme:file:server_get_file_info Unsupported info class e
0384:fixme:file:server_get_file_info Unsupported info class e
028c:fixme:file:server_get_file_info Unsupported info class e
0384:fixme:file:server_get_file_info Unsupported info class e
0384:fixme:file:server_get_file_info Unsupported info class e
03a8:fixme:file:server_get_file_info Unsupported info class e
0368:fixme:file:server_get_file_info Unsupported info class e
0250:fixme:file:server_get_file_info Unsupported info class e
0368:fixme:file:server_get_file_info Unsupported info class e
0368:fixme:file:server_get_file_info Unsupported info class e
0648:fixme:file:server_get_file_info Unsupported info class e
0710:fixme:file:server_get_file_info Unsupported info class e
037c:fixme:file:server_get_file_info Unsupported info class e
037c:fixme:file:server_get_file_info Unsupported info class e
037c:fixme:file:server_get_file_info Unsupported info class e
02ac:fixme:file:server_get_file_info Unsupported info class e
04c0:fixme:file:server_get_file_info Unsupported info class e
0388:fixme:file:server_get_file_info Unsupported info class e
0438:fixme:file:server_get_file_info Unsupported info class e
0388:fixme:file:server_get_file_info Unsupported info class e
033c:fixme:file:server_get_file_info Unsupported info class e
0388:fixme:file:server_get_file_info Unsupported info class e
0404:fixme:file:server_get_file_info Unsupported info class e
06d0:fixme:file:server_get_file_info Unsupported info class e
0370:fixme:file:server_get_file_info Unsupported info class e
0370:fixme:file:server_get_file_info Unsupported info class e
0370:fixme:file:server_get_file_info Unsupported info class e
0364:fixme:file:server_get_file_info Unsupported info class e
0364:fixme:file:server_get_file_info Unsupported info class e
016c:fixme:file:server_get_file_info Unsupported info class e
0380:fixme:file:server_get_file_info Unsupported info class e
0364:fixme:file:server_get_file_info Unsupported info class e
0380:fixme:file:server_get_file_info Unsupported info class e
05ac:fixme:file:server_get_file_info Unsupported info class e
0380:fixme:file:server_get_file_info Unsupported info class e
0148:fixme:file:server_get_file_info Unsupported info class e
05ec:fixme:file:server_get_file_info Unsupported info class e
02a0:fixme:file:server_get_file_info Unsupported info class e
0188:fixme:file:server_get_file_info Unsupported info class e
0378:fixme:file:server_get_file_info Unsupported info class e
0378:fixme:file:server_get_file_info Unsupported info class e
0378:fixme:file:server_get_file_info Unsupported info class e
0360:fixme:file:server_get_file_info Unsupported info class e
0360:fixme:file:server_get_file_info Unsupported info class e
0360:fixme:file:server_get_file_info Unsupported info class e
0374:fixme:file:server_get_file_info Unsupported info class e
0374:fixme:file:server_get_file_info Unsupported info class e
0374:fixme:file:server_get_file_info Unsupported info class e
01c0:fixme:file:server_get_file_info Unsupported info class e
02fc:fixme:file:server_get_file_info Unsupported info class e
07cc:fixme:file:server_get_file_info Unsupported info class e
03d8:fixme:file:server_get_file_info Unsupported info class e
0430:fixme:file:server_get_file_info Unsupported info class e
04c4:fixme:file:server_get_file_info Unsupported info class e
0368:fixme:file:server_get_file_info Unsupported info class e
0368:fixme:file:server_get_file_info Unsupported info class e
0384:fixme:file:server_get_file_info Unsupported info class e
0368:fixme:file:server_get_file_info Unsupported info class e
0384:fixme:file:server_get_file_info Unsupported info class e
0384:fixme:file:server_get_file_info Unsupported info class e
06b4:fixme:file:server_get_file_info Unsupported info class e
02b8:fixme:file:server_get_file_info Unsupported info class e
0448:fixme:file:server_get_file_info Unsupported info class e
0634:fixme:file:server_get_file_info Unsupported info class e
035c:fixme:file:server_get_file_info Unsupported info class e
035c:fixme:file:server_get_file_info Unsupported info class e
035c:fixme:file:server_get_file_info Unsupported info class e
036c:fixme:file:server_get_file_info Unsupported info class e
036c:fixme:file:server_get_file_info Unsupported info class e
036c:fixme:file:server_get_file_info Unsupported info class e
0238:fixme:file:server_get_file_info Unsupported info class e
05d4:fixme:file:server_get_file_info Unsupported info class e
0750:fixme:file:server_get_file_info Unsupported info class e
03a0:fixme:file:server_get_file_info Unsupported info class e
037c:fixme:file:server_get_file_info Unsupported info class e
037c:fixme:file:server_get_file_info Unsupported info class e
037c:fixme:file:server_get_file_info Unsupported info class e
0388:fixme:file:server_get_file_info Unsupported info class e
0388:fixme:file:server_get_file_info Unsupported info class e
0370:fixme:file:server_get_file_info Unsupported info class e
0388:fixme:file:server_get_file_info Unsupported info class e
0370:fixme:file:server_get_file_info Unsupported info class e
0370:fixme:file:server_get_file_info Unsupported info class e
03f4:fixme:file:server_get_file_info Unsupported info class e
0568:fixme:file:server_get_file_info Unsupported info class e
0614:fixme:file:server_get_file_info Unsupported info class e
01f4:fixme:file:server_get_file_info Unsupported info class e
0364:fixme:file:server_get_file_info Unsupported info class e
0364:fixme:file:server_get_file_info Unsupported info class e
0364:fixme:file:server_get_file_info Unsupported info class e
[staging] Audio: 583/3388 completed
040c:fixme:file:server_get_file_info Unsupported info class e
06a4:fixme:file:server_get_file_info Unsupported info class e
07b8:fixme:file:server_get_file_info Unsupported info class e
0414:fixme:file:server_get_file_info Unsupported info class e
0378:fixme:file:server_get_file_info Unsupported info class e
0378:fixme:file:server_get_file_info Unsupported info class e
0378:fixme:file:server_get_file_info Unsupported info class e
0380:fixme:file:server_get_file_info Unsupported info class e
0380:fixme:file:server_get_file_info Unsupported info class e
0380:fixme:file:server_get_file_info Unsupported info class e
0360:fixme:file:server_get_file_info Unsupported info class e
0360:fixme:file:server_get_file_info Unsupported info class e
0360:fixme:file:server_get_file_info Unsupported info class e
02dc:fixme:file:server_get_file_info Unsupported info class e
01f0:fixme:file:server_get_file_info Unsupported info class e
05f8:fixme:file:server_get_file_info Unsupported info class e
0374:fixme:file:server_get_file_info Unsupported info class e
0374:fixme:file:server_get_file_info Unsupported info class e
0374:fixme:file:server_get_file_info Unsupported info class e
0498:fixme:file:server_get_file_info Unsupported info class e
0028:fixme:file:server_get_file_info Unsupported info class e
0548:fixme:file:server_get_file_info Unsupported info class e
0368:fixme:file:server_get_file_info Unsupported info class e
0368:fixme:file:server_get_file_info Unsupported info class e
0368:fixme:file:server_get_file_info Unsupported info class e
0384:fixme:file:server_get_file_info Unsupported info class e
0384:fixme:file:server_get_file_info Unsupported info class e
0384:fixme:file:server_get_file_info Unsupported info class e
0684:fixme:file:server_get_file_info Unsupported info class e
07c8:fixme:file:server_get_file_info Unsupported info class e
0180:fixme:file:server_get_file_info Unsupported info class e
072c:fixme:file:server_get_file_info Unsupported info class e
0758:fixme:file:server_get_file_info Unsupported info class e
06c0:fixme:file:server_get_file_info Unsupported info class e
035c:fixme:file:server_get_file_info Unsupported info class e
035c:fixme:file:server_get_file_info Unsupported info class e
036c:fixme:file:server_get_file_info Unsupported info class e
035c:fixme:file:server_get_file_info Unsupported info class e
036c:fixme:file:server_get_file_info Unsupported info class e
036c:fixme:file:server_get_file_info Unsupported info class e
0154:fixme:file:server_get_file_info Unsupported info class e
0790:fixme:file:server_get_file_info Unsupported info class e
037c:fixme:file:server_get_file_info Unsupported info class e
037c:fixme:file:server_get_file_info Unsupported info class e
037c:fixme:file:server_get_file_info Unsupported info class e
0370:fixme:file:server_get_file_info Unsupported info class e
0370:fixme:file:server_get_file_info Unsupported info class e
0370:fixme:file:server_get_file_info Unsupported info class e
03dc:fixme:file:server_get_file_info Unsupported info class e
0220:fixme:file:server_get_file_info Unsupported info class e
014c:fixme:file:server_get_file_info Unsupported info class e
064c:fixme:file:server_get_file_info Unsupported info class e
0130:fixme:file:server_get_file_info Unsupported info class e
069c:fixme:file:server_get_file_info Unsupported info class e
0388:fixme:file:server_get_file_info Unsupported info class e
0388:fixme:file:server_get_file_info Unsupported info class e
0388:fixme:file:server_get_file_info Unsupported info class e
0364:fixme:file:server_get_file_info Unsupported info class e
0364:fixme:file:server_get_file_info Unsupported info class e
0364:fixme:file:server_get_file_info Unsupported info class e
068c:fixme:file:server_get_file_info Unsupported info class e
0454:fixme:file:server_get_file_info Unsupported info class e
0734:fixme:file:server_get_file_info Unsupported info class e
0124:fixme:file:server_get_file_info Unsupported info class e
0378:fixme:file:server_get_file_info Unsupported info class e
0378:fixme:file:server_get_file_info Unsupported info class e
0378:fixme:file:server_get_file_info Unsupported info class e
0380:fixme:file:server_get_file_info Unsupported info class e
0380:fixme:file:server_get_file_info Unsupported info class e
0380:fixme:file:server_get_file_info Unsupported info class e
07dc:fixme:file:server_get_file_info Unsupported info class e
0600:fixme:file:server_get_file_info Unsupported info class e
016c:fixme:file:server_get_file_info Unsupported info class e
0300:fixme:file:server_get_file_info Unsupported info class e
0360:fixme:file:server_get_file_info Unsupported info class e
0360:fixme:file:server_get_file_info Unsupported info class e
0360:fixme:file:server_get_file_info Unsupported info class e
0374:fixme:file:server_get_file_info Unsupported info class e
0374:fixme:file:server_get_file_info Unsupported info class e
0374:fixme:file:server_get_file_info Unsupported info class e
0588:fixme:file:server_get_file_info Unsupported info class e
0290:fixme:file:server_get_file_info Unsupported info class e
0584:fixme:file:server_get_file_info Unsupported info class e
071c:fixme:file:server_get_file_info Unsupported info class e
0384:fixme:file:server_get_file_info Unsupported info class e
0384:fixme:file:server_get_file_info Unsupported info class e
0368:fixme:file:server_get_file_info Unsupported info class e
0384:fixme:file:server_get_file_info Unsupported info class e
0368:fixme:file:server_get_file_info Unsupported info class e
0368:fixme:file:server_get_file_info Unsupported info class e
0748:fixme:file:server_get_file_info Unsupported info class e
07f4:fixme:file:server_get_file_info Unsupported info class e
035c:fixme:file:server_get_file_info Unsupported info class e
035c:fixme:file:server_get_file_info Unsupported info class e
035c:fixme:file:server_get_file_info Unsupported info class e
036c:fixme:file:server_get_file_info Unsupported info class e
036c:fixme:file:server_get_file_info Unsupported info class e
036c:fixme:file:server_get_file_info Unsupported info class e
0508:fixme:file:server_get_file_info Unsupported info class e
034c:fixme:file:server_get_file_info Unsupported info class e
0518:fixme:file:server_get_file_info Unsupported info class e
07d4:fixme:file:server_get_file_info Unsupported info class e
04f8:fixme:file:server_get_file_info Unsupported info class e
05b0:fixme:file:server_get_file_info Unsupported info class e
037c:fixme:file:server_get_file_info Unsupported info class e
037c:fixme:file:server_get_file_info Unsupported info class e
037c:fixme:file:server_get_file_info Unsupported info class e
0364:fixme:file:server_get_file_info Unsupported info class e
0364:fixme:file:server_get_file_info Unsupported info class e
0364:fixme:file:server_get_file_info Unsupported info class e
0334:fixme:file:server_get_file_info Unsupported info class e
0370:fixme:file:server_get_file_info Unsupported info class e
0354:fixme:file:server_get_file_info Unsupported info class e
0370:fixme:file:server_get_file_info Unsupported info class e
0370:fixme:file:server_get_file_info Unsupported info class e
006c:fixme:file:server_get_file_info Unsupported info class e
0358:fixme:file:server_get_file_info Unsupported info class e
0388:fixme:file:server_get_file_info Unsupported info class e
0388:fixme:file:server_get_file_info Unsupported info class e
0388:fixme:file:server_get_file_info Unsupported info class e
06c8:fixme:file:server_get_file_info Unsupported info class e
051c:fixme:file:server_get_file_info Unsupported info class e
0380:fixme:file:server_get_file_info Unsupported info class e
0380:fixme:file:server_get_file_info Unsupported info class e
0380:fixme:file:server_get_file_info Unsupported info class e
0638:fixme:file:server_get_file_info Unsupported info class e
0414:fixme:file:server_get_file_info Unsupported info class e
0144:fixme:file:server_get_file_info Unsupported info class e
03c0:fixme:file:server_get_file_info Unsupported info class e
0294:fixme:file:server_get_file_info Unsupported info class e
0250:fixme:file:server_get_file_info Unsupported info class e
0384:fixme:file:server_get_file_info Unsupported info class e
0384:fixme:file:server_get_file_info Unsupported info class e
0384:fixme:file:server_get_file_info Unsupported info class e
012c:fixme:file:server_get_file_info Unsupported info class e
025c:fixme:file:server_get_file_info Unsupported info class e
0374:fixme:file:server_get_file_info Unsupported info class e
0374:fixme:file:server_get_file_info Unsupported info class e
0374:fixme:file:server_get_file_info Unsupported info class e
0378:fixme:file:server_get_file_info Unsupported info class e
0378:fixme:file:server_get_file_info Unsupported info class e
0378:fixme:file:server_get_file_info Unsupported info class e
0710:fixme:file:server_get_file_info Unsupported info class e
04dc:fixme:file:server_get_file_info Unsupported info class e
035c:fixme:file:server_get_file_info Unsupported info class e
035c:fixme:file:server_get_file_info Unsupported info class e
035c:fixme:file:server_get_file_info Unsupported info class e
0368:fixme:file:server_get_file_info Unsupported info class e
0368:fixme:file:server_get_file_info Unsupported info class e
00dc:fixme:file:server_get_file_info Unsupported info class e
0368:fixme:file:server_get_file_info Unsupported info class e
0680:fixme:file:server_get_file_info Unsupported info class e
01a4:fixme:file:server_get_file_info Unsupported info class e
06ec:fixme:file:server_get_file_info Unsupported info class e
0364:fixme:file:server_get_file_info Unsupported info class e
0364:fixme:file:server_get_file_info Unsupported info class e
0364:fixme:file:server_get_file_info Unsupported info class e
037c:fixme:file:server_get_file_info Unsupported info class e
037c:fixme:file:server_get_file_info Unsupported info class e
037c:fixme:file:server_get_file_info Unsupported info class e
0394:fixme:file:server_get_file_info Unsupported info class e
0360:fixme:file:server_get_file_info Unsupported info class e
0790:fixme:file:server_get_file_info Unsupported info class e
0154:fixme:file:server_get_file_info Unsupported info class e
0360:fixme:file:server_get_file_info Unsupported info class e
0654:fixme:file:server_get_file_info Unsupported info class e
0360:fixme:file:server_get_file_info Unsupported info class e
0380:fixme:file:server_get_file_info Unsupported info class e
0380:fixme:file:server_get_file_info Unsupported info class e
0380:fixme:file:server_get_file_info Unsupported info class e
0388:fixme:file:server_get_file_info Unsupported info class e
0388:fixme:file:server_get_file_info Unsupported info class e
0388:fixme:file:server_get_file_info Unsupported info class e
0370:fixme:file:server_get_file_info Unsupported info class e
0370:fixme:file:server_get_file_info Unsupported info class e
0370:fixme:file:server_get_file_info Unsupported info class e
01d4:fixme:file:server_get_file_info Unsupported info class e
02bc:fixme:file:server_get_file_info Unsupported info class e
0530:fixme:file:server_get_file_info Unsupported info class e
0428:fixme:file:server_get_file_info Unsupported info class e
036c:fixme:file:server_get_file_info Unsupported info class e
036c:fixme:file:server_get_file_info Unsupported info class e
036c:fixme:file:server_get_file_info Unsupported info class e
0450:fixme:file:server_get_file_info Unsupported info class e
027c:fixme:file:server_get_file_info Unsupported info class e
06bc:fixme:file:server_get_file_info Unsupported info class e
075c:fixme:file:server_get_file_info Unsupported info class e
0384:fixme:file:server_get_file_info Unsupported info class e
0384:fixme:file:server_get_file_info Unsupported info class e
0384:fixme:file:server_get_file_info Unsupported info class e
0738:fixme:file:server_get_file_info Unsupported info class e
0714:fixme:file:server_get_file_info Unsupported info class e
0494:fixme:file:server_get_file_info Unsupported info class e
065c:fixme:file:server_get_file_info Unsupported info class e
0374:fixme:file:server_get_file_info Unsupported info class e
0374:fixme:file:server_get_file_info Unsupported info class e
0374:fixme:file:server_get_file_info Unsupported info class e
07cc:fixme:file:server_get_file_info Unsupported info class e
0634:fixme:file:server_get_file_info Unsupported info class e
04c0:fixme:file:server_get_file_info Unsupported info class e
06ac:fixme:file:server_get_file_info Unsupported info class e
02c8:fixme:file:server_get_file_info Unsupported info class e
063c:fixme:file:server_get_file_info Unsupported info class e
0368:fixme:file:server_get_file_info Unsupported info class e
0368:fixme:file:server_get_file_info Unsupported info class e
0368:fixme:file:server_get_file_info Unsupported info class e
0378:fixme:file:server_get_file_info Unsupported info class e
0378:fixme:file:server_get_file_info Unsupported info class e
035c:fixme:file:server_get_file_info Unsupported info class e
0378:fixme:file:server_get_file_info Unsupported info class e
035c:fixme:file:server_get_file_info Unsupported info class e
035c:fixme:file:server_get_file_info Unsupported info class e
037c:fixme:file:server_get_file_info Unsupported info class e
037c:fixme:file:server_get_file_info Unsupported info class e
037c:fixme:file:server_get_file_info Unsupported info class e
03f0:fixme:file:server_get_file_info Unsupported info class e
02b8:fixme:file:server_get_file_info Unsupported info class e
0364:fixme:file:server_get_file_info Unsupported info class e
0364:fixme:file:server_get_file_info Unsupported info class e
0364:fixme:file:server_get_file_info Unsupported info class e
05b0:fixme:file:server_get_file_info Unsupported info class e
0518:fixme:file:server_get_file_info Unsupported info class e
0354:fixme:file:server_get_file_info Unsupported info class e
034c:fixme:file:server_get_file_info Unsupported info class e
0508:fixme:file:server_get_file_info Unsupported info class e
0334:fixme:file:server_get_file_info Unsupported info class e
0380:fixme:file:server_get_file_info Unsupported info class e
0380:fixme:file:server_get_file_info Unsupported info class e
0380:fixme:file:server_get_file_info Unsupported info class e
0360:fixme:file:server_get_file_info Unsupported info class e
0360:fixme:file:server_get_file_info Unsupported info class e
0360:fixme:file:server_get_file_info Unsupported info class e
0388:fixme:file:server_get_file_info Unsupported info class e
0388:fixme:file:server_get_file_info Unsupported info class e
0388:fixme:file:server_get_file_info Unsupported info class e
0730:fixme:file:server_get_file_info Unsupported info class e
0384:fixme:file:server_get_file_info Unsupported info class e
0384:fixme:file:server_get_file_info Unsupported info class e
0498:fixme:file:server_get_file_info Unsupported info class e
0370:fixme:file:server_get_file_info Unsupported info class e
0370:fixme:file:server_get_file_info Unsupported info class e
0384:fixme:file:server_get_file_info Unsupported info class e
0370:fixme:file:server_get_file_info Unsupported info class e
0374:fixme:file:server_get_file_info Unsupported info class e
0374:fixme:file:server_get_file_info Unsupported info class e
0374:fixme:file:server_get_file_info Unsupported info class e
0414:fixme:file:server_get_file_info Unsupported info class e
0650:fixme:file:server_get_file_info Unsupported info class e
036c:fixme:file:server_get_file_info Unsupported info class e
036c:fixme:file:server_get_file_info Unsupported info class e
036c:fixme:file:server_get_file_info Unsupported info class e
0794:fixme:file:server_get_file_info Unsupported info class e
0504:fixme:file:server_get_file_info Unsupported info class e
04e0:fixme:file:server_get_file_info Unsupported info class e
0214:fixme:file:server_get_file_info Unsupported info class e
0544:fixme:file:server_get_file_info Unsupported info class e
0224:fixme:file:server_get_file_info Unsupported info class e
01dc:fixme:file:server_get_file_info Unsupported info class e
045c:fixme:file:server_get_file_info Unsupported info class e
04b4:fixme:file:server_get_file_info Unsupported info class e
07a0:fixme:file:server_get_file_info Unsupported info class e
0378:fixme:file:server_get_file_info Unsupported info class e
0378:fixme:file:server_get_file_info Unsupported info class e
0378:fixme:file:server_get_file_info Unsupported info class e
0368:fixme:file:server_get_file_info Unsupported info class e
0594:fixme:file:server_get_file_info Unsupported info class e
0368:fixme:file:server_get_file_info Unsupported info class e
0368:fixme:file:server_get_file_info Unsupported info class e
07ac:fixme:file:server_get_file_info Unsupported info class e
035c:fixme:file:server_get_file_info Unsupported info class e
035c:fixme:file:server_get_file_info Unsupported info class e
035c:fixme:file:server_get_file_info Unsupported info class e
037c:fixme:file:server_get_file_info Unsupported info class e
037c:fixme:file:server_get_file_info Unsupported info class e
037c:fixme:file:server_get_file_info Unsupported info class e
0808:fixme:file:server_get_file_info Unsupported info class e
04bc:fixme:file:server_get_file_info Unsupported info class e
0560:fixme:file:server_get_file_info Unsupported info class e
05b4:fixme:file:server_get_file_info Unsupported info class e
0364:fixme:file:server_get_file_info Unsupported info class e
0364:fixme:file:server_get_file_info Unsupported info class e
0364:fixme:file:server_get_file_info Unsupported info class e
0380:fixme:file:server_get_file_info Unsupported info class e
0380:fixme:file:server_get_file_info Unsupported info class e
06dc:fixme:file:server_get_file_info Unsupported info class e
0550:fixme:file:server_get_file_info Unsupported info class e
0380:fixme:file:server_get_file_info Unsupported info class e
0360:fixme:file:server_get_file_info Unsupported info class e
0360:fixme:file:server_get_file_info Unsupported info class e
0360:fixme:file:server_get_file_info Unsupported info class e
0434:fixme:file:server_get_file_info Unsupported info class e
03a4:fixme:file:server_get_file_info Unsupported info class e
02bc:fixme:file:server_get_file_info Unsupported info class e
0374:fixme:file:server_get_file_info Unsupported info class e
0468:fixme:file:server_get_file_info Unsupported info class e
0374:fixme:file:server_get_file_info Unsupported info class e
0374:fixme:file:server_get_file_info Unsupported info class e
0388:fixme:file:server_get_file_info Unsupported info class e
0384:fixme:file:server_get_file_info Unsupported info class e
0388:fixme:file:server_get_file_info Unsupported info class e
0384:fixme:file:server_get_file_info Unsupported info class e
0388:fixme:file:server_get_file_info Unsupported info class e
0384:fixme:file:server_get_file_info Unsupported info class e
0674:fixme:file:server_get_file_info Unsupported info class e
0288:fixme:file:server_get_file_info Unsupported info class e
0330:fixme:file:server_get_file_info Unsupported info class e
07a8:fixme:file:server_get_file_info Unsupported info class e
0370:fixme:file:server_get_file_info Unsupported info class e
0370:fixme:file:server_get_file_info Unsupported info class e
0370:fixme:file:server_get_file_info Unsupported info class e
0538:fixme:file:server_get_file_info Unsupported info class e
02a8:fixme:file:server_get_file_info Unsupported info class e
0368:fixme:file:server_get_file_info Unsupported info class e
0368:fixme:file:server_get_file_info Unsupported info class e
036c:fixme:file:server_get_file_info Unsupported info class e
0368:fixme:file:server_get_file_info Unsupported info class e
036c:fixme:file:server_get_file_info Unsupported info class e
036c:fixme:file:server_get_file_info Unsupported info class e
0750:fixme:file:server_get_file_info Unsupported info class e
075c:fixme:file:server_get_file_info Unsupported info class e
0444:fixme:file:server_get_file_info Unsupported info class e
0378:fixme:file:server_get_file_info Unsupported info class e
0378:fixme:file:server_get_file_info Unsupported info class e
0304:fixme:file:server_get_file_info Unsupported info class e
0378:fixme:file:server_get_file_info Unsupported info class e
0764:fixme:file:server_get_file_info Unsupported info class e
065c:fixme:file:server_get_file_info Unsupported info class e
037c:fixme:file:server_get_file_info Unsupported info class e
037c:fixme:file:server_get_file_info Unsupported info class e
037c:fixme:file:server_get_file_info Unsupported info class e
074c:fixme:file:server_get_file_info Unsupported info class e
058c:fixme:file:server_get_file_info Unsupported info class e
0158:fixme:file:server_get_file_info Unsupported info class e
041c:fixme:file:server_get_file_info Unsupported info class e
035c:fixme:file:server_get_file_info Unsupported info class e
035c:fixme:file:server_get_file_info Unsupported info class e
035c:fixme:file:server_get_file_info Unsupported info class e
0780:fixme:file:server_get_file_info Unsupported info class e
0364:fixme:file:server_get_file_info Unsupported info class e
077c:fixme:file:server_get_file_info Unsupported info class e
0364:fixme:file:server_get_file_info Unsupported info class e
0364:fixme:file:server_get_file_info Unsupported info class e
055c:fixme:file:server_get_file_info Unsupported info class e
01e0:fixme:file:server_get_file_info Unsupported info class e
0380:fixme:file:server_get_file_info Unsupported info class e
0380:fixme:file:server_get_file_info Unsupported info class e
0380:fixme:file:server_get_file_info Unsupported info class e
0374:fixme:file:server_get_file_info Unsupported info class e
0374:fixme:file:server_get_file_info Unsupported info class e
0374:fixme:file:server_get_file_info Unsupported info class e
0360:fixme:file:server_get_file_info Unsupported info class e
0360:fixme:file:server_get_file_info Unsupported info class e
0360:fixme:file:server_get_file_info Unsupported info class e
0620:fixme:file:server_get_file_info Unsupported info class e
07f4:fixme:file:server_get_file_info Unsupported info class e
0294:fixme:file:server_get_file_info Unsupported info class e
0250:fixme:file:server_get_file_info Unsupported info class e
03f8:fixme:file:server_get_file_info Unsupported info class e
06b8:fixme:file:server_get_file_info Unsupported info class e
0384:fixme:file:server_get_file_info Unsupported info class e
0384:fixme:file:server_get_file_info Unsupported info class e
0384:fixme:file:server_get_file_info Unsupported info class e
032c:fixme:file:server_get_file_info Unsupported info class e
0298:fixme:file:server_get_file_info Unsupported info class e
0388:fixme:file:server_get_file_info Unsupported info class e
0388:fixme:file:server_get_file_info Unsupported info class e
0388:fixme:file:server_get_file_info Unsupported info class e
0370:fixme:file:server_get_file_info Unsupported info class e
0370:fixme:file:server_get_file_info Unsupported info class e
0370:fixme:file:server_get_file_info Unsupported info class e
04e4:fixme:file:server_get_file_info Unsupported info class e
01e4:fixme:file:server_get_file_info Unsupported info class e
036c:fixme:file:server_get_file_info Unsupported info class e
036c:fixme:file:server_get_file_info Unsupported info class e
036c:fixme:file:server_get_file_info Unsupported info class e
0464:fixme:file:server_get_file_info Unsupported info class e
0130:fixme:file:server_get_file_info Unsupported info class e
0368:fixme:file:server_get_file_info Unsupported info class e
0368:fixme:file:server_get_file_info Unsupported info class e
0368:fixme:file:server_get_file_info Unsupported info class e
0504:fixme:file:server_get_file_info Unsupported info class e
0794:fixme:file:server_get_file_info Unsupported info class e
037c:fixme:file:server_get_file_info Unsupported info class e
037c:fixme:file:server_get_file_info Unsupported info class e
037c:fixme:file:server_get_file_info Unsupported info class e
0650:fixme:file:server_get_file_info Unsupported info class e
07dc:fixme:file:server_get_file_info Unsupported info class e
0378:fixme:file:server_get_file_info Unsupported info class e
0378:fixme:file:server_get_file_info Unsupported info class e
0378:fixme:file:server_get_file_info Unsupported info class e
0448:fixme:file:server_get_file_info Unsupported info class e
0530:fixme:file:server_get_file_info Unsupported info class e
035c:fixme:file:server_get_file_info Unsupported info class e
035c:fixme:file:server_get_file_info Unsupported info class e
035c:fixme:file:server_get_file_info Unsupported info class e
0244:fixme:file:server_get_file_info Unsupported info class e
0564:fixme:file:server_get_file_info Unsupported info class e
06b4:fixme:file:server_get_file_info Unsupported info class e
03d8:fixme:file:server_get_file_info Unsupported info class e
0374:fixme:file:server_get_file_info Unsupported info class e
0374:fixme:file:server_get_file_info Unsupported info class e
0374:fixme:file:server_get_file_info Unsupported info class e
0380:fixme:file:server_get_file_info Unsupported info class e
0380:fixme:file:server_get_file_info Unsupported info class e
0380:fixme:file:server_get_file_info Unsupported info class e
0364:fixme:file:server_get_file_info Unsupported info class e
0364:fixme:file:server_get_file_info Unsupported info class e
0364:fixme:file:server_get_file_info Unsupported info class e
0318:fixme:file:server_get_file_info Unsupported info class e
0744:fixme:file:server_get_file_info Unsupported info class e
0360:fixme:file:server_get_file_info Unsupported info class e
0360:fixme:file:server_get_file_info Unsupported info class e
0360:fixme:file:server_get_file_info Unsupported info class e
047c:fixme:file:server_get_file_info Unsupported info class e
04c8:fixme:file:server_get_file_info Unsupported info class e
061c:fixme:file:server_get_file_info Unsupported info class e
05e8:fixme:file:server_get_file_info Unsupported info class e
0468:fixme:file:server_get_file_info Unsupported info class e
0388:fixme:file:server_get_file_info Unsupported info class e
02bc:fixme:file:server_get_file_info Unsupported info class e
0388:fixme:file:server_get_file_info Unsupported info class e
0370:fixme:file:server_get_file_info Unsupported info class e
0388:fixme:file:server_get_file_info Unsupported info class e
0370:fixme:file:server_get_file_info Unsupported info class e
0384:fixme:file:server_get_file_info Unsupported info class e
0370:fixme:file:server_get_file_info Unsupported info class e
0384:fixme:file:server_get_file_info Unsupported info class e
0384:fixme:file:server_get_file_info Unsupported info class e
0528:fixme:file:server_get_file_info Unsupported info class e
04d8:fixme:file:server_get_file_info Unsupported info class e
0248:fixme:file:server_get_file_info Unsupported info class e
0284:fixme:file:server_get_file_info Unsupported info class e
036c:fixme:file:server_get_file_info Unsupported info class e
036c:fixme:file:server_get_file_info Unsupported info class e
036c:fixme:file:server_get_file_info Unsupported info class e
0368:fixme:file:server_get_file_info Unsupported info class e
0368:fixme:file:server_get_file_info Unsupported info class e
0368:fixme:file:server_get_file_info Unsupported info class e
037c:fixme:file:server_get_file_info Unsupported info class e
037c:fixme:file:server_get_file_info Unsupported info class e
037c:fixme:file:server_get_file_info Unsupported info class e
0628:fixme:file:server_get_file_info Unsupported info class e
05d8:fixme:file:server_get_file_info Unsupported info class e
05d0:fixme:file:server_get_file_info Unsupported info class e
0340:fixme:file:server_get_file_info Unsupported info class e
0258:fixme:file:server_get_file_info Unsupported info class e
0518:fixme:file:server_get_file_info Unsupported info class e
[staging] Audio: 700/3388 completed
01f4:fixme:file:server_get_file_info Unsupported info class e
04ec:fixme:file:server_get_file_info Unsupported info class e
06a0:fixme:file:server_get_file_info Unsupported info class e
044c:fixme:file:server_get_file_info Unsupported info class e
035c:fixme:file:server_get_file_info Unsupported info class e
0374:fixme:file:server_get_file_info Unsupported info class e
035c:fixme:file:server_get_file_info Unsupported info class e
035c:fixme:file:server_get_file_info Unsupported info class e
0374:fixme:file:server_get_file_info Unsupported info class e
0374:fixme:file:server_get_file_info Unsupported info class e
0378:fixme:file:server_get_file_info Unsupported info class e
0378:fixme:file:server_get_file_info Unsupported info class e
0378:fixme:file:server_get_file_info Unsupported info class e
05a0:fixme:file:server_get_file_info Unsupported info class e
0160:fixme:file:server_get_file_info Unsupported info class e
0364:fixme:file:server_get_file_info Unsupported info class e
0364:fixme:file:server_get_file_info Unsupported info class e
0364:fixme:file:server_get_file_info Unsupported info class e
01fc:fixme:file:server_get_file_info Unsupported info class e
06c4:fixme:file:server_get_file_info Unsupported info class e
0380:fixme:file:server_get_file_info Unsupported info class e
0380:fixme:file:server_get_file_info Unsupported info class e
0380:fixme:file:server_get_file_info Unsupported info class e
0480:fixme:file:server_get_file_info Unsupported info class e
0198:fixme:file:server_get_file_info Unsupported info class e
024c:fixme:file:server_get_file_info Unsupported info class e
0138:fixme:file:server_get_file_info Unsupported info class e
0360:fixme:file:server_get_file_info Unsupported info class e
0360:fixme:file:server_get_file_info Unsupported info class e
0360:fixme:file:server_get_file_info Unsupported info class e
03ec:fixme:file:server_get_file_info Unsupported info class e
03bc:fixme:file:server_get_file_info Unsupported info class e
0388:fixme:file:server_get_file_info Unsupported info class e
0388:fixme:file:server_get_file_info Unsupported info class e
0388:fixme:file:server_get_file_info Unsupported info class e
0370:fixme:file:server_get_file_info Unsupported info class e
0370:fixme:file:server_get_file_info Unsupported info class e
0370:fixme:file:server_get_file_info Unsupported info class e
0214:fixme:file:server_get_file_info Unsupported info class e
0124:fixme:file:server_get_file_info Unsupported info class e
0384:fixme:file:server_get_file_info Unsupported info class e
0384:fixme:file:server_get_file_info Unsupported info class e
0384:fixme:file:server_get_file_info Unsupported info class e
0514:fixme:file:server_get_file_info Unsupported info class e
0438:fixme:file:server_get_file_info Unsupported info class e
036c:fixme:file:server_get_file_info Unsupported info class e
036c:fixme:file:server_get_file_info Unsupported info class e
036c:fixme:file:server_get_file_info Unsupported info class e
037c:fixme:file:server_get_file_info Unsupported info class e
037c:fixme:file:server_get_file_info Unsupported info class e
037c:fixme:file:server_get_file_info Unsupported info class e
06c0:fixme:file:server_get_file_info Unsupported info class e
0050:fixme:file:server_get_file_info Unsupported info class e
0398:fixme:file:server_get_file_info Unsupported info class e
0130:fixme:file:server_get_file_info Unsupported info class e
0368:fixme:file:server_get_file_info Unsupported info class e
0368:fixme:file:server_get_file_info Unsupported info class e
0368:fixme:file:server_get_file_info Unsupported info class e
0338:fixme:file:server_get_file_info Unsupported info class e
01d8:fixme:file:server_get_file_info Unsupported info class e
0420:fixme:file:server_get_file_info Unsupported info class e
01cc:fixme:file:server_get_file_info Unsupported info class e
035c:fixme:file:server_get_file_info Unsupported info class e
035c:fixme:file:server_get_file_info Unsupported info class e
0374:fixme:file:server_get_file_info Unsupported info class e
0374:fixme:file:server_get_file_info Unsupported info class e
0374:fixme:file:server_get_file_info Unsupported info class e
035c:fixme:file:server_get_file_info Unsupported info class e
0408:fixme:file:server_get_file_info Unsupported info class e
0154:fixme:file:server_get_file_info Unsupported info class e
01a8:fixme:file:server_get_file_info Unsupported info class e
0564:fixme:file:server_get_file_info Unsupported info class e
0378:fixme:file:server_get_file_info Unsupported info class e
0378:fixme:file:server_get_file_info Unsupported info class e
0378:fixme:file:server_get_file_info Unsupported info class e
0380:fixme:file:server_get_file_info Unsupported info class e
0380:fixme:file:server_get_file_info Unsupported info class e
0380:fixme:file:server_get_file_info Unsupported info class e
0364:fixme:file:server_get_file_info Unsupported info class e
0364:fixme:file:server_get_file_info Unsupported info class e
0364:fixme:file:server_get_file_info Unsupported info class e
05f0:fixme:file:server_get_file_info Unsupported info class e
063c:fixme:file:server_get_file_info Unsupported info class e
0194:fixme:file:server_get_file_info Unsupported info class e
0658:fixme:file:server_get_file_info Unsupported info class e
0360:fixme:file:server_get_file_info Unsupported info class e
0360:fixme:file:server_get_file_info Unsupported info class e
0360:fixme:file:server_get_file_info Unsupported info class e
0174:fixme:file:server_get_file_info Unsupported info class e
0684:fixme:file:server_get_file_info Unsupported info class e
0208:fixme:file:server_get_file_info Unsupported info class e
0670:fixme:file:server_get_file_info Unsupported info class e
0388:fixme:file:server_get_file_info Unsupported info class e
0388:fixme:file:server_get_file_info Unsupported info class e
0388:fixme:file:server_get_file_info Unsupported info class e
0664:fixme:file:server_get_file_info Unsupported info class e
033c:fixme:file:server_get_file_info Unsupported info class e
0370:fixme:file:server_get_file_info Unsupported info class e
0370:fixme:file:server_get_file_info Unsupported info class e
0370:fixme:file:server_get_file_info Unsupported info class e
0478:fixme:file:server_get_file_info Unsupported info class e
02f4:fixme:file:server_get_file_info Unsupported info class e
0384:fixme:file:server_get_file_info Unsupported info class e
0384:fixme:file:server_get_file_info Unsupported info class e
0384:fixme:file:server_get_file_info Unsupported info class e
036c:fixme:file:server_get_file_info Unsupported info class e
036c:fixme:file:server_get_file_info Unsupported info class e
036c:fixme:file:server_get_file_info Unsupported info class e
0440:fixme:file:server_get_file_info Unsupported info class e
06f4:fixme:file:server_get_file_info Unsupported info class e
037c:fixme:file:server_get_file_info Unsupported info class e
037c:fixme:file:server_get_file_info Unsupported info class e
037c:fixme:file:server_get_file_info Unsupported info class e
03d4:fixme:file:server_get_file_info Unsupported info class e
06e4:fixme:file:server_get_file_info Unsupported info class e
0368:fixme:file:server_get_file_info Unsupported info class e
0368:fixme:file:server_get_file_info Unsupported info class e
0368:fixme:file:server_get_file_info Unsupported info class e
0288:fixme:file:server_get_file_info Unsupported info class e
0680:fixme:file:server_get_file_info Unsupported info class e
0374:fixme:file:server_get_file_info Unsupported info class e
0374:fixme:file:server_get_file_info Unsupported info class e
0374:fixme:file:server_get_file_info Unsupported info class e
0184:fixme:file:server_get_file_info Unsupported info class e
0740:fixme:file:server_get_file_info Unsupported info class e
0120:fixme:file:server_get_file_info Unsupported info class e
03e8:fixme:file:server_get_file_info Unsupported info class e
035c:fixme:file:server_get_file_info Unsupported info class e
035c:fixme:file:server_get_file_info Unsupported info class e
035c:fixme:file:server_get_file_info Unsupported info class e
0378:fixme:file:server_get_file_info Unsupported info class e
03c0:fixme:file:server_get_file_info Unsupported info class e
07f4:fixme:file:server_get_file_info Unsupported info class e
0378:fixme:file:server_get_file_info Unsupported info class e
0378:fixme:file:server_get_file_info Unsupported info class e
0348:fixme:file:server_get_file_info Unsupported info class e
0804:fixme:file:server_get_file_info Unsupported info class e
0380:fixme:file:server_get_file_info Unsupported info class e
0380:fixme:file:server_get_file_info Unsupported info class e
0380:fixme:file:server_get_file_info Unsupported info class e
0364:fixme:file:server_get_file_info Unsupported info class e
0364:fixme:file:server_get_file_info Unsupported info class e
0364:fixme:file:server_get_file_info Unsupported info class e
0360:fixme:file:server_get_file_info Unsupported info class e
0360:fixme:file:server_get_file_info Unsupported info class e
0360:fixme:file:server_get_file_info Unsupported info class e
01d4:fixme:file:server_get_file_info Unsupported info class e
04fc:fixme:file:server_get_file_info Unsupported info class e
062c:fixme:file:server_get_file_info Unsupported info class e
022c:fixme:file:server_get_file_info Unsupported info class e
0170:fixme:file:server_get_file_info Unsupported info class e
07f8:fixme:file:server_get_file_info Unsupported info class e
0384:fixme:file:server_get_file_info Unsupported info class e
0384:fixme:file:server_get_file_info Unsupported info class e
0384:fixme:file:server_get_file_info Unsupported info class e
0388:fixme:file:server_get_file_info Unsupported info class e
0388:fixme:file:server_get_file_info Unsupported info class e
0388:fixme:file:server_get_file_info Unsupported info class e
06cc:fixme:file:server_get_file_info Unsupported info class e
0234:fixme:file:server_get_file_info Unsupported info class e
0068:fixme:file:server_get_file_info Unsupported info class e
04dc:fixme:file:server_get_file_info Unsupported info class e
037c:fixme:file:server_get_file_info Unsupported info class e
037c:fixme:file:server_get_file_info Unsupported info class e
037c:fixme:file:server_get_file_info Unsupported info class e
06dc:fixme:file:server_get_file_info Unsupported info class e
0550:fixme:file:server_get_file_info Unsupported info class e
036c:fixme:file:server_get_file_info Unsupported info class e
036c:fixme:file:server_get_file_info Unsupported info class e
036c:fixme:file:server_get_file_info Unsupported info class e
06d4:fixme:file:server_get_file_info Unsupported info class e
03a4:fixme:file:server_get_file_info Unsupported info class e
0370:fixme:file:server_get_file_info Unsupported info class e
0370:fixme:file:server_get_file_info Unsupported info class e
0370:fixme:file:server_get_file_info Unsupported info class e
0748:fixme:file:server_get_file_info Unsupported info class e
040c:fixme:file:server_get_file_info Unsupported info class e
0368:fixme:file:server_get_file_info Unsupported info class e
0368:fixme:file:server_get_file_info Unsupported info class e
0368:fixme:file:server_get_file_info Unsupported info class e
00c8:fixme:file:server_get_file_info Unsupported info class e
0298:fixme:file:server_get_file_info Unsupported info class e
01d8:fixme:file:server_get_file_info Unsupported info class e
0398:fixme:file:server_get_file_info Unsupported info class e
0380:fixme:file:server_get_file_info Unsupported info class e
0380:fixme:file:server_get_file_info Unsupported info class e
0380:fixme:file:server_get_file_info Unsupported info class e
035c:fixme:file:server_get_file_info Unsupported info class e
035c:fixme:file:server_get_file_info Unsupported info class e
035c:fixme:file:server_get_file_info Unsupported info class e
049c:fixme:file:server_get_file_info Unsupported info class e
02b4:fixme:file:server_get_file_info Unsupported info class e
0378:fixme:file:server_get_file_info Unsupported info class e
0378:fixme:file:server_get_file_info Unsupported info class e
0378:fixme:file:server_get_file_info Unsupported info class e
0374:fixme:file:server_get_file_info Unsupported info class e
0374:fixme:file:server_get_file_info Unsupported info class e
0374:fixme:file:server_get_file_info Unsupported info class e
0354:fixme:file:server_get_file_info Unsupported info class e
0364:fixme:file:server_get_file_info Unsupported info class e
0364:fixme:file:server_get_file_info Unsupported info class e
0584:fixme:file:server_get_file_info Unsupported info class e
0364:fixme:file:server_get_file_info Unsupported info class e
041c:fixme:file:server_get_file_info Unsupported info class e
01f0:fixme:file:server_get_file_info Unsupported info class e
07d4:fixme:file:server_get_file_info Unsupported info class e
0660:fixme:file:server_get_file_info Unsupported info class e
0360:fixme:file:server_get_file_info Unsupported info class e
0360:fixme:file:server_get_file_info Unsupported info class e
0360:fixme:file:server_get_file_info Unsupported info class e
0780:fixme:file:server_get_file_info Unsupported info class e
02a0:fixme:file:server_get_file_info Unsupported info class e
0328:fixme:file:server_get_file_info Unsupported info class e
05d0:fixme:file:server_get_file_info Unsupported info class e
0384:fixme:file:server_get_file_info Unsupported info class e
0384:fixme:file:server_get_file_info Unsupported info class e
0384:fixme:file:server_get_file_info Unsupported info class e
0388:fixme:file:server_get_file_info Unsupported info class e
0388:fixme:file:server_get_file_info Unsupported info class e
0388:fixme:file:server_get_file_info Unsupported info class e
037c:fixme:file:server_get_file_info Unsupported info class e
037c:fixme:file:server_get_file_info Unsupported info class e
037c:fixme:file:server_get_file_info Unsupported info class e
036c:fixme:file:server_get_file_info Unsupported info class e
036c:fixme:file:server_get_file_info Unsupported info class e
01a4:fixme:file:server_get_file_info Unsupported info class e
036c:fixme:file:server_get_file_info Unsupported info class e
0340:fixme:file:server_get_file_info Unsupported info class e
0640:fixme:file:server_get_file_info Unsupported info class e
039c:fixme:file:server_get_file_info Unsupported info class e
0370:fixme:file:server_get_file_info Unsupported info class e
0370:fixme:file:server_get_file_info Unsupported info class e
0370:fixme:file:server_get_file_info Unsupported info class e
056c:fixme:file:server_get_file_info Unsupported info class e
061c:fixme:file:server_get_file_info Unsupported info class e
06fc:fixme:file:server_get_file_info Unsupported info class e
0368:fixme:file:server_get_file_info Unsupported info class e
07c0:fixme:file:server_get_file_info Unsupported info class e
0368:fixme:file:server_get_file_info Unsupported info class e
0368:fixme:file:server_get_file_info Unsupported info class e
0380:fixme:file:server_get_file_info Unsupported info class e
0380:fixme:file:server_get_file_info Unsupported info class e
0380:fixme:file:server_get_file_info Unsupported info class e
0390:fixme:file:server_get_file_info Unsupported info class e
0488:fixme:file:server_get_file_info Unsupported info class e
04b4:fixme:file:server_get_file_info Unsupported info class e
06d0:fixme:file:server_get_file_info Unsupported info class e
0378:fixme:file:server_get_file_info Unsupported info class e
0378:fixme:file:server_get_file_info Unsupported info class e
0378:fixme:file:server_get_file_info Unsupported info class e
07a0:fixme:file:server_get_file_info Unsupported info class e
01c8:fixme:file:server_get_file_info Unsupported info class e
035c:fixme:file:server_get_file_info Unsupported info class e
035c:fixme:file:server_get_file_info Unsupported info class e
035c:fixme:file:server_get_file_info Unsupported info class e
0598:fixme:file:server_get_file_info Unsupported info class e
0190:fixme:file:server_get_file_info Unsupported info class e
0364:fixme:file:server_get_file_info Unsupported info class e
0364:fixme:file:server_get_file_info Unsupported info class e
0364:fixme:file:server_get_file_info Unsupported info class e
0438:fixme:file:server_get_file_info Unsupported info class e
0260:fixme:file:server_get_file_info Unsupported info class e
0374:fixme:file:server_get_file_info Unsupported info class e
0374:fixme:file:server_get_file_info Unsupported info class e
0374:fixme:file:server_get_file_info Unsupported info class e
0360:fixme:file:server_get_file_info Unsupported info class e
0360:fixme:file:server_get_file_info Unsupported info class e
0360:fixme:file:server_get_file_info Unsupported info class e
079c:fixme:file:server_get_file_info Unsupported info class e
05bc:fixme:file:server_get_file_info Unsupported info class e
0384:fixme:file:server_get_file_info Unsupported info class e
0384:fixme:file:server_get_file_info Unsupported info class e
0384:fixme:file:server_get_file_info Unsupported info class e
0698:fixme:file:server_get_file_info Unsupported info class e
0718:fixme:file:server_get_file_info Unsupported info class e
0388:fixme:file:server_get_file_info Unsupported info class e
0388:fixme:file:server_get_file_info Unsupported info class e
0388:fixme:file:server_get_file_info Unsupported info class e
02f0:fixme:file:server_get_file_info Unsupported info class e
0404:fixme:file:server_get_file_info Unsupported info class e
037c:fixme:file:server_get_file_info Unsupported info class e
037c:fixme:file:server_get_file_info Unsupported info class e
036c:fixme:file:server_get_file_info Unsupported info class e
037c:fixme:file:server_get_file_info Unsupported info class e
036c:fixme:file:server_get_file_info Unsupported info class e
036c:fixme:file:server_get_file_info Unsupported info class e
0674:fixme:file:server_get_file_info Unsupported info class e
0154:fixme:file:server_get_file_info Unsupported info class e
06d8:fixme:file:server_get_file_info Unsupported info class e
01e8:fixme:file:server_get_file_info Unsupported info class e
021c:fixme:file:server_get_file_info Unsupported info class e
0134:fixme:file:server_get_file_info Unsupported info class e
0370:fixme:file:server_get_file_info Unsupported info class e
0370:fixme:file:server_get_file_info Unsupported info class e
0370:fixme:file:server_get_file_info Unsupported info class e
0368:fixme:file:server_get_file_info Unsupported info class e
0368:fixme:file:server_get_file_info Unsupported info class e
0380:fixme:file:server_get_file_info Unsupported info class e
0368:fixme:file:server_get_file_info Unsupported info class e
0380:fixme:file:server_get_file_info Unsupported info class e
0380:fixme:file:server_get_file_info Unsupported info class e
074c:fixme:file:server_get_file_info Unsupported info class e
01bc:fixme:file:server_get_file_info Unsupported info class e
01f8:fixme:file:server_get_file_info Unsupported info class e
05fc:fixme:file:server_get_file_info Unsupported info class e
0658:fixme:file:server_get_file_info Unsupported info class e
0568:fixme:file:server_get_file_info Unsupported info class e
0374:fixme:file:server_get_file_info Unsupported info class e
0374:fixme:file:server_get_file_info Unsupported info class e
0374:fixme:file:server_get_file_info Unsupported info class e
0704:fixme:file:server_get_file_info Unsupported info class e
0710:fixme:file:server_get_file_info Unsupported info class e
049c:fixme:file:server_get_file_info Unsupported info class e
0220:fixme:file:server_get_file_info Unsupported info class e
0360:fixme:file:server_get_file_info Unsupported info class e
0360:fixme:file:server_get_file_info Unsupported info class e
0360:fixme:file:server_get_file_info Unsupported info class e
035c:fixme:file:server_get_file_info Unsupported info class e
035c:fixme:file:server_get_file_info Unsupported info class e
035c:fixme:file:server_get_file_info Unsupported info class e
0364:fixme:file:server_get_file_info Unsupported info class e
0364:fixme:file:server_get_file_info Unsupported info class e
0364:fixme:file:server_get_file_info Unsupported info class e
0378:fixme:file:server_get_file_info Unsupported info class e
0378:fixme:file:server_get_file_info Unsupported info class e
0378:fixme:file:server_get_file_info Unsupported info class e
0700:fixme:file:server_get_file_info Unsupported info class e
0148:fixme:file:server_get_file_info Unsupported info class e
07b4:fixme:file:server_get_file_info Unsupported info class e
0240:fixme:file:server_get_file_info Unsupported info class e
0388:fixme:file:server_get_file_info Unsupported info class e
0388:fixme:file:server_get_file_info Unsupported info class e
0388:fixme:file:server_get_file_info Unsupported info class e
0384:fixme:file:server_get_file_info Unsupported info class e
0384:fixme:file:server_get_file_info Unsupported info class e
0384:fixme:file:server_get_file_info Unsupported info class e
0778:fixme:file:server_get_file_info Unsupported info class e
0728:fixme:file:server_get_file_info Unsupported info class e
0724:fixme:file:server_get_file_info Unsupported info class e
02ac:fixme:file:server_get_file_info Unsupported info class e
037c:fixme:file:server_get_file_info Unsupported info class e
037c:fixme:file:server_get_file_info Unsupported info class e
037c:fixme:file:server_get_file_info Unsupported info class e
0758:fixme:file:server_get_file_info Unsupported info class e
01fc:fixme:file:server_get_file_info Unsupported info class e
01f0:fixme:file:server_get_file_info Unsupported info class e
05c0:fixme:file:server_get_file_info Unsupported info class e
0370:fixme:file:server_get_file_info Unsupported info class e
036c:fixme:file:server_get_file_info Unsupported info class e
036c:fixme:file:server_get_file_info Unsupported info class e
0370:fixme:file:server_get_file_info Unsupported info class e
0370:fixme:file:server_get_file_info Unsupported info class e
036c:fixme:file:server_get_file_info Unsupported info class e
0380:fixme:file:server_get_file_info Unsupported info class e
0380:fixme:file:server_get_file_info Unsupported info class e
0380:fixme:file:server_get_file_info Unsupported info class e
0544:fixme:file:server_get_file_info Unsupported info class e
0184:fixme:file:server_get_file_info Unsupported info class e
0368:fixme:file:server_get_file_info Unsupported info class e
0368:fixme:file:server_get_file_info Unsupported info class e
0368:fixme:file:server_get_file_info Unsupported info class e
0034:fixme:file:server_get_file_info Unsupported info class e
0434:fixme:file:server_get_file_info Unsupported info class e
05ec:fixme:file:server_get_file_info Unsupported info class e
0454:fixme:file:server_get_file_info Unsupported info class e
07a4:fixme:file:server_get_file_info Unsupported info class e
056c:fixme:file:server_get_file_info Unsupported info class e
0374:fixme:file:server_get_file_info Unsupported info class e
0374:fixme:file:server_get_file_info Unsupported info class e
0374:fixme:file:server_get_file_info Unsupported info class e
07e8:fixme:file:server_get_file_info Unsupported info class e
07dc:fixme:file:server_get_file_info Unsupported info class e
0364:fixme:file:server_get_file_info Unsupported info class e
0364:fixme:file:server_get_file_info Unsupported info class e
0364:fixme:file:server_get_file_info Unsupported info class e
0360:fixme:file:server_get_file_info Unsupported info class e
0378:fixme:file:server_get_file_info Unsupported info class e
0360:fixme:file:server_get_file_info Unsupported info class e
0378:fixme:file:server_get_file_info Unsupported info class e
0360:fixme:file:server_get_file_info Unsupported info class e
0378:fixme:file:server_get_file_info Unsupported info class e
0170:fixme:file:server_get_file_info Unsupported info class e
0610:fixme:file:server_get_file_info Unsupported info class e
0028:fixme:file:server_get_file_info Unsupported info class e
0300:fixme:file:server_get_file_info Unsupported info class e
035c:fixme:file:server_get_file_info Unsupported info class e
035c:fixme:file:server_get_file_info Unsupported info class e
035c:fixme:file:server_get_file_info Unsupported info class e
080c:fixme:file:server_get_file_info Unsupported info class e
0468:fixme:file:server_get_file_info Unsupported info class e
071c:fixme:file:server_get_file_info Unsupported info class e
04a8:fixme:file:server_get_file_info Unsupported info class e
0384:fixme:file:server_get_file_info Unsupported info class e
0388:fixme:file:server_get_file_info Unsupported info class e
0498:fixme:file:server_get_file_info Unsupported info class e
0384:fixme:file:server_get_file_info Unsupported info class e
0388:fixme:file:server_get_file_info Unsupported info class e
0384:fixme:file:server_get_file_info Unsupported info class e
0388:fixme:file:server_get_file_info Unsupported info class e
0334:fixme:file:server_get_file_info Unsupported info class e
040c:fixme:file:server_get_file_info Unsupported info class e
06d4:fixme:file:server_get_file_info Unsupported info class e
0370:fixme:file:server_get_file_info Unsupported info class e
0370:fixme:file:server_get_file_info Unsupported info class e
0370:fixme:file:server_get_file_info Unsupported info class e
037c:fixme:file:server_get_file_info Unsupported info class e
037c:fixme:file:server_get_file_info Unsupported info class e
037c:fixme:file:server_get_file_info Unsupported info class e
0620:fixme:file:server_get_file_info Unsupported info class e
0158:fixme:file:server_get_file_info Unsupported info class e
036c:fixme:file:server_get_file_info Unsupported info class e
036c:fixme:file:server_get_file_info Unsupported info class e
036c:fixme:file:server_get_file_info Unsupported info class e
0684:fixme:file:server_get_file_info Unsupported info class e
07bc:fixme:file:server_get_file_info Unsupported info class e
0380:fixme:file:server_get_file_info Unsupported info class e
0380:fixme:file:server_get_file_info Unsupported info class e
0380:fixme:file:server_get_file_info Unsupported info class e
0224:fixme:file:server_get_file_info Unsupported info class e
0294:fixme:file:server_get_file_info Unsupported info class e
014c:fixme:file:server_get_file_info Unsupported info class e
0258:fixme:file:server_get_file_info Unsupported info class e
0368:fixme:file:server_get_file_info Unsupported info class e
0368:fixme:file:server_get_file_info Unsupported info class e
0368:fixme:file:server_get_file_info Unsupported info class e
02f4:fixme:file:server_get_file_info Unsupported info class e
05cc:fixme:file:server_get_file_info Unsupported info class e
0378:fixme:file:server_get_file_info Unsupported info class e
0378:fixme:file:server_get_file_info Unsupported info class e
0374:fixme:file:server_get_file_info Unsupported info class e
0378:fixme:file:server_get_file_info Unsupported info class e
0374:fixme:file:server_get_file_info Unsupported info class e
0374:fixme:file:server_get_file_info Unsupported info class e
0364:fixme:file:server_get_file_info Unsupported info class e
0364:fixme:file:server_get_file_info Unsupported info class e
0364:fixme:file:server_get_file_info Unsupported info class e
053c:fixme:file:server_get_file_info Unsupported info class e
00dc:fixme:file:server_get_file_info Unsupported info class e
0680:fixme:file:server_get_file_info Unsupported info class e
0474:fixme:file:server_get_file_info Unsupported info class e
00d8:fixme:file:server_get_file_info Unsupported info class e
03e0:fixme:file:server_get_file_info Unsupported info class e
0360:fixme:file:server_get_file_info Unsupported info class e
0360:fixme:file:server_get_file_info Unsupported info class e
0360:fixme:file:server_get_file_info Unsupported info class e
0618:fixme:file:server_get_file_info Unsupported info class e
055c:fixme:file:server_get_file_info Unsupported info class e
017c:fixme:file:server_get_file_info Unsupported info class e
0780:fixme:file:server_get_file_info Unsupported info class e
035c:fixme:file:server_get_file_info Unsupported info class e
035c:fixme:file:server_get_file_info Unsupported info class e
035c:fixme:file:server_get_file_info Unsupported info class e
0388:fixme:file:server_get_file_info Unsupported info class e
0388:fixme:file:server_get_file_info Unsupported info class e
0388:fixme:file:server_get_file_info Unsupported info class e
0384:fixme:file:server_get_file_info Unsupported info class e
0384:fixme:file:server_get_file_info Unsupported info class e
0384:fixme:file:server_get_file_info Unsupported info class e
0254:fixme:file:server_get_file_info Unsupported info class e
03f4:fixme:file:server_get_file_info Unsupported info class e
0124:fixme:file:server_get_file_info Unsupported info class e
059c:fixme:file:server_get_file_info Unsupported info class e
0370:fixme:file:server_get_file_info Unsupported info class e
0370:fixme:file:server_get_file_info Unsupported info class e
037c:fixme:file:server_get_file_info Unsupported info class e
0370:fixme:file:server_get_file_info Unsupported info class e
037c:fixme:file:server_get_file_info Unsupported info class e
037c:fixme:file:server_get_file_info Unsupported info class e
0050:fixme:file:server_get_file_info Unsupported info class e
0574:fixme:file:server_get_file_info Unsupported info class e
06f4:fixme:file:server_get_file_info Unsupported info class e
006c:fixme:file:server_get_file_info Unsupported info class e
0380:fixme:file:server_get_file_info Unsupported info class e
0380:fixme:file:server_get_file_info Unsupported info class e
0380:fixme:file:server_get_file_info Unsupported info class e
036c:fixme:file:server_get_file_info Unsupported info class e
036c:fixme:file:server_get_file_info Unsupported info class e
036c:fixme:file:server_get_file_info Unsupported info class e
0358:fixme:file:server_get_file_info Unsupported info class e
02e4:fixme:file:server_get_file_info Unsupported info class e
0180:fixme:file:server_get_file_info Unsupported info class e
0200:fixme:file:server_get_file_info Unsupported info class e
0368:fixme:file:server_get_file_info Unsupported info class e
0368:fixme:file:server_get_file_info Unsupported info class e
0368:fixme:file:server_get_file_info Unsupported info class e
0378:fixme:file:server_get_file_info Unsupported info class e
0378:fixme:file:server_get_file_info Unsupported info class e
0378:fixme:file:server_get_file_info Unsupported info class e
0310:fixme:file:server_get_file_info Unsupported info class e
0470:fixme:file:server_get_file_info Unsupported info class e
02b0:fixme:file:server_get_file_info Unsupported info class e
0508:fixme:file:server_get_file_info Unsupported info class e
0364:fixme:file:server_get_file_info Unsupported info class e
0374:fixme:file:server_get_file_info Unsupported info class e
0364:fixme:file:server_get_file_info Unsupported info class e
0374:fixme:file:server_get_file_info Unsupported info class e
0364:fixme:file:server_get_file_info Unsupported info class e
0374:fixme:file:server_get_file_info Unsupported info class e
0654:fixme:file:server_get_file_info Unsupported info class e
045c:fixme:file:server_get_file_info Unsupported info class e
0564:fixme:file:server_get_file_info Unsupported info class e
047c:fixme:file:server_get_file_info Unsupported info class e
0360:fixme:file:server_get_file_info Unsupported info class e
0360:fixme:file:server_get_file_info Unsupported info class e
0360:fixme:file:server_get_file_info Unsupported info class e
035c:fixme:file:server_get_file_info Unsupported info class e
035c:fixme:file:server_get_file_info Unsupported info class e
035c:fixme:file:server_get_file_info Unsupported info class e
0238:fixme:file:server_get_file_info Unsupported info class e
0448:fixme:file:server_get_file_info Unsupported info class e
03a8:fixme:file:server_get_file_info Unsupported info class e
02fc:fixme:file:server_get_file_info Unsupported info class e
0370:fixme:file:server_get_file_info Unsupported info class e
0370:fixme:file:server_get_file_info Unsupported info class e
0370:fixme:file:server_get_file_info Unsupported info class e
0384:fixme:file:server_get_file_info Unsupported info class e
0384:fixme:file:server_get_file_info Unsupported info class e
0384:fixme:file:server_get_file_info Unsupported info class e
0720:fixme:file:server_get_file_info Unsupported info class e
0134:fixme:file:server_get_file_info Unsupported info class e
0188:fixme:file:server_get_file_info Unsupported info class e
060c:fixme:file:server_get_file_info Unsupported info class e
0388:fixme:file:server_get_file_info Unsupported info class e
037c:fixme:file:server_get_file_info Unsupported info class e
0388:fixme:file:server_get_file_info Unsupported info class e
037c:fixme:file:server_get_file_info Unsupported info class e
0388:fixme:file:server_get_file_info Unsupported info class e
037c:fixme:file:server_get_file_info Unsupported info class e
03f8:fixme:file:server_get_file_info Unsupported info class e
0230:fixme:file:server_get_file_info Unsupported info class e
0380:fixme:file:server_get_file_info Unsupported info class e
0380:fixme:file:server_get_file_info Unsupported info class e
0380:fixme:file:server_get_file_info Unsupported info class e
03d4:fixme:file:server_get_file_info Unsupported info class e
074c:fixme:file:server_get_file_info Unsupported info class e
0730:fixme:file:server_get_file_info Unsupported info class e
04c8:fixme:file:server_get_file_info Unsupported info class e
0460:fixme:file:server_get_file_info Unsupported info class e
04e4:fixme:file:server_get_file_info Unsupported info class e
0378:fixme:file:server_get_file_info Unsupported info class e
0378:fixme:file:server_get_file_info Unsupported info class e
0378:fixme:file:server_get_file_info Unsupported info class e
[staging] Audio: 824/3388 completed
0740:fixme:file:server_get_file_info Unsupported info class e
0224:fixme:file:server_get_file_info Unsupported info class e
0364:fixme:file:server_get_file_info Unsupported info class e
0364:fixme:file:server_get_file_info Unsupported info class e
0374:fixme:file:server_get_file_info Unsupported info class e
0364:fixme:file:server_get_file_info Unsupported info class e
0374:fixme:file:server_get_file_info Unsupported info class e
0374:fixme:file:server_get_file_info Unsupported info class e
0240:fixme:file:server_get_file_info Unsupported info class e
02d4:fixme:file:server_get_file_info Unsupported info class e
035c:fixme:file:server_get_file_info Unsupported info class e
035c:fixme:file:server_get_file_info Unsupported info class e
035c:fixme:file:server_get_file_info Unsupported info class e
0368:fixme:file:server_get_file_info Unsupported info class e
0368:fixme:file:server_get_file_info Unsupported info class e
0368:fixme:file:server_get_file_info Unsupported info class e
0350:fixme:file:server_get_file_info Unsupported info class e
0290:fixme:file:server_get_file_info Unsupported info class e
015c:fixme:file:server_get_file_info Unsupported info class e
018c:fixme:file:server_get_file_info Unsupported info class e
036c:fixme:file:server_get_file_info Unsupported info class e
036c:fixme:file:server_get_file_info Unsupported info class e
036c:fixme:file:server_get_file_info Unsupported info class e
00cc:fixme:file:server_get_file_info Unsupported info class e
0024:fixme:file:server_get_file_info Unsupported info class e
076c:fixme:file:server_get_file_info Unsupported info class e
019c:fixme:file:server_get_file_info Unsupported info class e
055c:fixme:file:server_get_file_info Unsupported info class e
0618:fixme:file:server_get_file_info Unsupported info class e
037c:fixme:file:server_get_file_info Unsupported info class e
037c:fixme:file:server_get_file_info Unsupported info class e
037c:fixme:file:server_get_file_info Unsupported info class e
0360:fixme:file:server_get_file_info Unsupported info class e
0360:fixme:file:server_get_file_info Unsupported info class e
0360:fixme:file:server_get_file_info Unsupported info class e
0370:fixme:file:server_get_file_info Unsupported info class e
0370:fixme:file:server_get_file_info Unsupported info class e
0370:fixme:file:server_get_file_info Unsupported info class e
0378:fixme:file:server_get_file_info Unsupported info class e
0378:fixme:file:server_get_file_info Unsupported info class e
0378:fixme:file:server_get_file_info Unsupported info class e
0384:fixme:file:server_get_file_info Unsupported info class e
0384:fixme:file:server_get_file_info Unsupported info class e
0384:fixme:file:server_get_file_info Unsupported info class e
0308:fixme:file:server_get_file_info Unsupported info class e
03a4:fixme:file:server_get_file_info Unsupported info class e
0388:fixme:file:server_get_file_info Unsupported info class e
0388:fixme:file:server_get_file_info Unsupported info class e
0388:fixme:file:server_get_file_info Unsupported info class e
0380:fixme:file:server_get_file_info Unsupported info class e
0380:fixme:file:server_get_file_info Unsupported info class e
0614:fixme:file:server_get_file_info Unsupported info class e
0380:fixme:file:server_get_file_info Unsupported info class e
01c4:fixme:file:server_get_file_info Unsupported info class e
05bc:fixme:file:server_get_file_info Unsupported info class e
0638:fixme:file:server_get_file_info Unsupported info class e
0320:fixme:file:server_get_file_info Unsupported info class e
0154:fixme:file:server_get_file_info Unsupported info class e
066c:fixme:file:server_get_file_info Unsupported info class e
0810:fixme:file:server_get_file_info Unsupported info class e
0374:fixme:file:server_get_file_info Unsupported info class e
0374:fixme:file:server_get_file_info Unsupported info class e
0374:fixme:file:server_get_file_info Unsupported info class e
03bc:fixme:file:server_get_file_info Unsupported info class e
03c0:fixme:file:server_get_file_info Unsupported info class e
035c:fixme:file:server_get_file_info Unsupported info class e
035c:fixme:file:server_get_file_info Unsupported info class e
035c:fixme:file:server_get_file_info Unsupported info class e
06d8:fixme:file:server_get_file_info Unsupported info class e
077c:fixme:file:server_get_file_info Unsupported info class e
0364:fixme:file:server_get_file_info Unsupported info class e
0364:fixme:file:server_get_file_info Unsupported info class e
0364:fixme:file:server_get_file_info Unsupported info class e
0790:fixme:file:server_get_file_info Unsupported info class e
023c:fixme:file:server_get_file_info Unsupported info class e
081c:fixme:file:server_get_file_info Unsupported info class e
062c:fixme:file:server_get_file_info Unsupported info class e
0368:fixme:file:server_get_file_info Unsupported info class e
0368:fixme:file:server_get_file_info Unsupported info class e
0368:fixme:file:server_get_file_info Unsupported info class e
03b4:fixme:file:server_get_file_info Unsupported info class e
01dc:fixme:file:server_get_file_info Unsupported info class e
0448:fixme:file:server_get_file_info Unsupported info class e
0144:fixme:file:server_get_file_info Unsupported info class e
0384:fixme:file:server_get_file_info Unsupported info class e
0384:fixme:file:server_get_file_info Unsupported info class e
0384:fixme:file:server_get_file_info Unsupported info class e
037c:fixme:file:server_get_file_info Unsupported info class e
037c:fixme:file:server_get_file_info Unsupported info class e
037c:fixme:file:server_get_file_info Unsupported info class e
036c:fixme:file:server_get_file_info Unsupported info class e
036c:fixme:file:server_get_file_info Unsupported info class e
036c:fixme:file:server_get_file_info Unsupported info class e
035c:fixme:file:server_get_file_info Unsupported info class e
035c:fixme:file:server_get_file_info Unsupported info class e
035c:fixme:file:server_get_file_info Unsupported info class e
0360:fixme:file:server_get_file_info Unsupported info class e
0360:fixme:file:server_get_file_info Unsupported info class e
0360:fixme:file:server_get_file_info Unsupported info class e
0530:fixme:file:server_get_file_info Unsupported info class e
07d0:fixme:file:server_get_file_info Unsupported info class e
0118:fixme:file:server_get_file_info Unsupported info class e
0338:fixme:file:server_get_file_info Unsupported info class e
0388:fixme:file:server_get_file_info Unsupported info class e
0388:fixme:file:server_get_file_info Unsupported info class e
0388:fixme:file:server_get_file_info Unsupported info class e
0640:fixme:file:server_get_file_info Unsupported info class e
0604:fixme:file:server_get_file_info Unsupported info class e
0380:fixme:file:server_get_file_info Unsupported info class e
0380:fixme:file:server_get_file_info Unsupported info class e
0380:fixme:file:server_get_file_info Unsupported info class e
0240:fixme:file:server_get_file_info Unsupported info class e
03d8:fixme:file:server_get_file_info Unsupported info class e
0368:fixme:file:server_get_file_info Unsupported info class e
0368:fixme:file:server_get_file_info Unsupported info class e
0368:fixme:file:server_get_file_info Unsupported info class e
0818:fixme:file:server_get_file_info Unsupported info class e
03e4:fixme:file:server_get_file_info Unsupported info class e
0374:fixme:file:server_get_file_info Unsupported info class e
0374:fixme:file:server_get_file_info Unsupported info class e
0374:fixme:file:server_get_file_info Unsupported info class e
0218:fixme:file:server_get_file_info Unsupported info class e
06b4:fixme:file:server_get_file_info Unsupported info class e
0364:fixme:file:server_get_file_info Unsupported info class e
0364:fixme:file:server_get_file_info Unsupported info class e
0364:fixme:file:server_get_file_info Unsupported info class e
07ec:fixme:file:server_get_file_info Unsupported info class e
0370:fixme:file:server_get_file_info Unsupported info class e
0370:fixme:file:server_get_file_info Unsupported info class e
0370:fixme:file:server_get_file_info Unsupported info class e
05c0:fixme:file:server_get_file_info Unsupported info class e
0444:fixme:file:server_get_file_info Unsupported info class e
0598:fixme:file:server_get_file_info Unsupported info class e
0378:fixme:file:server_get_file_info Unsupported info class e
0378:fixme:file:server_get_file_info Unsupported info class e
0458:fixme:file:server_get_file_info Unsupported info class e
0378:fixme:file:server_get_file_info Unsupported info class e
04b0:fixme:file:server_get_file_info Unsupported info class e
0384:fixme:file:server_get_file_info Unsupported info class e
06d0:fixme:file:server_get_file_info Unsupported info class e
0384:fixme:file:server_get_file_info Unsupported info class e
0688:fixme:file:server_get_file_info Unsupported info class e
0384:fixme:file:server_get_file_info Unsupported info class e
037c:fixme:file:server_get_file_info Unsupported info class e
037c:fixme:file:server_get_file_info Unsupported info class e
037c:fixme:file:server_get_file_info Unsupported info class e
027c:fixme:file:server_get_file_info Unsupported info class e
0260:fixme:file:server_get_file_info Unsupported info class e
025c:fixme:file:server_get_file_info Unsupported info class e
05e0:fixme:file:server_get_file_info Unsupported info class e
035c:fixme:file:server_get_file_info Unsupported info class e
035c:fixme:file:server_get_file_info Unsupported info class e
035c:fixme:file:server_get_file_info Unsupported info class e
02a0:fixme:file:server_get_file_info Unsupported info class e
0290:fixme:file:server_get_file_info Unsupported info class e
0624:fixme:file:server_get_file_info Unsupported info class e
0194:fixme:file:server_get_file_info Unsupported info class e
036c:fixme:file:server_get_file_info Unsupported info class e
036c:fixme:file:server_get_file_info Unsupported info class e
036c:fixme:file:server_get_file_info Unsupported info class e
0768:fixme:file:server_get_file_info Unsupported info class e
0468:fixme:file:server_get_file_info Unsupported info class e
0388:fixme:file:server_get_file_info Unsupported info class e
0388:fixme:file:server_get_file_info Unsupported info class e
0388:fixme:file:server_get_file_info Unsupported info class e
0360:fixme:file:server_get_file_info Unsupported info class e
0360:fixme:file:server_get_file_info Unsupported info class e
0380:fixme:file:server_get_file_info Unsupported info class e
0360:fixme:file:server_get_file_info Unsupported info class e
0380:fixme:file:server_get_file_info Unsupported info class e
0380:fixme:file:server_get_file_info Unsupported info class e
0798:fixme:file:server_get_file_info Unsupported info class e
0478:fixme:file:server_get_file_info Unsupported info class e
0368:fixme:file:server_get_file_info Unsupported info class e
0368:fixme:file:server_get_file_info Unsupported info class e
0374:fixme:file:server_get_file_info Unsupported info class e
0368:fixme:file:server_get_file_info Unsupported info class e
0374:fixme:file:server_get_file_info Unsupported info class e
0374:fixme:file:server_get_file_info Unsupported info class e
0450:fixme:file:server_get_file_info Unsupported info class e
0690:fixme:file:server_get_file_info Unsupported info class e
066c:fixme:file:server_get_file_info Unsupported info class e
05f0:fixme:file:server_get_file_info Unsupported info class e
0568:fixme:file:server_get_file_info Unsupported info class e
07d4:fixme:file:server_get_file_info Unsupported info class e
0364:fixme:file:server_get_file_info Unsupported info class e
0364:fixme:file:server_get_file_info Unsupported info class e
0364:fixme:file:server_get_file_info Unsupported info class e
01a8:fixme:file:server_get_file_info Unsupported info class e
0744:fixme:file:server_get_file_info Unsupported info class e
0608:fixme:file:server_get_file_info Unsupported info class e
0710:fixme:file:server_get_file_info Unsupported info class e
0378:fixme:file:server_get_file_info Unsupported info class e
0378:fixme:file:server_get_file_info Unsupported info class e
0378:fixme:file:server_get_file_info Unsupported info class e
0384:fixme:file:server_get_file_info Unsupported info class e
0384:fixme:file:server_get_file_info Unsupported info class e
0384:fixme:file:server_get_file_info Unsupported info class e
0548:fixme:file:server_get_file_info Unsupported info class e
057c:fixme:file:server_get_file_info Unsupported info class e
0708:fixme:file:server_get_file_info Unsupported info class e
078c:fixme:file:server_get_file_info Unsupported info class e
081c:fixme:file:server_get_file_info Unsupported info class e
062c:fixme:file:server_get_file_info Unsupported info class e
0388:fixme:file:server_get_file_info Unsupported info class e
0388:fixme:file:server_get_file_info Unsupported info class e
0388:fixme:file:server_get_file_info Unsupported info class e
036c:fixme:file:server_get_file_info Unsupported info class e
036c:fixme:file:server_get_file_info Unsupported info class e
036c:fixme:file:server_get_file_info Unsupported info class e
0380:fixme:file:server_get_file_info Unsupported info class e
0380:fixme:file:server_get_file_info Unsupported info class e
0380:fixme:file:server_get_file_info Unsupported info class e
0378:fixme:file:server_get_file_info Unsupported info class e
0378:fixme:file:server_get_file_info Unsupported info class e
0378:fixme:file:server_get_file_info Unsupported info class e
0370:fixme:file:server_get_file_info Unsupported info class e
0370:fixme:file:server_get_file_info Unsupported info class e
0370:fixme:file:server_get_file_info Unsupported info class e
0360:fixme:file:server_get_file_info Unsupported info class e
0808:fixme:file:server_get_file_info Unsupported info class e
0360:fixme:file:server_get_file_info Unsupported info class e
0384:fixme:file:server_get_file_info Unsupported info class e
03d8:fixme:file:server_get_file_info Unsupported info class e
035c:fixme:file:server_get_file_info Unsupported info class e
0384:fixme:file:server_get_file_info Unsupported info class e
0360:fixme:file:server_get_file_info Unsupported info class e
035c:fixme:file:server_get_file_info Unsupported info class e
0240:fixme:file:server_get_file_info Unsupported info class e
0384:fixme:file:server_get_file_info Unsupported info class e
0408:fixme:file:server_get_file_info Unsupported info class e
035c:fixme:file:server_get_file_info Unsupported info class e
037c:fixme:file:server_get_file_info Unsupported info class e
037c:fixme:file:server_get_file_info Unsupported info class e
037c:fixme:file:server_get_file_info Unsupported info class e
0364:fixme:file:server_get_file_info Unsupported info class e
0364:fixme:file:server_get_file_info Unsupported info class e
01ac:fixme:file:server_get_file_info Unsupported info class e
0364:fixme:file:server_get_file_info Unsupported info class e
04fc:fixme:file:server_get_file_info Unsupported info class e
0490:fixme:file:server_get_file_info Unsupported info class e
0374:fixme:file:server_get_file_info Unsupported info class e
018c:fixme:file:server_get_file_info Unsupported info class e
015c:fixme:file:server_get_file_info Unsupported info class e
03dc:fixme:file:server_get_file_info Unsupported info class e
0374:fixme:file:server_get_file_info Unsupported info class e
0374:fixme:file:server_get_file_info Unsupported info class e
05e4:fixme:file:server_get_file_info Unsupported info class e
05ec:fixme:file:server_get_file_info Unsupported info class e
050c:fixme:file:server_get_file_info Unsupported info class e
04dc:fixme:file:server_get_file_info Unsupported info class e
0368:fixme:file:server_get_file_info Unsupported info class e
0368:fixme:file:server_get_file_info Unsupported info class e
0368:fixme:file:server_get_file_info Unsupported info class e
0714:fixme:file:server_get_file_info Unsupported info class e
03e4:fixme:file:server_get_file_info Unsupported info class e
0610:fixme:file:server_get_file_info Unsupported info class e
0284:fixme:file:server_get_file_info Unsupported info class e
01b4:fixme:file:server_get_file_info Unsupported info class e
059c:fixme:file:server_get_file_info Unsupported info class e
0388:fixme:file:server_get_file_info Unsupported info class e
0388:fixme:file:server_get_file_info Unsupported info class e
0388:fixme:file:server_get_file_info Unsupported info class e
0600:fixme:file:server_get_file_info Unsupported info class e
0020:fixme:file:server_get_file_info Unsupported info class e
0504:fixme:file:server_get_file_info Unsupported info class e
002c:fixme:file:server_get_file_info Unsupported info class e
0380:fixme:file:server_get_file_info Unsupported info class e
036c:fixme:file:server_get_file_info Unsupported info class e
036c:fixme:file:server_get_file_info Unsupported info class e
036c:fixme:file:server_get_file_info Unsupported info class e
0380:fixme:file:server_get_file_info Unsupported info class e
0380:fixme:file:server_get_file_info Unsupported info class e
0754:fixme:file:server_get_file_info Unsupported info class e
04a0:fixme:file:server_get_file_info Unsupported info class e
0370:fixme:file:server_get_file_info Unsupported info class e
0370:fixme:file:server_get_file_info Unsupported info class e
0370:fixme:file:server_get_file_info Unsupported info class e
0260:fixme:file:server_get_file_info Unsupported info class e
05f8:fixme:file:server_get_file_info Unsupported info class e
0354:fixme:file:server_get_file_info Unsupported info class e
0288:fixme:file:server_get_file_info Unsupported info class e
0378:fixme:file:server_get_file_info Unsupported info class e
0378:fixme:file:server_get_file_info Unsupported info class e
0378:fixme:file:server_get_file_info Unsupported info class e
0658:fixme:file:server_get_file_info Unsupported info class e
0768:fixme:file:server_get_file_info Unsupported info class e
0384:fixme:file:server_get_file_info Unsupported info class e
0384:fixme:file:server_get_file_info Unsupported info class e
0384:fixme:file:server_get_file_info Unsupported info class e
0300:fixme:file:server_get_file_info Unsupported info class e
0450:fixme:file:server_get_file_info Unsupported info class e
0700:fixme:file:server_get_file_info Unsupported info class e
0314:fixme:file:server_get_file_info Unsupported info class e
[staging] Audio: 2012/3388 completed
037c:fixme:file:server_get_file_info Unsupported info class e
037c:fixme:file:server_get_file_info Unsupported info class e
037c:fixme:file:server_get_file_info Unsupported info class e
0378:fixme:file:server_get_file_info Unsupported info class e
0378:fixme:file:server_get_file_info Unsupported info class e
0378:fixme:file:server_get_file_info Unsupported info class e
0360:fixme:file:server_get_file_info Unsupported info class e
0360:fixme:file:server_get_file_info Unsupported info class e
0360:fixme:file:server_get_file_info Unsupported info class e
0384:fixme:file:server_get_file_info Unsupported info class e
0374:fixme:file:server_get_file_info Unsupported info class e
0384:fixme:file:server_get_file_info Unsupported info class e
0388:fixme:file:server_get_file_info Unsupported info class e
0384:fixme:file:server_get_file_info Unsupported info class e
0368:fixme:file:server_get_file_info Unsupported info class e
0374:fixme:file:server_get_file_info Unsupported info class e
0388:fixme:file:server_get_file_info Unsupported info class e
0374:fixme:file:server_get_file_info Unsupported info class e
0388:fixme:file:server_get_file_info Unsupported info class e
0368:fixme:file:server_get_file_info Unsupported info class e
0368:fixme:file:server_get_file_info Unsupported info class e
0380:fixme:file:server_get_file_info Unsupported info class e
0758:fixme:file:server_get_file_info Unsupported info class e
0370:fixme:file:server_get_file_info Unsupported info class e
0380:fixme:file:server_get_file_info Unsupported info class e
0204:fixme:file:server_get_file_info Unsupported info class e
0370:fixme:file:server_get_file_info Unsupported info class e
06f0:fixme:file:server_get_file_info Unsupported info class e
0370:fixme:file:server_get_file_info Unsupported info class e
0548:fixme:file:server_get_file_info Unsupported info class e
057c:fixme:file:server_get_file_info Unsupported info class e
0380:fixme:file:server_get_file_info Unsupported info class e
05c4:fixme:file:server_get_file_info Unsupported info class e
035c:fixme:file:server_get_file_info Unsupported info class e
035c:fixme:file:server_get_file_info Unsupported info class e
035c:fixme:file:server_get_file_info Unsupported info class e
0364:fixme:file:server_get_file_info Unsupported info class e
0474:fixme:file:server_get_file_info Unsupported info class e
0364:fixme:file:server_get_file_info Unsupported info class e
0160:fixme:file:server_get_file_info Unsupported info class e
01f0:fixme:file:server_get_file_info Unsupported info class e
0414:fixme:file:server_get_file_info Unsupported info class e
0364:fixme:file:server_get_file_info Unsupported info class e
0558:fixme:file:server_get_file_info Unsupported info class e
0644:fixme:file:server_get_file_info Unsupported info class e
03d4:fixme:file:server_get_file_info Unsupported info class e
074c:fixme:file:server_get_file_info Unsupported info class e
036c:fixme:file:server_get_file_info Unsupported info class e
036c:fixme:file:server_get_file_info Unsupported info class e
036c:fixme:file:server_get_file_info Unsupported info class e
0228:fixme:file:server_get_file_info Unsupported info class e
048c:fixme:file:server_get_file_info Unsupported info class e
05e8:fixme:file:server_get_file_info Unsupported info class e
0214:fixme:file:server_get_file_info Unsupported info class e
01cc:fixme:file:server_get_file_info Unsupported info class e
03e8:fixme:file:server_get_file_info Unsupported info class e
037c:fixme:file:server_get_file_info Unsupported info class e
037c:fixme:file:server_get_file_info Unsupported info class e
037c:fixme:file:server_get_file_info Unsupported info class e
04f0:fixme:file:server_get_file_info Unsupported info class e
00cc:fixme:file:server_get_file_info Unsupported info class e
01a0:fixme:file:server_get_file_info Unsupported info class e
0298:fixme:file:server_get_file_info Unsupported info class e
0378:fixme:file:server_get_file_info Unsupported info class e
0378:fixme:file:server_get_file_info Unsupported info class e
0378:fixme:file:server_get_file_info Unsupported info class e
0458:fixme:file:server_get_file_info Unsupported info class e
07e4:fixme:file:server_get_file_info Unsupported info class e
0384:fixme:file:server_get_file_info Unsupported info class e
0384:fixme:file:server_get_file_info Unsupported info class e
0384:fixme:file:server_get_file_info Unsupported info class e
0360:fixme:file:server_get_file_info Unsupported info class e
0360:fixme:file:server_get_file_info Unsupported info class e
0360:fixme:file:server_get_file_info Unsupported info class e
02e8:fixme:file:server_get_file_info Unsupported info class e
0124:fixme:file:server_get_file_info Unsupported info class e
0368:fixme:file:server_get_file_info Unsupported info class e
0368:fixme:file:server_get_file_info Unsupported info class e
0368:fixme:file:server_get_file_info Unsupported info class e
0374:fixme:file:server_get_file_info Unsupported info class e
0374:fixme:file:server_get_file_info Unsupported info class e
0374:fixme:file:server_get_file_info Unsupported info class e
077c:fixme:file:server_get_file_info Unsupported info class e
03e4:fixme:file:server_get_file_info Unsupported info class e
0388:fixme:file:server_get_file_info Unsupported info class e
0388:fixme:file:server_get_file_info Unsupported info class e
0388:fixme:file:server_get_file_info Unsupported info class e
0604:fixme:file:server_get_file_info Unsupported info class e
04b4:fixme:file:server_get_file_info Unsupported info class e
0594:fixme:file:server_get_file_info Unsupported info class e
05c8:fixme:file:server_get_file_info Unsupported info class e
035c:fixme:file:server_get_file_info Unsupported info class e
035c:fixme:file:server_get_file_info Unsupported info class e
035c:fixme:file:server_get_file_info Unsupported info class e
0380:fixme:file:server_get_file_info Unsupported info class e
0370:fixme:file:server_get_file_info Unsupported info class e
0380:fixme:file:server_get_file_info Unsupported info class e
0380:fixme:file:server_get_file_info Unsupported info class e
0370:fixme:file:server_get_file_info Unsupported info class e
0370:fixme:file:server_get_file_info Unsupported info class e
01e0:fixme:file:server_get_file_info Unsupported info class e
04bc:fixme:file:server_get_file_info Unsupported info class e
0364:fixme:file:server_get_file_info Unsupported info class e
0364:fixme:file:server_get_file_info Unsupported info class e
0790:fixme:file:server_get_file_info Unsupported info class e
0364:fixme:file:server_get_file_info Unsupported info class e
014c:fixme:file:server_get_file_info Unsupported info class e
036c:fixme:file:server_get_file_info Unsupported info class e
036c:fixme:file:server_get_file_info Unsupported info class e
036c:fixme:file:server_get_file_info Unsupported info class e
037c:fixme:file:server_get_file_info Unsupported info class e
037c:fixme:file:server_get_file_info Unsupported info class e
037c:fixme:file:server_get_file_info Unsupported info class e
0348:fixme:file:server_get_file_info Unsupported info class e
0264:fixme:file:server_get_file_info Unsupported info class e
05ac:fixme:file:server_get_file_info Unsupported info class e
0134:fixme:file:server_get_file_info Unsupported info class e
06b0:fixme:file:server_get_file_info Unsupported info class e
0768:fixme:file:server_get_file_info Unsupported info class e
0450:fixme:file:server_get_file_info Unsupported info class e
0300:fixme:file:server_get_file_info Unsupported info class e
053c:fixme:file:server_get_file_info Unsupported info class e
06ac:fixme:file:server_get_file_info Unsupported info class e
0378:fixme:file:server_get_file_info Unsupported info class e
0378:fixme:file:server_get_file_info Unsupported info class e
0378:fixme:file:server_get_file_info Unsupported info class e
0384:fixme:file:server_get_file_info Unsupported info class e
0384:fixme:file:server_get_file_info Unsupported info class e
0384:fixme:file:server_get_file_info Unsupported info class e
0230:fixme:file:server_get_file_info Unsupported info class e
0360:fixme:file:server_get_file_info Unsupported info class e
0360:fixme:file:server_get_file_info Unsupported info class e
0360:fixme:file:server_get_file_info Unsupported info class e
0710:fixme:file:server_get_file_info Unsupported info class e
0388:fixme:file:server_get_file_info Unsupported info class e
0388:fixme:file:server_get_file_info Unsupported info class e
0388:fixme:file:server_get_file_info Unsupported info class e
0788:fixme:file:server_get_file_info Unsupported info class e
0760:fixme:file:server_get_file_info Unsupported info class e
0374:fixme:file:server_get_file_info Unsupported info class e
0374:fixme:file:server_get_file_info Unsupported info class e
0374:fixme:file:server_get_file_info Unsupported info class e
0248:fixme:file:server_get_file_info Unsupported info class e
072c:fixme:file:server_get_file_info Unsupported info class e
018c:fixme:file:server_get_file_info Unsupported info class e
022c:fixme:file:server_get_file_info Unsupported info class e
0368:fixme:file:server_get_file_info Unsupported info class e
0368:fixme:file:server_get_file_info Unsupported info class e
0368:fixme:file:server_get_file_info Unsupported info class e
0454:fixme:file:server_get_file_info Unsupported info class e
07a4:fixme:file:server_get_file_info Unsupported info class e
0364:fixme:file:server_get_file_info Unsupported info class e
0364:fixme:file:server_get_file_info Unsupported info class e
0364:fixme:file:server_get_file_info Unsupported info class e
05b8:fixme:file:server_get_file_info Unsupported info class e
0434:fixme:file:server_get_file_info Unsupported info class e
035c:fixme:file:server_get_file_info Unsupported info class e
035c:fixme:file:server_get_file_info Unsupported info class e
035c:fixme:file:server_get_file_info Unsupported info class e
05a4:fixme:file:server_get_file_info Unsupported info class e
06d4:fixme:file:server_get_file_info Unsupported info class e
0380:fixme:file:server_get_file_info Unsupported info class e
0380:fixme:file:server_get_file_info Unsupported info class e
0380:fixme:file:server_get_file_info Unsupported info class e
037c:fixme:file:server_get_file_info Unsupported info class e
037c:fixme:file:server_get_file_info Unsupported info class e
037c:fixme:file:server_get_file_info Unsupported info class e
0370:fixme:file:server_get_file_info Unsupported info class e
0370:fixme:file:server_get_file_info Unsupported info class e
0370:fixme:file:server_get_file_info Unsupported info class e
0290:fixme:file:server_get_file_info Unsupported info class e
01d0:fixme:file:server_get_file_info Unsupported info class e
036c:fixme:file:server_get_file_info Unsupported info class e
04fc:fixme:file:server_get_file_info Unsupported info class e
036c:fixme:file:server_get_file_info Unsupported info class e
036c:fixme:file:server_get_file_info Unsupported info class e
0518:fixme:file:server_get_file_info Unsupported info class e
0630:fixme:file:server_get_file_info Unsupported info class e
02a4:fixme:file:server_get_file_info Unsupported info class e
0394:fixme:file:server_get_file_info Unsupported info class e
06e4:fixme:file:server_get_file_info Unsupported info class e
0378:fixme:file:server_get_file_info Unsupported info class e
0378:fixme:file:server_get_file_info Unsupported info class e
0378:fixme:file:server_get_file_info Unsupported info class e
06a0:fixme:file:server_get_file_info Unsupported info class e
07e8:fixme:file:server_get_file_info Unsupported info class e
0360:fixme:file:server_get_file_info Unsupported info class e
0360:fixme:file:server_get_file_info Unsupported info class e
0360:fixme:file:server_get_file_info Unsupported info class e
0384:fixme:file:server_get_file_info Unsupported info class e
0384:fixme:file:server_get_file_info Unsupported info class e
0384:fixme:file:server_get_file_info Unsupported info class e
0150:fixme:file:server_get_file_info Unsupported info class e
0680:fixme:file:server_get_file_info Unsupported info class e
07dc:fixme:file:server_get_file_info Unsupported info class e
01e8:fixme:file:server_get_file_info Unsupported info class e
02fc:fixme:file:server_get_file_info Unsupported info class e
03b8:fixme:file:server_get_file_info Unsupported info class e
0388:fixme:file:server_get_file_info Unsupported info class e
0388:fixme:file:server_get_file_info Unsupported info class e
0388:fixme:file:server_get_file_info Unsupported info class e
0368:fixme:file:server_get_file_info Unsupported info class e
0368:fixme:file:server_get_file_info Unsupported info class e
0368:fixme:file:server_get_file_info Unsupported info class e
058c:fixme:file:server_get_file_info Unsupported info class e
01f4:fixme:file:server_get_file_info Unsupported info class e
0364:fixme:file:server_get_file_info Unsupported info class e
0364:fixme:file:server_get_file_info Unsupported info class e
0364:fixme:file:server_get_file_info Unsupported info class e
05c8:fixme:file:server_get_file_info Unsupported info class e
0594:fixme:file:server_get_file_info Unsupported info class e
0744:fixme:file:server_get_file_info Unsupported info class e
0690:fixme:file:server_get_file_info Unsupported info class e
035c:fixme:file:server_get_file_info Unsupported info class e
035c:fixme:file:server_get_file_info Unsupported info class e
035c:fixme:file:server_get_file_info Unsupported info class e
0174:fixme:file:server_get_file_info Unsupported info class e
03ec:fixme:file:server_get_file_info Unsupported info class e
0374:fixme:file:server_get_file_info Unsupported info class e
0374:fixme:file:server_get_file_info Unsupported info class e
0374:fixme:file:server_get_file_info Unsupported info class e
0330:fixme:file:server_get_file_info Unsupported info class e
07c8:fixme:file:server_get_file_info Unsupported info class e
037c:fixme:file:server_get_file_info Unsupported info class e
037c:fixme:file:server_get_file_info Unsupported info class e
037c:fixme:file:server_get_file_info Unsupported info class e
0384:fixme:file:server_get_file_info Unsupported info class e
0384:fixme:file:server_get_file_info Unsupported info class e
0384:fixme:file:server_get_file_info Unsupported info class e
0378:fixme:file:server_get_file_info Unsupported info class e
0378:fixme:file:server_get_file_info Unsupported info class e
0378:fixme:file:server_get_file_info Unsupported info class e
041c:fixme:file:server_get_file_info Unsupported info class e
0490:fixme:file:server_get_file_info Unsupported info class e
0244:fixme:file:server_get_file_info Unsupported info class e
0024:fixme:file:server_get_file_info Unsupported info class e
036c:fixme:file:server_get_file_info Unsupported info class e
036c:fixme:file:server_get_file_info Unsupported info class e
036c:fixme:file:server_get_file_info Unsupported info class e
0368:fixme:file:server_get_file_info Unsupported info class e
0368:fixme:file:server_get_file_info Unsupported info class e
0368:fixme:file:server_get_file_info Unsupported info class e
0500:fixme:file:server_get_file_info Unsupported info class e
0634:fixme:file:server_get_file_info Unsupported info class e
0618:fixme:file:server_get_file_info Unsupported info class e
006c:fixme:file:server_get_file_info Unsupported info class e
0380:fixme:file:server_get_file_info Unsupported info class e
0380:fixme:file:server_get_file_info Unsupported info class e
0380:fixme:file:server_get_file_info Unsupported info class e
0388:fixme:file:server_get_file_info Unsupported info class e
0388:fixme:file:server_get_file_info Unsupported info class e
0388:fixme:file:server_get_file_info Unsupported info class e
0230:fixme:file:server_get_file_info Unsupported info class e
0370:fixme:file:server_get_file_info Unsupported info class e
06ac:fixme:file:server_get_file_info Unsupported info class e
0370:fixme:file:server_get_file_info Unsupported info class e
0370:fixme:file:server_get_file_info Unsupported info class e
0364:fixme:file:server_get_file_info Unsupported info class e
0364:fixme:file:server_get_file_info Unsupported info class e
0364:fixme:file:server_get_file_info Unsupported info class e
035c:fixme:file:server_get_file_info Unsupported info class e
0770:fixme:file:server_get_file_info Unsupported info class e
06f8:fixme:file:server_get_file_info Unsupported info class e
02a8:fixme:file:server_get_file_info Unsupported info class e
035c:fixme:file:server_get_file_info Unsupported info class e
070c:fixme:file:server_get_file_info Unsupported info class e
035c:fixme:file:server_get_file_info Unsupported info class e
038c:fixme:file:server_get_file_info Unsupported info class e
07c0:fixme:file:server_get_file_info Unsupported info class e
0360:fixme:file:server_get_file_info Unsupported info class e
0360:fixme:file:server_get_file_info Unsupported info class e
0360:fixme:file:server_get_file_info Unsupported info class e
0374:fixme:file:server_get_file_info Unsupported info class e
0374:fixme:file:server_get_file_info Unsupported info class e
04e4:fixme:file:server_get_file_info Unsupported info class e
0374:fixme:file:server_get_file_info Unsupported info class e
0670:fixme:file:server_get_file_info Unsupported info class e
030c:fixme:file:server_get_file_info Unsupported info class e
0624:fixme:file:server_get_file_info Unsupported info class e
07b0:fixme:file:server_get_file_info Unsupported info class e
0584:fixme:file:server_get_file_info Unsupported info class e
037c:fixme:file:server_get_file_info Unsupported info class e
037c:fixme:file:server_get_file_info Unsupported info class e
037c:fixme:file:server_get_file_info Unsupported info class e
0384:fixme:file:server_get_file_info Unsupported info class e
0384:fixme:file:server_get_file_info Unsupported info class e
[staging] Audio: 2835/3388 completed
0384:fixme:file:server_get_file_info Unsupported info class e
0400:fixme:file:server_get_file_info Unsupported info class e
01b4:fixme:file:server_get_file_info Unsupported info class e
0378:fixme:file:server_get_file_info Unsupported info class e
0688:fixme:file:server_get_file_info Unsupported info class e
0378:fixme:file:server_get_file_info Unsupported info class e
03e0:fixme:file:server_get_file_info Unsupported info class e
0378:fixme:file:server_get_file_info Unsupported info class e
01a0:fixme:file:server_get_file_info Unsupported info class e
0794:fixme:file:server_get_file_info Unsupported info class e
036c:fixme:file:server_get_file_info Unsupported info class e
0368:fixme:file:server_get_file_info Unsupported info class e
036c:fixme:file:server_get_file_info Unsupported info class e
0368:fixme:file:server_get_file_info Unsupported info class e
036c:fixme:file:server_get_file_info Unsupported info class e
0368:fixme:file:server_get_file_info Unsupported info class e
023c:fixme:file:server_get_file_info Unsupported info class e
02c4:fixme:file:server_get_file_info Unsupported info class e
07d4:fixme:file:server_get_file_info Unsupported info class e
04a8:fixme:file:server_get_file_info Unsupported info class e
0380:fixme:file:server_get_file_info Unsupported info class e
0380:fixme:file:server_get_file_info Unsupported info class e
0380:fixme:file:server_get_file_info Unsupported info class e
0144:fixme:file:server_get_file_info Unsupported info class e
0388:fixme:file:server_get_file_info Unsupported info class e
0388:fixme:file:server_get_file_info Unsupported info class e
0448:fixme:file:server_get_file_info Unsupported info class e
0388:fixme:file:server_get_file_info Unsupported info class e
0364:fixme:file:server_get_file_info Unsupported info class e
0364:fixme:file:server_get_file_info Unsupported info class e
0364:fixme:file:server_get_file_info Unsupported info class e
0150:fixme:file:server_get_file_info Unsupported info class e
0344:fixme:file:server_get_file_info Unsupported info class e
0370:fixme:file:server_get_file_info Unsupported info class e
0370:fixme:file:server_get_file_info Unsupported info class e
0370:fixme:file:server_get_file_info Unsupported info class e
01c4:fixme:file:server_get_file_info Unsupported info class e
011c:fixme:file:server_get_file_info Unsupported info class e
0638:fixme:file:server_get_file_info Unsupported info class e
0068:fixme:file:server_get_file_info Unsupported info class e
0374:fixme:file:server_get_file_info Unsupported info class e
035c:fixme:file:server_get_file_info Unsupported info class e
0374:fixme:file:server_get_file_info Unsupported info class e
0374:fixme:file:server_get_file_info Unsupported info class e
035c:fixme:file:server_get_file_info Unsupported info class e
035c:fixme:file:server_get_file_info Unsupported info class e
0360:fixme:file:server_get_file_info Unsupported info class e
045c:fixme:file:server_get_file_info Unsupported info class e
0360:fixme:file:server_get_file_info Unsupported info class e
0360:fixme:file:server_get_file_info Unsupported info class e
068c:fixme:file:server_get_file_info Unsupported info class e
0340:fixme:file:server_get_file_info Unsupported info class e
0148:fixme:file:server_get_file_info Unsupported info class e
037c:fixme:file:server_get_file_info Unsupported info class e
037c:fixme:file:server_get_file_info Unsupported info class e
037c:fixme:file:server_get_file_info Unsupported info class e
0420:fixme:file:server_get_file_info Unsupported info class e
05ec:fixme:file:server_get_file_info Unsupported info class e
03dc:fixme:file:server_get_file_info Unsupported info class e
076c:fixme:file:server_get_file_info Unsupported info class e
0384:fixme:file:server_get_file_info Unsupported info class e
0384:fixme:file:server_get_file_info Unsupported info class e
0384:fixme:file:server_get_file_info Unsupported info class e
0160:fixme:file:server_get_file_info Unsupported info class e
0134:fixme:file:server_get_file_info Unsupported info class e
0368:fixme:file:server_get_file_info Unsupported info class e
0368:fixme:file:server_get_file_info Unsupported info class e
0368:fixme:file:server_get_file_info Unsupported info class e
06c4:fixme:file:server_get_file_info Unsupported info class e
021c:fixme:file:server_get_file_info Unsupported info class e
0378:fixme:file:server_get_file_info Unsupported info class e
0378:fixme:file:server_get_file_info Unsupported info class e
0378:fixme:file:server_get_file_info Unsupported info class e
0558:fixme:file:server_get_file_info Unsupported info class e
0130:fixme:file:server_get_file_info Unsupported info class e
036c:fixme:file:server_get_file_info Unsupported info class e
036c:fixme:file:server_get_file_info Unsupported info class e
036c:fixme:file:server_get_file_info Unsupported info class e
0388:fixme:file:server_get_file_info Unsupported info class e
0380:fixme:file:server_get_file_info Unsupported info class e
0388:fixme:file:server_get_file_info Unsupported info class e
0380:fixme:file:server_get_file_info Unsupported info class e
0388:fixme:file:server_get_file_info Unsupported info class e
0380:fixme:file:server_get_file_info Unsupported info class e
0364:fixme:file:server_get_file_info Unsupported info class e
0364:fixme:file:server_get_file_info Unsupported info class e
0364:fixme:file:server_get_file_info Unsupported info class e
0544:fixme:file:server_get_file_info Unsupported info class e
01ac:fixme:file:server_get_file_info Unsupported info class e
05d8:fixme:file:server_get_file_info Unsupported info class e
0204:fixme:file:server_get_file_info Unsupported info class e
012c:fixme:file:server_get_file_info Unsupported info class e
05b8:fixme:file:server_get_file_info Unsupported info class e
061c:fixme:file:server_get_file_info Unsupported info class e
02a8:fixme:file:server_get_file_info Unsupported info class e
035c:fixme:file:server_get_file_info Unsupported info class e
035c:fixme:file:server_get_file_info Unsupported info class e
035c:fixme:file:server_get_file_info Unsupported info class e
0784:fixme:file:server_get_file_info Unsupported info class e
01d4:fixme:file:server_get_file_info Unsupported info class e
0360:fixme:file:server_get_file_info Unsupported info class e
0360:fixme:file:server_get_file_info Unsupported info class e
0360:fixme:file:server_get_file_info Unsupported info class e
0714:fixme:file:server_get_file_info Unsupported info class e
0478:fixme:file:server_get_file_info Unsupported info class e
0320:fixme:file:server_get_file_info Unsupported info class e
01b8:fixme:file:server_get_file_info Unsupported info class e
0354:fixme:file:server_get_file_info Unsupported info class e
0220:fixme:file:server_get_file_info Unsupported info class e
0370:fixme:file:server_get_file_info Unsupported info class e
0370:fixme:file:server_get_file_info Unsupported info class e
0370:fixme:file:server_get_file_info Unsupported info class e
0374:fixme:file:server_get_file_info Unsupported info class e
0378:fixme:file:server_get_file_info Unsupported info class e
0374:fixme:file:server_get_file_info Unsupported info class e
0378:fixme:file:server_get_file_info Unsupported info class e
0378:fixme:file:server_get_file_info Unsupported info class e
0374:fixme:file:server_get_file_info Unsupported info class e
0368:fixme:file:server_get_file_info Unsupported info class e
0368:fixme:file:server_get_file_info Unsupported info class e
0368:fixme:file:server_get_file_info Unsupported info class e
04b4:fixme:file:server_get_file_info Unsupported info class e
01b4:fixme:file:server_get_file_info Unsupported info class e
037c:fixme:file:server_get_file_info Unsupported info class e
037c:fixme:file:server_get_file_info Unsupported info class e
037c:fixme:file:server_get_file_info Unsupported info class e
0800:fixme:file:server_get_file_info Unsupported info class e
048c:fixme:file:server_get_file_info Unsupported info class e
0564:fixme:file:server_get_file_info Unsupported info class e
059c:fixme:file:server_get_file_info Unsupported info class e
036c:fixme:file:server_get_file_info Unsupported info class e
036c:fixme:file:server_get_file_info Unsupported info class e
036c:fixme:file:server_get_file_info Unsupported info class e
01a0:fixme:file:server_get_file_info Unsupported info class e
06bc:fixme:file:server_get_file_info Unsupported info class e
0388:fixme:file:server_get_file_info Unsupported info class e
0388:fixme:file:server_get_file_info Unsupported info class e
0388:fixme:file:server_get_file_info Unsupported info class e
0384:fixme:file:server_get_file_info Unsupported info class e
0384:fixme:file:server_get_file_info Unsupported info class e
0384:fixme:file:server_get_file_info Unsupported info class e
00c8:fixme:file:server_get_file_info Unsupported info class e
0168:fixme:file:server_get_file_info Unsupported info class e
0364:fixme:file:server_get_file_info Unsupported info class e
0364:fixme:file:server_get_file_info Unsupported info class e
035c:fixme:file:server_get_file_info Unsupported info class e
0364:fixme:file:server_get_file_info Unsupported info class e
035c:fixme:file:server_get_file_info Unsupported info class e
035c:fixme:file:server_get_file_info Unsupported info class e
0380:fixme:file:server_get_file_info Unsupported info class e
0380:fixme:file:server_get_file_info Unsupported info class e
0380:fixme:file:server_get_file_info Unsupported info class e
0158:fixme:file:server_get_file_info Unsupported info class e
057c:fixme:file:server_get_file_info Unsupported info class e
0748:fixme:file:server_get_file_info Unsupported info class e
0418:fixme:file:server_get_file_info Unsupported info class e
0138:fixme:file:server_get_file_info Unsupported info class e
0410:fixme:file:server_get_file_info Unsupported info class e
0348:fixme:file:server_get_file_info Unsupported info class e
0360:fixme:file:server_get_file_info Unsupported info class e
002c:fixme:file:server_get_file_info Unsupported info class e
07b4:fixme:file:server_get_file_info Unsupported info class e
0360:fixme:file:server_get_file_info Unsupported info class e
0360:fixme:file:server_get_file_info Unsupported info class e
02d8:fixme:file:server_get_file_info Unsupported info class e
0374:fixme:file:server_get_file_info Unsupported info class e
0374:fixme:file:server_get_file_info Unsupported info class e
0374:fixme:file:server_get_file_info Unsupported info class e
0378:fixme:file:server_get_file_info Unsupported info class e
0378:fixme:file:server_get_file_info Unsupported info class e
0378:fixme:file:server_get_file_info Unsupported info class e
07c4:fixme:file:server_get_file_info Unsupported info class e
0548:fixme:file:server_get_file_info Unsupported info class e
017c:fixme:file:server_get_file_info Unsupported info class e
04c0:fixme:file:server_get_file_info Unsupported info class e
037c:fixme:file:server_get_file_info Unsupported info class e
037c:fixme:file:server_get_file_info Unsupported info class e
037c:fixme:file:server_get_file_info Unsupported info class e
0370:fixme:file:server_get_file_info Unsupported info class e
0370:fixme:file:server_get_file_info Unsupported info class e
0368:fixme:file:server_get_file_info Unsupported info class e
0370:fixme:file:server_get_file_info Unsupported info class e
0368:fixme:file:server_get_file_info Unsupported info class e
0368:fixme:file:server_get_file_info Unsupported info class e
0570:fixme:file:server_get_file_info Unsupported info class e
0240:fixme:file:server_get_file_info Unsupported info class e
02b0:fixme:file:server_get_file_info Unsupported info class e
04ec:fixme:file:server_get_file_info Unsupported info class e
0160:fixme:file:server_get_file_info Unsupported info class e
036c:fixme:file:server_get_file_info Unsupported info class e
036c:fixme:file:server_get_file_info Unsupported info class e
0134:fixme:file:server_get_file_info Unsupported info class e
0384:fixme:file:server_get_file_info Unsupported info class e
036c:fixme:file:server_get_file_info Unsupported info class e
0384:fixme:file:server_get_file_info Unsupported info class e
0384:fixme:file:server_get_file_info Unsupported info class e
06dc:fixme:file:server_get_file_info Unsupported info class e
07a8:fixme:file:server_get_file_info Unsupported info class e
0480:fixme:file:server_get_file_info Unsupported info class e
0468:fixme:file:server_get_file_info Unsupported info class e
0388:fixme:file:server_get_file_info Unsupported info class e
0388:fixme:file:server_get_file_info Unsupported info class e
0388:fixme:file:server_get_file_info Unsupported info class e
035c:fixme:file:server_get_file_info Unsupported info class e
035c:fixme:file:server_get_file_info Unsupported info class e
035c:fixme:file:server_get_file_info Unsupported info class e
04f0:fixme:file:server_get_file_info Unsupported info class e
0560:fixme:file:server_get_file_info Unsupported info class e
0510:fixme:file:server_get_file_info Unsupported info class e
06ec:fixme:file:server_get_file_info Unsupported info class e
0360:fixme:file:server_get_file_info Unsupported info class e
0380:fixme:file:server_get_file_info Unsupported info class e
0360:fixme:file:server_get_file_info Unsupported info class e
0360:fixme:file:server_get_file_info Unsupported info class e
0364:fixme:file:server_get_file_info Unsupported info class e
0380:fixme:file:server_get_file_info Unsupported info class e
0364:fixme:file:server_get_file_info Unsupported info class e
0364:fixme:file:server_get_file_info Unsupported info class e
0380:fixme:file:server_get_file_info Unsupported info class e
0208:fixme:file:server_get_file_info Unsupported info class e
04fc:fixme:file:server_get_file_info Unsupported info class e
0720:fixme:file:server_get_file_info Unsupported info class e
02b8:fixme:file:server_get_file_info Unsupported info class e
0374:fixme:file:server_get_file_info Unsupported info class e
0374:fixme:file:server_get_file_info Unsupported info class e
0374:fixme:file:server_get_file_info Unsupported info class e
01d0:fixme:file:server_get_file_info Unsupported info class e
02a0:fixme:file:server_get_file_info Unsupported info class e
0704:fixme:file:server_get_file_info Unsupported info class e
0324:fixme:file:server_get_file_info Unsupported info class e
0478:fixme:file:server_get_file_info Unsupported info class e
0320:fixme:file:server_get_file_info Unsupported info class e
0378:fixme:file:server_get_file_info Unsupported info class e
0378:fixme:file:server_get_file_info Unsupported info class e
0378:fixme:file:server_get_file_info Unsupported info class e
037c:fixme:file:server_get_file_info Unsupported info class e
037c:fixme:file:server_get_file_info Unsupported info class e
037c:fixme:file:server_get_file_info Unsupported info class e
078c:fixme:file:server_get_file_info Unsupported info class e
075c:fixme:file:server_get_file_info Unsupported info class e
0370:fixme:file:server_get_file_info Unsupported info class e
0370:fixme:file:server_get_file_info Unsupported info class e
0370:fixme:file:server_get_file_info Unsupported info class e
0368:fixme:file:server_get_file_info Unsupported info class e
0368:fixme:file:server_get_file_info Unsupported info class e
0368:fixme:file:server_get_file_info Unsupported info class e
059c:fixme:file:server_get_file_info Unsupported info class e
03a0:fixme:file:server_get_file_info Unsupported info class e
036c:fixme:file:server_get_file_info Unsupported info class e
036c:fixme:file:server_get_file_info Unsupported info class e
036c:fixme:file:server_get_file_info Unsupported info class e
0700:fixme:file:server_get_file_info Unsupported info class e
07c8:fixme:file:server_get_file_info Unsupported info class e
0350:fixme:file:server_get_file_info Unsupported info class e
063c:fixme:file:server_get_file_info Unsupported info class e
0384:fixme:file:server_get_file_info Unsupported info class e
0384:fixme:file:server_get_file_info Unsupported info class e
0384:fixme:file:server_get_file_info Unsupported info class e
0580:fixme:file:server_get_file_info Unsupported info class e
04b4:fixme:file:server_get_file_info Unsupported info class e
011c:fixme:file:server_get_file_info Unsupported info class e
01c4:fixme:file:server_get_file_info Unsupported info class e
0360:fixme:file:server_get_file_info Unsupported info class e
0360:fixme:file:server_get_file_info Unsupported info class e
0360:fixme:file:server_get_file_info Unsupported info class e
0388:fixme:file:server_get_file_info Unsupported info class e
035c:fixme:file:server_get_file_info Unsupported info class e
0388:fixme:file:server_get_file_info Unsupported info class e
0388:fixme:file:server_get_file_info Unsupported info class e
035c:fixme:file:server_get_file_info Unsupported info class e
035c:fixme:file:server_get_file_info Unsupported info class e
0380:fixme:file:server_get_file_info Unsupported info class e
0380:fixme:file:server_get_file_info Unsupported info class e
0380:fixme:file:server_get_file_info Unsupported info class e
0708:fixme:file:server_get_file_info Unsupported info class e
04e0:fixme:file:server_get_file_info Unsupported info class e
0420:fixme:file:server_get_file_info Unsupported info class e
0364:fixme:file:server_get_file_info Unsupported info class e
0364:fixme:file:server_get_file_info Unsupported info class e
0810:fixme:file:server_get_file_info Unsupported info class e
0364:fixme:file:server_get_file_info Unsupported info class e
06fc:fixme:file:server_get_file_info Unsupported info class e
03bc:fixme:file:server_get_file_info Unsupported info class e
0374:fixme:file:server_get_file_info Unsupported info class e
0374:fixme:file:server_get_file_info Unsupported info class e
0374:fixme:file:server_get_file_info Unsupported info class e
0158:fixme:file:server_get_file_info Unsupported info class e
07b4:fixme:file:server_get_file_info Unsupported info class e
0378:fixme:file:server_get_file_info Unsupported info class e
0378:fixme:file:server_get_file_info Unsupported info class e
0378:fixme:file:server_get_file_info Unsupported info class e
0410:fixme:file:server_get_file_info Unsupported info class e
0370:fixme:file:server_get_file_info Unsupported info class e
0370:fixme:file:server_get_file_info Unsupported info class e
06b4:fixme:file:server_get_file_info Unsupported info class e
0370:fixme:file:server_get_file_info Unsupported info class e
0248:fixme:file:server_get_file_info Unsupported info class e
0640:fixme:file:server_get_file_info Unsupported info class e
037c:fixme:file:server_get_file_info Unsupported info class e
037c:fixme:file:server_get_file_info Unsupported info class e
037c:fixme:file:server_get_file_info Unsupported info class e
05e8:fixme:file:server_get_file_info Unsupported info class e
07b8:fixme:file:server_get_file_info Unsupported info class e
0368:fixme:file:server_get_file_info Unsupported info class e
0368:fixme:file:server_get_file_info Unsupported info class e
0368:fixme:file:server_get_file_info Unsupported info class e
06f4:fixme:file:server_get_file_info Unsupported info class e
0684:fixme:file:server_get_file_info Unsupported info class e
036c:fixme:file:server_get_file_info Unsupported info class e
036c:fixme:file:server_get_file_info Unsupported info class e
036c:fixme:file:server_get_file_info Unsupported info class e
06c8:fixme:file:server_get_file_info Unsupported info class e
0724:fixme:file:server_get_file_info Unsupported info class e
0394:fixme:file:server_get_file_info Unsupported info class e
0464:fixme:file:server_get_file_info Unsupported info class e
0384:fixme:file:server_get_file_info Unsupported info class e
0384:fixme:file:server_get_file_info Unsupported info class e
0384:fixme:file:server_get_file_info Unsupported info class e
0360:fixme:file:server_get_file_info Unsupported info class e
0360:fixme:file:server_get_file_info Unsupported info class e
0360:fixme:file:server_get_file_info Unsupported info class e
04ac:fixme:file:server_get_file_info Unsupported info class e
0574:fixme:file:server_get_file_info Unsupported info class e
0468:fixme:file:server_get_file_info Unsupported info class e
01a8:fixme:file:server_get_file_info Unsupported info class e
0388:fixme:file:server_get_file_info Unsupported info class e
0388:fixme:file:server_get_file_info Unsupported info class e
0388:fixme:file:server_get_file_info Unsupported info class e
03f8:fixme:file:server_get_file_info Unsupported info class e
070c:fixme:file:server_get_file_info Unsupported info class e
0380:fixme:file:server_get_file_info Unsupported info class e
0380:fixme:file:server_get_file_info Unsupported info class e
0380:fixme:file:server_get_file_info Unsupported info class e
0800:fixme:file:server_get_file_info Unsupported info class e
023c:fixme:file:server_get_file_info Unsupported info class e
035c:fixme:file:server_get_file_info Unsupported info class e
035c:fixme:file:server_get_file_info Unsupported info class e
035c:fixme:file:server_get_file_info Unsupported info class e
0598:fixme:file:server_get_file_info Unsupported info class e
020c:fixme:file:server_get_file_info Unsupported info class e
0364:fixme:file:server_get_file_info Unsupported info class e
0364:fixme:file:server_get_file_info Unsupported info class e
0364:fixme:file:server_get_file_info Unsupported info class e
0374:fixme:file:server_get_file_info Unsupported info class e
0374:fixme:file:server_get_file_info Unsupported info class e
0374:fixme:file:server_get_file_info Unsupported info class e
0378:fixme:file:server_get_file_info Unsupported info class e
0378:fixme:file:server_get_file_info Unsupported info class e
0378:fixme:file:server_get_file_info Unsupported info class e
0718:fixme:file:server_get_file_info Unsupported info class e
031c:fixme:file:server_get_file_info Unsupported info class e
01c0:fixme:file:server_get_file_info Unsupported info class e
0320:fixme:file:server_get_file_info Unsupported info class e
037c:fixme:file:server_get_file_info Unsupported info class e
037c:fixme:file:server_get_file_info Unsupported info class e
037c:fixme:file:server_get_file_info Unsupported info class e
053c:fixme:file:server_get_file_info Unsupported info class e
039c:fixme:file:server_get_file_info Unsupported info class e
0370:fixme:file:server_get_file_info Unsupported info class e
0370:fixme:file:server_get_file_info Unsupported info class e
0370:fixme:file:server_get_file_info Unsupported info class e
075c:fixme:file:server_get_file_info Unsupported info class e
078c:fixme:file:server_get_file_info Unsupported info class e
0474:fixme:file:server_get_file_info Unsupported info class e
0500:fixme:file:server_get_file_info Unsupported info class e
0368:fixme:file:server_get_file_info Unsupported info class e
0368:fixme:file:server_get_file_info Unsupported info class e
0368:fixme:file:server_get_file_info Unsupported info class e
0384:fixme:file:server_get_file_info Unsupported info class e
0384:fixme:file:server_get_file_info Unsupported info class e
0384:fixme:file:server_get_file_info Unsupported info class e
036c:fixme:file:server_get_file_info Unsupported info class e
036c:fixme:file:server_get_file_info Unsupported info class e
036c:fixme:file:server_get_file_info Unsupported info class e
0758:fixme:file:server_get_file_info Unsupported info class e
05a8:fixme:file:server_get_file_info Unsupported info class e
03a0:fixme:file:server_get_file_info Unsupported info class e
079c:fixme:file:server_get_file_info Unsupported info class e
0388:fixme:file:server_get_file_info Unsupported info class e
0388:fixme:file:server_get_file_info Unsupported info class e
0388:fixme:file:server_get_file_info Unsupported info class e
0360:fixme:file:server_get_file_info Unsupported info class e
0360:fixme:file:server_get_file_info Unsupported info class e
0360:fixme:file:server_get_file_info Unsupported info class e
0140:fixme:file:server_get_file_info Unsupported info class e
028c:fixme:file:server_get_file_info Unsupported info class e
05ac:fixme:file:server_get_file_info Unsupported info class e
0230:fixme:file:server_get_file_info Unsupported info class e
06ac:fixme:file:server_get_file_info Unsupported info class e
0358:fixme:file:server_get_file_info Unsupported info class e
0364:fixme:file:server_get_file_info Unsupported info class e
0380:fixme:file:server_get_file_info Unsupported info class e
0364:fixme:file:server_get_file_info Unsupported info class e
0364:fixme:file:server_get_file_info Unsupported info class e
0380:fixme:file:server_get_file_info Unsupported info class e
0380:fixme:file:server_get_file_info Unsupported info class e
0194:fixme:file:server_get_file_info Unsupported info class e
04c0:fixme:file:server_get_file_info Unsupported info class e
0304:fixme:file:server_get_file_info Unsupported info class e
0610:fixme:file:server_get_file_info Unsupported info class e
035c:fixme:file:server_get_file_info Unsupported info class e
035c:fixme:file:server_get_file_info Unsupported info class e
035c:fixme:file:server_get_file_info Unsupported info class e
0374:fixme:file:server_get_file_info Unsupported info class e
0374:fixme:file:server_get_file_info Unsupported info class e
0374:fixme:file:server_get_file_info Unsupported info class e
0378:fixme:file:server_get_file_info Unsupported info class e
0378:fixme:file:server_get_file_info Unsupported info class e
0378:fixme:file:server_get_file_info Unsupported info class e
04a4:fixme:file:server_get_file_info Unsupported info class e
07ac:fixme:file:server_get_file_info Unsupported info class e
0160:fixme:file:server_get_file_info Unsupported info class e
04d0:fixme:file:server_get_file_info Unsupported info class e
037c:fixme:file:server_get_file_info Unsupported info class e
037c:fixme:file:server_get_file_info Unsupported info class e
037c:fixme:file:server_get_file_info Unsupported info class e
044c:fixme:file:server_get_file_info Unsupported info class e
03f0:fixme:file:server_get_file_info Unsupported info class e
0370:fixme:file:server_get_file_info Unsupported info class e
0370:fixme:file:server_get_file_info Unsupported info class e
0370:fixme:file:server_get_file_info Unsupported info class e
0688:fixme:file:server_get_file_info Unsupported info class e
0334:fixme:file:server_get_file_info Unsupported info class e
0368:fixme:file:server_get_file_info Unsupported info class e
0640:fixme:file:server_get_file_info Unsupported info class e
0368:fixme:file:server_get_file_info Unsupported info class e
0198:fixme:file:server_get_file_info Unsupported info class e
0368:fixme:file:server_get_file_info Unsupported info class e
036c:fixme:file:server_get_file_info Unsupported info class e
036c:fixme:file:server_get_file_info Unsupported info class e
036c:fixme:file:server_get_file_info Unsupported info class e
0384:fixme:file:server_get_file_info Unsupported info class e
0384:fixme:file:server_get_file_info Unsupported info class e
0384:fixme:file:server_get_file_info Unsupported info class e
0448:fixme:file:server_get_file_info Unsupported info class e
0144:fixme:file:server_get_file_info Unsupported info class e
06c8:fixme:file:server_get_file_info Unsupported info class e
03ec:fixme:file:server_get_file_info Unsupported info class e
0388:fixme:file:server_get_file_info Unsupported info class e
0388:fixme:file:server_get_file_info Unsupported info class e
0388:fixme:file:server_get_file_info Unsupported info class e
0360:fixme:file:server_get_file_info Unsupported info class e
0360:fixme:file:server_get_file_info Unsupported info class e
0360:fixme:file:server_get_file_info Unsupported info class e
07f8:fixme:file:server_get_file_info Unsupported info class e
073c:fixme:file:server_get_file_info Unsupported info class e
038c:fixme:file:server_get_file_info Unsupported info class e
07d4:fixme:file:server_get_file_info Unsupported info class e
0780:fixme:file:server_get_file_info Unsupported info class e
0364:fixme:file:server_get_file_info Unsupported info class e
0364:fixme:file:server_get_file_info Unsupported info class e
0364:fixme:file:server_get_file_info Unsupported info class e
0620:fixme:file:server_get_file_info Unsupported info class e
04dc:fixme:file:server_get_file_info Unsupported info class e
05d0:fixme:file:server_get_file_info Unsupported info class e
035c:fixme:file:server_get_file_info Unsupported info class e
035c:fixme:file:server_get_file_info Unsupported info class e
035c:fixme:file:server_get_file_info Unsupported info class e
0380:fixme:file:server_get_file_info Unsupported info class e
0380:fixme:file:server_get_file_info Unsupported info class e
0380:fixme:file:server_get_file_info Unsupported info class e
020c:fixme:file:server_get_file_info Unsupported info class e
0798:fixme:file:server_get_file_info Unsupported info class e
0378:fixme:file:server_get_file_info Unsupported info class e
0378:fixme:file:server_get_file_info Unsupported info class e
0378:fixme:file:server_get_file_info Unsupported info class e
0734:fixme:file:server_get_file_info Unsupported info class e
02e4:fixme:file:server_get_file_info Unsupported info class e
0374:fixme:file:server_get_file_info Unsupported info class e
0374:fixme:file:server_get_file_info Unsupported info class e
0374:fixme:file:server_get_file_info Unsupported info class e
[staging] Audio: 2956/3388 completed
01f0:fixme:file:server_get_file_info Unsupported info class e
03a4:fixme:file:server_get_file_info Unsupported info class e
0628:fixme:file:server_get_file_info Unsupported info class e
016c:fixme:file:server_get_file_info Unsupported info class e
037c:fixme:file:server_get_file_info Unsupported info class e
037c:fixme:file:server_get_file_info Unsupported info class e
037c:fixme:file:server_get_file_info Unsupported info class e
0370:fixme:file:server_get_file_info Unsupported info class e
0370:fixme:file:server_get_file_info Unsupported info class e
0370:fixme:file:server_get_file_info Unsupported info class e
036c:fixme:file:server_get_file_info Unsupported info class e
036c:fixme:file:server_get_file_info Unsupported info class e
036c:fixme:file:server_get_file_info Unsupported info class e
0528:fixme:file:server_get_file_info Unsupported info class e
01fc:fixme:file:server_get_file_info Unsupported info class e
0174:fixme:file:server_get_file_info Unsupported info class e
072c:fixme:file:server_get_file_info Unsupported info class e
0368:fixme:file:server_get_file_info Unsupported info class e
0368:fixme:file:server_get_file_info Unsupported info class e
0368:fixme:file:server_get_file_info Unsupported info class e
0384:fixme:file:server_get_file_info Unsupported info class e
0384:fixme:file:server_get_file_info Unsupported info class e
0384:fixme:file:server_get_file_info Unsupported info class e
017c:fixme:file:server_get_file_info Unsupported info class e
0170:fixme:file:server_get_file_info Unsupported info class e
055c:fixme:file:server_get_file_info Unsupported info class e
0518:fixme:file:server_get_file_info Unsupported info class e
0388:fixme:file:server_get_file_info Unsupported info class e
0388:fixme:file:server_get_file_info Unsupported info class e
0388:fixme:file:server_get_file_info Unsupported info class e
0498:fixme:file:server_get_file_info Unsupported info class e
068c:fixme:file:server_get_file_info Unsupported info class e
0758:fixme:file:server_get_file_info Unsupported info class e
0544:fixme:file:server_get_file_info Unsupported info class e
0360:fixme:file:server_get_file_info Unsupported info class e
0360:fixme:file:server_get_file_info Unsupported info class e
0360:fixme:file:server_get_file_info Unsupported info class e
079c:fixme:file:server_get_file_info Unsupported info class e
05d8:fixme:file:server_get_file_info Unsupported info class e
035c:fixme:file:server_get_file_info Unsupported info class e
035c:fixme:file:server_get_file_info Unsupported info class e
035c:fixme:file:server_get_file_info Unsupported info class e
0380:fixme:file:server_get_file_info Unsupported info class e
0380:fixme:file:server_get_file_info Unsupported info class e
0364:fixme:file:server_get_file_info Unsupported info class e
0380:fixme:file:server_get_file_info Unsupported info class e
0364:fixme:file:server_get_file_info Unsupported info class e
0364:fixme:file:server_get_file_info Unsupported info class e
018c:fixme:file:server_get_file_info Unsupported info class e
06dc:fixme:file:server_get_file_info Unsupported info class e
01d4:fixme:file:server_get_file_info Unsupported info class e
03e0:fixme:file:server_get_file_info Unsupported info class e
04c0:fixme:file:server_get_file_info Unsupported info class e
0194:fixme:file:server_get_file_info Unsupported info class e
0378:fixme:file:server_get_file_info Unsupported info class e
0378:fixme:file:server_get_file_info Unsupported info class e
0378:fixme:file:server_get_file_info Unsupported info class e
036c:fixme:file:server_get_file_info Unsupported info class e
036c:fixme:file:server_get_file_info Unsupported info class e
036c:fixme:file:server_get_file_info Unsupported info class e
0374:fixme:file:server_get_file_info Unsupported info class e
0374:fixme:file:server_get_file_info Unsupported info class e
0190:fixme:file:server_get_file_info Unsupported info class e
0374:fixme:file:server_get_file_info Unsupported info class e
03c0:fixme:file:server_get_file_info Unsupported info class e
029c:fixme:file:server_get_file_info Unsupported info class e
06d0:fixme:file:server_get_file_info Unsupported info class e
037c:fixme:file:server_get_file_info Unsupported info class e
037c:fixme:file:server_get_file_info Unsupported info class e
037c:fixme:file:server_get_file_info Unsupported info class e
0164:fixme:file:server_get_file_info Unsupported info class e
0344:fixme:file:server_get_file_info Unsupported info class e
0370:fixme:file:server_get_file_info Unsupported info class e
0370:fixme:file:server_get_file_info Unsupported info class e
0370:fixme:file:server_get_file_info Unsupported info class e
07dc:fixme:file:server_get_file_info Unsupported info class e
0624:fixme:file:server_get_file_info Unsupported info class e
01a8:fixme:file:server_get_file_info Unsupported info class e
0384:fixme:file:server_get_file_info Unsupported info class e
0384:fixme:file:server_get_file_info Unsupported info class e
01e8:fixme:file:server_get_file_info Unsupported info class e
0384:fixme:file:server_get_file_info Unsupported info class e
0368:fixme:file:server_get_file_info Unsupported info class e
0368:fixme:file:server_get_file_info Unsupported info class e
0368:fixme:file:server_get_file_info Unsupported info class e
0604:fixme:file:server_get_file_info Unsupported info class e
01d0:fixme:file:server_get_file_info Unsupported info class e
0550:fixme:file:server_get_file_info Unsupported info class e
0790:fixme:file:server_get_file_info Unsupported info class e
0360:fixme:file:server_get_file_info Unsupported info class e
0388:fixme:file:server_get_file_info Unsupported info class e
0360:fixme:file:server_get_file_info Unsupported info class e
0360:fixme:file:server_get_file_info Unsupported info class e
0388:fixme:file:server_get_file_info Unsupported info class e
0388:fixme:file:server_get_file_info Unsupported info class e
035c:fixme:file:server_get_file_info Unsupported info class e
035c:fixme:file:server_get_file_info Unsupported info class e
035c:fixme:file:server_get_file_info Unsupported info class e
049c:fixme:file:server_get_file_info Unsupported info class e
0694:fixme:file:server_get_file_info Unsupported info class e
02d8:fixme:file:server_get_file_info Unsupported info class e
0620:fixme:file:server_get_file_info Unsupported info class e
0380:fixme:file:server_get_file_info Unsupported info class e
0380:fixme:file:server_get_file_info Unsupported info class e
0364:fixme:file:server_get_file_info Unsupported info class e
0380:fixme:file:server_get_file_info Unsupported info class e
0364:fixme:file:server_get_file_info Unsupported info class e
0364:fixme:file:server_get_file_info Unsupported info class e
0674:fixme:file:server_get_file_info Unsupported info class e
0450:fixme:file:server_get_file_info Unsupported info class e
01c4:fixme:file:server_get_file_info Unsupported info class e
0768:fixme:file:server_get_file_info Unsupported info class e
05c8:fixme:file:server_get_file_info Unsupported info class e
07f4:fixme:file:server_get_file_info Unsupported info class e
0378:fixme:file:server_get_file_info Unsupported info class e
0378:fixme:file:server_get_file_info Unsupported info class e
0378:fixme:file:server_get_file_info Unsupported info class e
036c:fixme:file:server_get_file_info Unsupported info class e
036c:fixme:file:server_get_file_info Unsupported info class e
036c:fixme:file:server_get_file_info Unsupported info class e
037c:fixme:file:server_get_file_info Unsupported info class e
037c:fixme:file:server_get_file_info Unsupported info class e
037c:fixme:file:server_get_file_info Unsupported info class e
0474:fixme:file:server_get_file_info Unsupported info class e
0374:fixme:file:server_get_file_info Unsupported info class e
0264:fixme:file:server_get_file_info Unsupported info class e
0374:fixme:file:server_get_file_info Unsupported info class e
0374:fixme:file:server_get_file_info Unsupported info class e
0778:fixme:file:server_get_file_info Unsupported info class e
0314:fixme:file:server_get_file_info Unsupported info class e
0760:fixme:file:server_get_file_info Unsupported info class e
04ec:fixme:file:server_get_file_info Unsupported info class e
0370:fixme:file:server_get_file_info Unsupported info class e
0370:fixme:file:server_get_file_info Unsupported info class e
0370:fixme:file:server_get_file_info Unsupported info class e
0678:fixme:file:server_get_file_info Unsupported info class e
0140:fixme:file:server_get_file_info Unsupported info class e
02b0:fixme:file:server_get_file_info Unsupported info class e
028c:fixme:file:server_get_file_info Unsupported info class e
0384:fixme:file:server_get_file_info Unsupported info class e
0384:fixme:file:server_get_file_info Unsupported info class e
0384:fixme:file:server_get_file_info Unsupported info class e
0368:fixme:file:server_get_file_info Unsupported info class e
0368:fixme:file:server_get_file_info Unsupported info class e
0368:fixme:file:server_get_file_info Unsupported info class e
0170:fixme:file:server_get_file_info Unsupported info class e
0358:fixme:file:server_get_file_info Unsupported info class e
0360:fixme:file:server_get_file_info Unsupported info class e
0360:fixme:file:server_get_file_info Unsupported info class e
0360:fixme:file:server_get_file_info Unsupported info class e
02e8:fixme:file:server_get_file_info Unsupported info class e
06c4:fixme:file:server_get_file_info Unsupported info class e
0388:fixme:file:server_get_file_info Unsupported info class e
0388:fixme:file:server_get_file_info Unsupported info class e
0388:fixme:file:server_get_file_info Unsupported info class e
0610:fixme:file:server_get_file_info Unsupported info class e
0248:fixme:file:server_get_file_info Unsupported info class e
035c:fixme:file:server_get_file_info Unsupported info class e
0354:fixme:file:server_get_file_info Unsupported info class e
035c:fixme:file:server_get_file_info Unsupported info class e
013c:fixme:file:server_get_file_info Unsupported info class e
035c:fixme:file:server_get_file_info Unsupported info class e
0380:fixme:file:server_get_file_info Unsupported info class e
0380:fixme:file:server_get_file_info Unsupported info class e
0380:fixme:file:server_get_file_info Unsupported info class e
0364:fixme:file:server_get_file_info Unsupported info class e
0364:fixme:file:server_get_file_info Unsupported info class e
0364:fixme:file:server_get_file_info Unsupported info class e
044c:fixme:file:server_get_file_info Unsupported info class e
0724:fixme:file:server_get_file_info Unsupported info class e
07a0:fixme:file:server_get_file_info Unsupported info class e
02bc:fixme:file:server_get_file_info Unsupported info class e
0378:fixme:file:server_get_file_info Unsupported info class e
0504:fixme:file:server_get_file_info Unsupported info class e
0378:fixme:file:server_get_file_info Unsupported info class e
0378:fixme:file:server_get_file_info Unsupported info class e
00d0:fixme:file:server_get_file_info Unsupported info class e
01d4:fixme:file:server_get_file_info Unsupported info class e
04c0:fixme:file:server_get_file_info Unsupported info class e
037c:fixme:file:server_get_file_info Unsupported info class e
037c:fixme:file:server_get_file_info Unsupported info class e
037c:fixme:file:server_get_file_info Unsupported info class e
01f4:fixme:file:server_get_file_info Unsupported info class e
04c4:fixme:file:server_get_file_info Unsupported info class e
036c:fixme:file:server_get_file_info Unsupported info class e
036c:fixme:file:server_get_file_info Unsupported info class e
036c:fixme:file:server_get_file_info Unsupported info class e
06f8:fixme:file:server_get_file_info Unsupported info class e
05e4:fixme:file:server_get_file_info Unsupported info class e
0374:fixme:file:server_get_file_info Unsupported info class e
0374:fixme:file:server_get_file_info Unsupported info class e
0374:fixme:file:server_get_file_info Unsupported info class e
0384:fixme:file:server_get_file_info Unsupported info class e
0384:fixme:file:server_get_file_info Unsupported info class e
0370:fixme:file:server_get_file_info Unsupported info class e
0384:fixme:file:server_get_file_info Unsupported info class e
0370:fixme:file:server_get_file_info Unsupported info class e
02b4:fixme:file:server_get_file_info Unsupported info class e
0370:fixme:file:server_get_file_info Unsupported info class e
022c:fixme:file:server_get_file_info Unsupported info class e
0368:fixme:file:server_get_file_info Unsupported info class e
0368:fixme:file:server_get_file_info Unsupported info class e
0368:fixme:file:server_get_file_info Unsupported info class e
0614:fixme:file:server_get_file_info Unsupported info class e
05ec:fixme:file:server_get_file_info Unsupported info class e
0714:fixme:file:server_get_file_info Unsupported info class e
0220:fixme:file:server_get_file_info Unsupported info class e
01e8:fixme:file:server_get_file_info Unsupported info class e
0550:fixme:file:server_get_file_info Unsupported info class e
0360:fixme:file:server_get_file_info Unsupported info class e
0360:fixme:file:server_get_file_info Unsupported info class e
0360:fixme:file:server_get_file_info Unsupported info class e
0388:fixme:file:server_get_file_info Unsupported info class e
0388:fixme:file:server_get_file_info Unsupported info class e
024c:fixme:file:server_get_file_info Unsupported info class e
0388:fixme:file:server_get_file_info Unsupported info class e
0664:fixme:file:server_get_file_info Unsupported info class e
0730:fixme:file:server_get_file_info Unsupported info class e
0420:fixme:file:server_get_file_info Unsupported info class e
0380:fixme:file:server_get_file_info Unsupported info class e
035c:fixme:file:server_get_file_info Unsupported info class e
0380:fixme:file:server_get_file_info Unsupported info class e
0380:fixme:file:server_get_file_info Unsupported info class e
035c:fixme:file:server_get_file_info Unsupported info class e
035c:fixme:file:server_get_file_info Unsupported info class e
0660:fixme:file:server_get_file_info Unsupported info class e
05fc:fixme:file:server_get_file_info Unsupported info class e
0340:fixme:file:server_get_file_info Unsupported info class e
0428:fixme:file:server_get_file_info Unsupported info class e
0364:fixme:file:server_get_file_info Unsupported info class e
0364:fixme:file:server_get_file_info Unsupported info class e
0364:fixme:file:server_get_file_info Unsupported info class e
0378:fixme:file:server_get_file_info Unsupported info class e
0378:fixme:file:server_get_file_info Unsupported info class e
0728:fixme:file:server_get_file_info Unsupported info class e
0378:fixme:file:server_get_file_info Unsupported info class e
02a4:fixme:file:server_get_file_info Unsupported info class e
037c:fixme:file:server_get_file_info Unsupported info class e
037c:fixme:file:server_get_file_info Unsupported info class e
02f0:fixme:file:server_get_file_info Unsupported info class e
037c:fixme:file:server_get_file_info Unsupported info class e
0260:fixme:file:server_get_file_info Unsupported info class e
0154:fixme:file:server_get_file_info Unsupported info class e
04cc:fixme:file:server_get_file_info Unsupported info class e
036c:fixme:file:server_get_file_info Unsupported info class e
036c:fixme:file:server_get_file_info Unsupported info class e
036c:fixme:file:server_get_file_info Unsupported info class e
0480:fixme:file:server_get_file_info Unsupported info class e
05ac:fixme:file:server_get_file_info Unsupported info class e
0384:fixme:file:server_get_file_info Unsupported info class e
0384:fixme:file:server_get_file_info Unsupported info class e
0384:fixme:file:server_get_file_info Unsupported info class e
0374:fixme:file:server_get_file_info Unsupported info class e
0374:fixme:file:server_get_file_info Unsupported info class e
0374:fixme:file:server_get_file_info Unsupported info class e
0370:fixme:file:server_get_file_info Unsupported info class e
0370:fixme:file:server_get_file_info Unsupported info class e
0370:fixme:file:server_get_file_info Unsupported info class e
06b0:fixme:file:server_get_file_info Unsupported info class e
0758:fixme:file:server_get_file_info Unsupported info class e
0710:fixme:file:server_get_file_info Unsupported info class e
04c8:fixme:file:server_get_file_info Unsupported info class e
0140:fixme:file:server_get_file_info Unsupported info class e
02b0:fixme:file:server_get_file_info Unsupported info class e
0368:fixme:file:server_get_file_info Unsupported info class e
0368:fixme:file:server_get_file_info Unsupported info class e
0368:fixme:file:server_get_file_info Unsupported info class e
0360:fixme:file:server_get_file_info Unsupported info class e
0360:fixme:file:server_get_file_info Unsupported info class e
0360:fixme:file:server_get_file_info Unsupported info class e
081c:fixme:file:server_get_file_info Unsupported info class e
0588:fixme:file:server_get_file_info Unsupported info class e
0688:fixme:file:server_get_file_info Unsupported info class e
0334:fixme:file:server_get_file_info Unsupported info class e
0388:fixme:file:server_get_file_info Unsupported info class e
0388:fixme:file:server_get_file_info Unsupported info class e
0388:fixme:file:server_get_file_info Unsupported info class e
0330:fixme:file:server_get_file_info Unsupported info class e
04e4:fixme:file:server_get_file_info Unsupported info class e
0324:fixme:file:server_get_file_info Unsupported info class e
03f8:fixme:file:server_get_file_info Unsupported info class e
0378:fixme:file:server_get_file_info Unsupported info class e
0378:fixme:file:server_get_file_info Unsupported info class e
0378:fixme:file:server_get_file_info Unsupported info class e
035c:fixme:file:server_get_file_info Unsupported info class e
035c:fixme:file:server_get_file_info Unsupported info class e
029c:fixme:file:server_get_file_info Unsupported info class e
035c:fixme:file:server_get_file_info Unsupported info class e
02ec:fixme:file:server_get_file_info Unsupported info class e
0380:fixme:file:server_get_file_info Unsupported info class e
0380:fixme:file:server_get_file_info Unsupported info class e
0380:fixme:file:server_get_file_info Unsupported info class e
0364:fixme:file:server_get_file_info Unsupported info class e
0364:fixme:file:server_get_file_info Unsupported info class e
0364:fixme:file:server_get_file_info Unsupported info class e
0618:fixme:file:server_get_file_info Unsupported info class e
0200:fixme:file:server_get_file_info Unsupported info class e
037c:fixme:file:server_get_file_info Unsupported info class e
037c:fixme:file:server_get_file_info Unsupported info class e
037c:fixme:file:server_get_file_info Unsupported info class e
06b8:fixme:file:server_get_file_info Unsupported info class e
0498:fixme:file:server_get_file_info Unsupported info class e
036c:fixme:file:server_get_file_info Unsupported info class e
036c:fixme:file:server_get_file_info Unsupported info class e
036c:fixme:file:server_get_file_info Unsupported info class e
0384:fixme:file:server_get_file_info Unsupported info class e
0384:fixme:file:server_get_file_info Unsupported info class e
0384:fixme:file:server_get_file_info Unsupported info class e
01f4:fixme:file:server_get_file_info Unsupported info class e
0198:fixme:file:server_get_file_info Unsupported info class e
0504:fixme:file:server_get_file_info Unsupported info class e
0350:fixme:file:server_get_file_info Unsupported info class e
0370:fixme:file:server_get_file_info Unsupported info class e
0370:fixme:file:server_get_file_info Unsupported info class e
031c:fixme:file:server_get_file_info Unsupported info class e
0370:fixme:file:server_get_file_info Unsupported info class e
06f8:fixme:file:server_get_file_info Unsupported info class e
0374:fixme:file:server_get_file_info Unsupported info class e
0374:fixme:file:server_get_file_info Unsupported info class e
0374:fixme:file:server_get_file_info Unsupported info class e
0628:fixme:file:server_get_file_info Unsupported info class e
02ac:fixme:file:server_get_file_info Unsupported info class e
0590:fixme:file:server_get_file_info Unsupported info class e
0764:fixme:file:server_get_file_info Unsupported info class e
0368:fixme:file:server_get_file_info Unsupported info class e
0368:fixme:file:server_get_file_info Unsupported info class e
0368:fixme:file:server_get_file_info Unsupported info class e
0594:fixme:file:server_get_file_info Unsupported info class e
0360:fixme:file:server_get_file_info Unsupported info class e
0308:fixme:file:server_get_file_info Unsupported info class e
0360:fixme:file:server_get_file_info Unsupported info class e
0388:fixme:file:server_get_file_info Unsupported info class e
0360:fixme:file:server_get_file_info Unsupported info class e
0388:fixme:file:server_get_file_info Unsupported info class e
0388:fixme:file:server_get_file_info Unsupported info class e
012c:fixme:file:server_get_file_info Unsupported info class e
00dc:fixme:file:server_get_file_info Unsupported info class e
035c:fixme:file:server_get_file_info Unsupported info class e
035c:fixme:file:server_get_file_info Unsupported info class e
035c:fixme:file:server_get_file_info Unsupported info class e
0220:fixme:file:server_get_file_info Unsupported info class e
0730:fixme:file:server_get_file_info Unsupported info class e
067c:fixme:file:server_get_file_info Unsupported info class e
072c:fixme:file:server_get_file_info Unsupported info class e
0364:fixme:file:server_get_file_info Unsupported info class e
0364:fixme:file:server_get_file_info Unsupported info class e
0364:fixme:file:server_get_file_info Unsupported info class e
076c:fixme:file:server_get_file_info Unsupported info class e
04f0:fixme:file:server_get_file_info Unsupported info class e
0380:fixme:file:server_get_file_info Unsupported info class e
0380:fixme:file:server_get_file_info Unsupported info class e
0380:fixme:file:server_get_file_info Unsupported info class e
0378:fixme:file:server_get_file_info Unsupported info class e
0378:fixme:file:server_get_file_info Unsupported info class e
0378:fixme:file:server_get_file_info Unsupported info class e
052c:fixme:file:server_get_file_info Unsupported info class e
01dc:fixme:file:server_get_file_info Unsupported info class e
042c:fixme:file:server_get_file_info Unsupported info class e
0138:fixme:file:server_get_file_info Unsupported info class e
037c:fixme:file:server_get_file_info Unsupported info class e
037c:fixme:file:server_get_file_info Unsupported info class e
037c:fixme:file:server_get_file_info Unsupported info class e
0154:fixme:file:server_get_file_info Unsupported info class e
0728:fixme:file:server_get_file_info Unsupported info class e
0384:fixme:file:server_get_file_info Unsupported info class e
0384:fixme:file:server_get_file_info Unsupported info class e
0384:fixme:file:server_get_file_info Unsupported info class e
036c:fixme:file:server_get_file_info Unsupported info class e
036c:fixme:file:server_get_file_info Unsupported info class e
036c:fixme:file:server_get_file_info Unsupported info class e
018c:fixme:file:server_get_file_info Unsupported info class e
01c0:fixme:file:server_get_file_info Unsupported info class e
0374:fixme:file:server_get_file_info Unsupported info class e
0374:fixme:file:server_get_file_info Unsupported info class e
0374:fixme:file:server_get_file_info Unsupported info class e
0574:fixme:file:server_get_file_info Unsupported info class e
013c:fixme:file:server_get_file_info Unsupported info class e
0370:fixme:file:server_get_file_info Unsupported info class e
056c:fixme:file:server_get_file_info Unsupported info class e
041c:fixme:file:server_get_file_info Unsupported info class e
0370:fixme:file:server_get_file_info Unsupported info class e
0370:fixme:file:server_get_file_info Unsupported info class e
0360:fixme:file:server_get_file_info Unsupported info class e
0740:fixme:file:server_get_file_info Unsupported info class e
0360:fixme:file:server_get_file_info Unsupported info class e
0360:fixme:file:server_get_file_info Unsupported info class e
0788:fixme:file:server_get_file_info Unsupported info class e
0368:fixme:file:server_get_file_info Unsupported info class e
035c:fixme:file:server_get_file_info Unsupported info class e
0368:fixme:file:server_get_file_info Unsupported info class e
035c:fixme:file:server_get_file_info Unsupported info class e
035c:fixme:file:server_get_file_info Unsupported info class e
0368:fixme:file:server_get_file_info Unsupported info class e
06cc:fixme:file:server_get_file_info Unsupported info class e
03e4:fixme:file:server_get_file_info Unsupported info class e
0524:fixme:file:server_get_file_info Unsupported info class e
0020:fixme:file:server_get_file_info Unsupported info class e
0388:fixme:file:server_get_file_info Unsupported info class e
0388:fixme:file:server_get_file_info Unsupported info class e
0388:fixme:file:server_get_file_info Unsupported info class e
00cc:fixme:file:server_get_file_info Unsupported info class e
0790:fixme:file:server_get_file_info Unsupported info class e
063c:fixme:file:server_get_file_info Unsupported info class e
01a8:fixme:file:server_get_file_info Unsupported info class e
0364:fixme:file:server_get_file_info Unsupported info class e
0364:fixme:file:server_get_file_info Unsupported info class e
0364:fixme:file:server_get_file_info Unsupported info class e
0380:fixme:file:server_get_file_info Unsupported info class e
0380:fixme:file:server_get_file_info Unsupported info class e
0380:fixme:file:server_get_file_info Unsupported info class e
0378:fixme:file:server_get_file_info Unsupported info class e
0378:fixme:file:server_get_file_info Unsupported info class e
0378:fixme:file:server_get_file_info Unsupported info class e
047c:fixme:file:server_get_file_info Unsupported info class e
0774:fixme:file:server_get_file_info Unsupported info class e
06a8:fixme:file:server_get_file_info Unsupported info class e
0718:fixme:file:server_get_file_info Unsupported info class e
037c:fixme:file:server_get_file_info Unsupported info class e
037c:fixme:file:server_get_file_info Unsupported info class e
037c:fixme:file:server_get_file_info Unsupported info class e
01ec:fixme:file:server_get_file_info Unsupported info class e
07a8:fixme:file:server_get_file_info Unsupported info class e
036c:fixme:file:server_get_file_info Unsupported info class e
036c:fixme:file:server_get_file_info Unsupported info class e
04e0:fixme:file:server_get_file_info Unsupported info class e
036c:fixme:file:server_get_file_info Unsupported info class e
00c8:fixme:file:server_get_file_info Unsupported info class e
0384:fixme:file:server_get_file_info Unsupported info class e
0384:fixme:file:server_get_file_info Unsupported info class e
0384:fixme:file:server_get_file_info Unsupported info class e
0674:fixme:file:server_get_file_info Unsupported info class e
06b4:fixme:file:server_get_file_info Unsupported info class e
02f4:fixme:file:server_get_file_info Unsupported info class e
0338:fixme:file:server_get_file_info Unsupported info class e
0374:fixme:file:server_get_file_info Unsupported info class e
0374:fixme:file:server_get_file_info Unsupported info class e
0374:fixme:file:server_get_file_info Unsupported info class e
0230:fixme:file:server_get_file_info Unsupported info class e
0534:fixme:file:server_get_file_info Unsupported info class e
0370:fixme:file:server_get_file_info Unsupported info class e
0370:fixme:file:server_get_file_info Unsupported info class e
0370:fixme:file:server_get_file_info Unsupported info class e
0360:fixme:file:server_get_file_info Unsupported info class e
0360:fixme:file:server_get_file_info Unsupported info class e
0360:fixme:file:server_get_file_info Unsupported info class e
002c:fixme:file:server_get_file_info Unsupported info class e
04f8:fixme:file:server_get_file_info Unsupported info class e
0368:fixme:file:server_get_file_info Unsupported info class e
0368:fixme:file:server_get_file_info Unsupported info class e
0368:fixme:file:server_get_file_info Unsupported info class e
07c4:fixme:file:server_get_file_info Unsupported info class e
03f4:fixme:file:server_get_file_info Unsupported info class e
035c:fixme:file:server_get_file_info Unsupported info class e
035c:fixme:file:server_get_file_info Unsupported info class e
035c:fixme:file:server_get_file_info Unsupported info class e
0690:fixme:file:server_get_file_info Unsupported info class e
0128:fixme:file:server_get_file_info Unsupported info class e
0308:fixme:file:server_get_file_info Unsupported info class e
016c:fixme:file:server_get_file_info Unsupported info class e
0364:fixme:file:server_get_file_info Unsupported info class e
0364:fixme:file:server_get_file_info Unsupported info class e
0364:fixme:file:server_get_file_info Unsupported info class e
0388:fixme:file:server_get_file_info Unsupported info class e
0388:fixme:file:server_get_file_info Unsupported info class e
0388:fixme:file:server_get_file_info Unsupported info class e
0380:fixme:file:server_get_file_info Unsupported info class e
0380:fixme:file:server_get_file_info Unsupported info class e
0380:fixme:file:server_get_file_info Unsupported info class e
05bc:fixme:file:server_get_file_info Unsupported info class e
0684:fixme:file:server_get_file_info Unsupported info class e
0394:fixme:file:server_get_file_info Unsupported info class e
037c:fixme:file:server_get_file_info Unsupported info class e
06ec:fixme:file:server_get_file_info Unsupported info class e
037c:fixme:file:server_get_file_info Unsupported info class e
037c:fixme:file:server_get_file_info Unsupported info class e
0378:fixme:file:server_get_file_info Unsupported info class e
0378:fixme:file:server_get_file_info Unsupported info class e
0378:fixme:file:server_get_file_info Unsupported info class e
0518:fixme:file:server_get_file_info Unsupported info class e
01b4:fixme:file:server_get_file_info Unsupported info class e
0280:fixme:file:server_get_file_info Unsupported info class e
[staging] Audio: 3064/3388 completed
0528:fixme:file:server_get_file_info Unsupported info class e
0250:fixme:file:server_get_file_info Unsupported info class e
07d4:fixme:file:server_get_file_info Unsupported info class e
0384:fixme:file:server_get_file_info Unsupported info class e
0384:fixme:file:server_get_file_info Unsupported info class e
0384:fixme:file:server_get_file_info Unsupported info class e
036c:fixme:file:server_get_file_info Unsupported info class e
036c:fixme:file:server_get_file_info Unsupported info class e
036c:fixme:file:server_get_file_info Unsupported info class e
077c:fixme:file:server_get_file_info Unsupported info class e
058c:fixme:file:server_get_file_info Unsupported info class e
0374:fixme:file:server_get_file_info Unsupported info class e
0374:fixme:file:server_get_file_info Unsupported info class e
0634:fixme:file:server_get_file_info Unsupported info class e
0374:fixme:file:server_get_file_info Unsupported info class e
0750:fixme:file:server_get_file_info Unsupported info class e
0370:fixme:file:server_get_file_info Unsupported info class e
0370:fixme:file:server_get_file_info Unsupported info class e
0370:fixme:file:server_get_file_info Unsupported info class e
0368:fixme:file:server_get_file_info Unsupported info class e
0368:fixme:file:server_get_file_info Unsupported info class e
0368:fixme:file:server_get_file_info Unsupported info class e
07f8:fixme:file:server_get_file_info Unsupported info class e
059c:fixme:file:server_get_file_info Unsupported info class e
02a0:fixme:file:server_get_file_info Unsupported info class e
0318:fixme:file:server_get_file_info Unsupported info class e
0740:fixme:file:server_get_file_info Unsupported info class e
0404:fixme:file:server_get_file_info Unsupported info class e
0360:fixme:file:server_get_file_info Unsupported info class e
0360:fixme:file:server_get_file_info Unsupported info class e
0360:fixme:file:server_get_file_info Unsupported info class e
053c:fixme:file:server_get_file_info Unsupported info class e
0130:fixme:file:server_get_file_info Unsupported info class e
0364:fixme:file:server_get_file_info Unsupported info class e
0364:fixme:file:server_get_file_info Unsupported info class e
0364:fixme:file:server_get_file_info Unsupported info class e
0388:fixme:file:server_get_file_info Unsupported info class e
0388:fixme:file:server_get_file_info Unsupported info class e
0388:fixme:file:server_get_file_info Unsupported info class e
0654:fixme:file:server_get_file_info Unsupported info class e
038c:fixme:file:server_get_file_info Unsupported info class e
035c:fixme:file:server_get_file_info Unsupported info class e
035c:fixme:file:server_get_file_info Unsupported info class e
035c:fixme:file:server_get_file_info Unsupported info class e
030c:fixme:file:server_get_file_info Unsupported info class e
0350:fixme:file:server_get_file_info Unsupported info class e
05c4:fixme:file:server_get_file_info Unsupported info class e
06c0:fixme:file:server_get_file_info Unsupported info class e
0380:fixme:file:server_get_file_info Unsupported info class e
0380:fixme:file:server_get_file_info Unsupported info class e
0380:fixme:file:server_get_file_info Unsupported info class e
04bc:fixme:file:server_get_file_info Unsupported info class e
07dc:fixme:file:server_get_file_info Unsupported info class e
0378:fixme:file:server_get_file_info Unsupported info class e
0378:fixme:file:server_get_file_info Unsupported info class e
037c:fixme:file:server_get_file_info Unsupported info class e
0378:fixme:file:server_get_file_info Unsupported info class e
037c:fixme:file:server_get_file_info Unsupported info class e
037c:fixme:file:server_get_file_info Unsupported info class e
036c:fixme:file:server_get_file_info Unsupported info class e
036c:fixme:file:server_get_file_info Unsupported info class e
036c:fixme:file:server_get_file_info Unsupported info class e
01f4:fixme:file:server_get_file_info Unsupported info class e
0454:fixme:file:server_get_file_info Unsupported info class e
0384:fixme:file:server_get_file_info Unsupported info class e
0384:fixme:file:server_get_file_info Unsupported info class e
0384:fixme:file:server_get_file_info Unsupported info class e
075c:fixme:file:server_get_file_info Unsupported info class e
06fc:fixme:file:server_get_file_info Unsupported info class e
0294:fixme:file:server_get_file_info Unsupported info class e
05f8:fixme:file:server_get_file_info Unsupported info class e
079c:fixme:file:server_get_file_info Unsupported info class e
01a4:fixme:file:server_get_file_info Unsupported info class e
0374:fixme:file:server_get_file_info Unsupported info class e
0374:fixme:file:server_get_file_info Unsupported info class e
0374:fixme:file:server_get_file_info Unsupported info class e
0498:fixme:file:server_get_file_info Unsupported info class e
0748:fixme:file:server_get_file_info Unsupported info class e
07a8:fixme:file:server_get_file_info Unsupported info class e
00e4:fixme:file:server_get_file_info Unsupported info class e
0368:fixme:file:server_get_file_info Unsupported info class e
0368:fixme:file:server_get_file_info Unsupported info class e
0368:fixme:file:server_get_file_info Unsupported info class e
0370:fixme:file:server_get_file_info Unsupported info class e
0370:fixme:file:server_get_file_info Unsupported info class e
0370:fixme:file:server_get_file_info Unsupported info class e
0364:fixme:file:server_get_file_info Unsupported info class e
0364:fixme:file:server_get_file_info Unsupported info class e
0364:fixme:file:server_get_file_info Unsupported info class e
02a8:fixme:file:server_get_file_info Unsupported info class e
049c:fixme:file:server_get_file_info Unsupported info class e
0810:fixme:file:server_get_file_info Unsupported info class e
07ec:fixme:file:server_get_file_info Unsupported info class e
0360:fixme:file:server_get_file_info Unsupported info class e
0360:fixme:file:server_get_file_info Unsupported info class e
0360:fixme:file:server_get_file_info Unsupported info class e
0388:fixme:file:server_get_file_info Unsupported info class e
0388:fixme:file:server_get_file_info Unsupported info class e
0388:fixme:file:server_get_file_info Unsupported info class e
05d0:fixme:file:server_get_file_info Unsupported info class e
0630:fixme:file:server_get_file_info Unsupported info class e
07cc:fixme:file:server_get_file_info Unsupported info class e
0818:fixme:file:server_get_file_info Unsupported info class e
035c:fixme:file:server_get_file_info Unsupported info class e
035c:fixme:file:server_get_file_info Unsupported info class e
035c:fixme:file:server_get_file_info Unsupported info class e
0358:fixme:file:server_get_file_info Unsupported info class e
0154:fixme:file:server_get_file_info Unsupported info class e
037c:fixme:file:server_get_file_info Unsupported info class e
0380:fixme:file:server_get_file_info Unsupported info class e
037c:fixme:file:server_get_file_info Unsupported info class e
037c:fixme:file:server_get_file_info Unsupported info class e
0780:fixme:file:server_get_file_info Unsupported info class e
0378:fixme:file:server_get_file_info Unsupported info class e
0380:fixme:file:server_get_file_info Unsupported info class e
04fc:fixme:file:server_get_file_info Unsupported info class e
0378:fixme:file:server_get_file_info Unsupported info class e
0380:fixme:file:server_get_file_info Unsupported info class e
0378:fixme:file:server_get_file_info Unsupported info class e
0384:fixme:file:server_get_file_info Unsupported info class e
0384:fixme:file:server_get_file_info Unsupported info class e
0384:fixme:file:server_get_file_info Unsupported info class e
0034:fixme:file:server_get_file_info Unsupported info class e
036c:fixme:file:server_get_file_info Unsupported info class e
0564:fixme:file:server_get_file_info Unsupported info class e
036c:fixme:file:server_get_file_info Unsupported info class e
036c:fixme:file:server_get_file_info Unsupported info class e
0324:fixme:file:server_get_file_info Unsupported info class e
022c:fixme:file:server_get_file_info Unsupported info class e
06e8:fixme:file:server_get_file_info Unsupported info class e
078c:fixme:file:server_get_file_info Unsupported info class e
0200:fixme:file:server_get_file_info Unsupported info class e
0120:fixme:file:server_get_file_info Unsupported info class e
0374:fixme:file:server_get_file_info Unsupported info class e
0374:fixme:file:server_get_file_info Unsupported info class e
0374:fixme:file:server_get_file_info Unsupported info class e
02c0:fixme:file:server_get_file_info Unsupported info class e
0614:fixme:file:server_get_file_info Unsupported info class e
0368:fixme:file:server_get_file_info Unsupported info class e
0368:fixme:file:server_get_file_info Unsupported info class e
0548:fixme:file:server_get_file_info Unsupported info class e
0368:fixme:file:server_get_file_info Unsupported info class e
0370:fixme:file:server_get_file_info Unsupported info class e
0444:fixme:file:server_get_file_info Unsupported info class e
0370:fixme:file:server_get_file_info Unsupported info class e
0370:fixme:file:server_get_file_info Unsupported info class e
0360:fixme:file:server_get_file_info Unsupported info class e
0360:fixme:file:server_get_file_info Unsupported info class e
0360:fixme:file:server_get_file_info Unsupported info class e
0388:fixme:file:server_get_file_info Unsupported info class e
0388:fixme:file:server_get_file_info Unsupported info class e
0388:fixme:file:server_get_file_info Unsupported info class e
01d8:fixme:file:server_get_file_info Unsupported info class e
07b4:fixme:file:server_get_file_info Unsupported info class e
04e8:fixme:file:server_get_file_info Unsupported info class e
04a0:fixme:file:server_get_file_info Unsupported info class e
02ac:fixme:file:server_get_file_info Unsupported info class e
0628:fixme:file:server_get_file_info Unsupported info class e
0364:fixme:file:server_get_file_info Unsupported info class e
0380:fixme:file:server_get_file_info Unsupported info class e
0380:fixme:file:server_get_file_info Unsupported info class e
0364:fixme:file:server_get_file_info Unsupported info class e
0380:fixme:file:server_get_file_info Unsupported info class e
0364:fixme:file:server_get_file_info Unsupported info class e
035c:fixme:file:server_get_file_info Unsupported info class e
035c:fixme:file:server_get_file_info Unsupported info class e
035c:fixme:file:server_get_file_info Unsupported info class e
0698:fixme:file:server_get_file_info Unsupported info class e
0764:fixme:file:server_get_file_info Unsupported info class e
0620:fixme:file:server_get_file_info Unsupported info class e
00c8:fixme:file:server_get_file_info Unsupported info class e
037c:fixme:file:server_get_file_info Unsupported info class e
037c:fixme:file:server_get_file_info Unsupported info class e
037c:fixme:file:server_get_file_info Unsupported info class e
0378:fixme:file:server_get_file_info Unsupported info class e
0378:fixme:file:server_get_file_info Unsupported info class e
0378:fixme:file:server_get_file_info Unsupported info class e
00d8:fixme:file:server_get_file_info Unsupported info class e
03bc:fixme:file:server_get_file_info Unsupported info class e
0254:fixme:file:server_get_file_info Unsupported info class e
03b4:fixme:file:server_get_file_info Unsupported info class e
04f8:fixme:file:server_get_file_info Unsupported info class e
0028:fixme:file:server_get_file_info Unsupported info class e
0384:fixme:file:server_get_file_info Unsupported info class e
0384:fixme:file:server_get_file_info Unsupported info class e
0384:fixme:file:server_get_file_info Unsupported info class e
0220:fixme:file:server_get_file_info Unsupported info class e
060c:fixme:file:server_get_file_info Unsupported info class e
036c:fixme:file:server_get_file_info Unsupported info class e
036c:fixme:file:server_get_file_info Unsupported info class e
036c:fixme:file:server_get_file_info Unsupported info class e
0460:fixme:file:server_get_file_info Unsupported info class e
01a8:fixme:file:server_get_file_info Unsupported info class e
0368:fixme:file:server_get_file_info Unsupported info class e
0368:fixme:file:server_get_file_info Unsupported info class e
0370:fixme:file:server_get_file_info Unsupported info class e
0368:fixme:file:server_get_file_info Unsupported info class e
0370:fixme:file:server_get_file_info Unsupported info class e
0370:fixme:file:server_get_file_info Unsupported info class e
0374:fixme:file:server_get_file_info Unsupported info class e
0374:fixme:file:server_get_file_info Unsupported info class e
03f4:fixme:file:server_get_file_info Unsupported info class e
01a4:fixme:file:server_get_file_info Unsupported info class e
0374:fixme:file:server_get_file_info Unsupported info class e
034c:fixme:file:server_get_file_info Unsupported info class e
0360:fixme:file:server_get_file_info Unsupported info class e
0448:fixme:file:server_get_file_info Unsupported info class e
0360:fixme:file:server_get_file_info Unsupported info class e
0360:fixme:file:server_get_file_info Unsupported info class e
051c:fixme:file:server_get_file_info Unsupported info class e
0510:fixme:file:server_get_file_info Unsupported info class e
0388:fixme:file:server_get_file_info Unsupported info class e
0388:fixme:file:server_get_file_info Unsupported info class e
0388:fixme:file:server_get_file_info Unsupported info class e
06ec:fixme:file:server_get_file_info Unsupported info class e
049c:fixme:file:server_get_file_info Unsupported info class e
02a8:fixme:file:server_get_file_info Unsupported info class e
021c:fixme:file:server_get_file_info Unsupported info class e
0380:fixme:file:server_get_file_info Unsupported info class e
0380:fixme:file:server_get_file_info Unsupported info class e
0380:fixme:file:server_get_file_info Unsupported info class e
035c:fixme:file:server_get_file_info Unsupported info class e
035c:fixme:file:server_get_file_info Unsupported info class e
035c:fixme:file:server_get_file_info Unsupported info class e
0208:fixme:file:server_get_file_info Unsupported info class e
03b8:fixme:file:server_get_file_info Unsupported info class e
037c:fixme:file:server_get_file_info Unsupported info class e
0364:fixme:file:server_get_file_info Unsupported info class e
037c:fixme:file:server_get_file_info Unsupported info class e
0364:fixme:file:server_get_file_info Unsupported info class e
037c:fixme:file:server_get_file_info Unsupported info class e
00dc:fixme:file:server_get_file_info Unsupported info class e
0364:fixme:file:server_get_file_info Unsupported info class e
0030:fixme:file:server_get_file_info Unsupported info class e
0818:fixme:file:server_get_file_info Unsupported info class e
0154:fixme:file:server_get_file_info Unsupported info class e
05c8:fixme:file:server_get_file_info Unsupported info class e
01b0:fixme:file:server_get_file_info Unsupported info class e
0378:fixme:file:server_get_file_info Unsupported info class e
0378:fixme:file:server_get_file_info Unsupported info class e
0378:fixme:file:server_get_file_info Unsupported info class e
016c:fixme:file:server_get_file_info Unsupported info class e
0670:fixme:file:server_get_file_info Unsupported info class e
0384:fixme:file:server_get_file_info Unsupported info class e
0384:fixme:file:server_get_file_info Unsupported info class e
0384:fixme:file:server_get_file_info Unsupported info class e
0264:fixme:file:server_get_file_info Unsupported info class e
0314:fixme:file:server_get_file_info Unsupported info class e
0368:fixme:file:server_get_file_info Unsupported info class e
0368:fixme:file:server_get_file_info Unsupported info class e
036c:fixme:file:server_get_file_info Unsupported info class e
0368:fixme:file:server_get_file_info Unsupported info class e
036c:fixme:file:server_get_file_info Unsupported info class e
036c:fixme:file:server_get_file_info Unsupported info class e
061c:fixme:file:server_get_file_info Unsupported info class e
0290:fixme:file:server_get_file_info Unsupported info class e
0374:fixme:file:server_get_file_info Unsupported info class e
0374:fixme:file:server_get_file_info Unsupported info class e
0370:fixme:file:server_get_file_info Unsupported info class e
0374:fixme:file:server_get_file_info Unsupported info class e
0370:fixme:file:server_get_file_info Unsupported info class e
0370:fixme:file:server_get_file_info Unsupported info class e
0350:fixme:file:server_get_file_info Unsupported info class e
02bc:fixme:file:server_get_file_info Unsupported info class e
0514:fixme:file:server_get_file_info Unsupported info class e
0674:fixme:file:server_get_file_info Unsupported info class e
0020:fixme:file:server_get_file_info Unsupported info class e
033c:fixme:file:server_get_file_info Unsupported info class e
0360:fixme:file:server_get_file_info Unsupported info class e
0360:fixme:file:server_get_file_info Unsupported info class e
0360:fixme:file:server_get_file_info Unsupported info class e
0398:fixme:file:server_get_file_info Unsupported info class e
0388:fixme:file:server_get_file_info Unsupported info class e
0804:fixme:file:server_get_file_info Unsupported info class e
0388:fixme:file:server_get_file_info Unsupported info class e
0388:fixme:file:server_get_file_info Unsupported info class e
0754:fixme:file:server_get_file_info Unsupported info class e
0284:fixme:file:server_get_file_info Unsupported info class e
0380:fixme:file:server_get_file_info Unsupported info class e
0380:fixme:file:server_get_file_info Unsupported info class e
035c:fixme:file:server_get_file_info Unsupported info class e
0380:fixme:file:server_get_file_info Unsupported info class e
035c:fixme:file:server_get_file_info Unsupported info class e
035c:fixme:file:server_get_file_info Unsupported info class e
04bc:fixme:file:server_get_file_info Unsupported info class e
02e4:fixme:file:server_get_file_info Unsupported info class e
037c:fixme:file:server_get_file_info Unsupported info class e
037c:fixme:file:server_get_file_info Unsupported info class e
037c:fixme:file:server_get_file_info Unsupported info class e
0364:fixme:file:server_get_file_info Unsupported info class e
0364:fixme:file:server_get_file_info Unsupported info class e
0364:fixme:file:server_get_file_info Unsupported info class e
054c:fixme:file:server_get_file_info Unsupported info class e
0128:fixme:file:server_get_file_info Unsupported info class e
0508:fixme:file:server_get_file_info Unsupported info class e
0784:fixme:file:server_get_file_info Unsupported info class e
0538:fixme:file:server_get_file_info Unsupported info class e
043c:fixme:file:server_get_file_info Unsupported info class e
0368:fixme:file:server_get_file_info Unsupported info class e
0368:fixme:file:server_get_file_info Unsupported info class e
0368:fixme:file:server_get_file_info Unsupported info class e
00e4:fixme:file:server_get_file_info Unsupported info class e
036c:fixme:file:server_get_file_info Unsupported info class e
0294:fixme:file:server_get_file_info Unsupported info class e
036c:fixme:file:server_get_file_info Unsupported info class e
036c:fixme:file:server_get_file_info Unsupported info class e
0378:fixme:file:server_get_file_info Unsupported info class e
0378:fixme:file:server_get_file_info Unsupported info class e
0378:fixme:file:server_get_file_info Unsupported info class e
0384:fixme:file:server_get_file_info Unsupported info class e
0384:fixme:file:server_get_file_info Unsupported info class e
0384:fixme:file:server_get_file_info Unsupported info class e
07a8:fixme:file:server_get_file_info Unsupported info class e
0738:fixme:file:server_get_file_info Unsupported info class e
0374:fixme:file:server_get_file_info Unsupported info class e
0374:fixme:file:server_get_file_info Unsupported info class e
0374:fixme:file:server_get_file_info Unsupported info class e
0334:fixme:file:server_get_file_info Unsupported info class e
039c:fixme:file:server_get_file_info Unsupported info class e
02d8:fixme:file:server_get_file_info Unsupported info class e
01a8:fixme:file:server_get_file_info Unsupported info class e
0164:fixme:file:server_get_file_info Unsupported info class e
02fc:fixme:file:server_get_file_info Unsupported info class e
0370:fixme:file:server_get_file_info Unsupported info class e
0370:fixme:file:server_get_file_info Unsupported info class e
0370:fixme:file:server_get_file_info Unsupported info class e
041c:fixme:file:server_get_file_info Unsupported info class e
0250:fixme:file:server_get_file_info Unsupported info class e
0360:fixme:file:server_get_file_info Unsupported info class e
0360:fixme:file:server_get_file_info Unsupported info class e
0360:fixme:file:server_get_file_info Unsupported info class e
0448:fixme:file:server_get_file_info Unsupported info class e
0810:fixme:file:server_get_file_info Unsupported info class e
0388:fixme:file:server_get_file_info Unsupported info class e
0388:fixme:file:server_get_file_info Unsupported info class e
0388:fixme:file:server_get_file_info Unsupported info class e
0634:fixme:file:server_get_file_info Unsupported info class e
0510:fixme:file:server_get_file_info Unsupported info class e
0380:fixme:file:server_get_file_info Unsupported info class e
0380:fixme:file:server_get_file_info Unsupported info class e
0380:fixme:file:server_get_file_info Unsupported info class e
035c:fixme:file:server_get_file_info Unsupported info class e
035c:fixme:file:server_get_file_info Unsupported info class e
035c:fixme:file:server_get_file_info Unsupported info class e
0624:fixme:file:server_get_file_info Unsupported info class e
037c:fixme:file:server_get_file_info Unsupported info class e
0700:fixme:file:server_get_file_info Unsupported info class e
037c:fixme:file:server_get_file_info Unsupported info class e
037c:fixme:file:server_get_file_info Unsupported info class e
0344:fixme:file:server_get_file_info Unsupported info class e
0564:fixme:file:server_get_file_info Unsupported info class e
0364:fixme:file:server_get_file_info Unsupported info class e
0364:fixme:file:server_get_file_info Unsupported info class e
0364:fixme:file:server_get_file_info Unsupported info class e
0260:fixme:file:server_get_file_info Unsupported info class e
038c:fixme:file:server_get_file_info Unsupported info class e
036c:fixme:file:server_get_file_info Unsupported info class e
036c:fixme:file:server_get_file_info Unsupported info class e
036c:fixme:file:server_get_file_info Unsupported info class e
0368:fixme:file:server_get_file_info Unsupported info class e
07d8:fixme:file:server_get_file_info Unsupported info class e
0368:fixme:file:server_get_file_info Unsupported info class e
06f8:fixme:file:server_get_file_info Unsupported info class e
0368:fixme:file:server_get_file_info Unsupported info class e
040c:fixme:file:server_get_file_info Unsupported info class e
0384:fixme:file:server_get_file_info Unsupported info class e
0760:fixme:file:server_get_file_info Unsupported info class e
0384:fixme:file:server_get_file_info Unsupported info class e
0384:fixme:file:server_get_file_info Unsupported info class e
0378:fixme:file:server_get_file_info Unsupported info class e
0378:fixme:file:server_get_file_info Unsupported info class e
0378:fixme:file:server_get_file_info Unsupported info class e
0468:fixme:file:server_get_file_info Unsupported info class e
01d4:fixme:file:server_get_file_info Unsupported info class e
0454:fixme:file:server_get_file_info Unsupported info class e
0534:fixme:file:server_get_file_info Unsupported info class e
0374:fixme:file:server_get_file_info Unsupported info class e
0374:fixme:file:server_get_file_info Unsupported info class e
0374:fixme:file:server_get_file_info Unsupported info class e
0360:fixme:file:server_get_file_info Unsupported info class e
0360:fixme:file:server_get_file_info Unsupported info class e
0360:fixme:file:server_get_file_info Unsupported info class e
04a0:fixme:file:server_get_file_info Unsupported info class e
076c:fixme:file:server_get_file_info Unsupported info class e
0258:fixme:file:server_get_file_info Unsupported info class e
071c:fixme:file:server_get_file_info Unsupported info class e
07e4:fixme:file:server_get_file_info Unsupported info class e
080c:fixme:file:server_get_file_info Unsupported info class e
0370:fixme:file:server_get_file_info Unsupported info class e
0370:fixme:file:server_get_file_info Unsupported info class e
0370:fixme:file:server_get_file_info Unsupported info class e
0388:fixme:file:server_get_file_info Unsupported info class e
0388:fixme:file:server_get_file_info Unsupported info class e
0388:fixme:file:server_get_file_info Unsupported info class e
0658:fixme:file:server_get_file_info Unsupported info class e
01e0:fixme:file:server_get_file_info Unsupported info class e
0380:fixme:file:server_get_file_info Unsupported info class e
042c:fixme:file:server_get_file_info Unsupported info class e
0380:fixme:file:server_get_file_info Unsupported info class e
0684:fixme:file:server_get_file_info Unsupported info class e
0380:fixme:file:server_get_file_info Unsupported info class e
03bc:fixme:file:server_get_file_info Unsupported info class e
00d8:fixme:file:server_get_file_info Unsupported info class e
037c:fixme:file:server_get_file_info Unsupported info class e
037c:fixme:file:server_get_file_info Unsupported info class e
037c:fixme:file:server_get_file_info Unsupported info class e
035c:fixme:file:server_get_file_info Unsupported info class e
07d0:fixme:file:server_get_file_info Unsupported info class e
06b8:fixme:file:server_get_file_info Unsupported info class e
0364:fixme:file:server_get_file_info Unsupported info class e
0364:fixme:file:server_get_file_info Unsupported info class e
0364:fixme:file:server_get_file_info Unsupported info class e
03f8:fixme:file:server_get_file_info Unsupported info class e
0280:fixme:file:server_get_file_info Unsupported info class e
0368:fixme:file:server_get_file_info Unsupported info class e
0368:fixme:file:server_get_file_info Unsupported info class e
0368:fixme:file:server_get_file_info Unsupported info class e
036c:fixme:file:server_get_file_info Unsupported info class e
036c:fixme:file:server_get_file_info Unsupported info class e
0378:fixme:file:server_get_file_info Unsupported info class e
036c:fixme:file:server_get_file_info Unsupported info class e
0378:fixme:file:server_get_file_info Unsupported info class e
0378:fixme:file:server_get_file_info Unsupported info class e
0640:fixme:file:server_get_file_info Unsupported info class e
034c:fixme:file:server_get_file_info Unsupported info class e
04fc:fixme:file:server_get_file_info Unsupported info class e
0320:fixme:file:server_get_file_info Unsupported info class e
01a4:fixme:file:server_get_file_info Unsupported info class e
0218:fixme:file:server_get_file_info Unsupported info class e
0384:fixme:file:server_get_file_info Unsupported info class e
0384:fixme:file:server_get_file_info Unsupported info class e
0384:fixme:file:server_get_file_info Unsupported info class e
035c:fixme:file:server_get_file_info Unsupported info class e
0360:fixme:file:server_get_file_info Unsupported info class e
035c:fixme:file:server_get_file_info Unsupported info class e
0360:fixme:file:server_get_file_info Unsupported info class e
0360:fixme:file:server_get_file_info Unsupported info class e
05f8:fixme:file:server_get_file_info Unsupported info class e
049c:fixme:file:server_get_file_info Unsupported info class e
0568:fixme:file:server_get_file_info Unsupported info class e
0500:fixme:file:server_get_file_info Unsupported info class e
0374:fixme:file:server_get_file_info Unsupported info class e
0374:fixme:file:server_get_file_info Unsupported info class e
0374:fixme:file:server_get_file_info Unsupported info class e
0790:fixme:file:server_get_file_info Unsupported info class e
0718:fixme:file:server_get_file_info Unsupported info class e
0370:fixme:file:server_get_file_info Unsupported info class e
0370:fixme:file:server_get_file_info Unsupported info class e
0370:fixme:file:server_get_file_info Unsupported info class e
[staging] Audio: 3166/3388 completed
07c8:fixme:file:server_get_file_info Unsupported info class e
04c4:fixme:file:server_get_file_info Unsupported info class e
0660:fixme:file:server_get_file_info Unsupported info class e
0130:fixme:file:server_get_file_info Unsupported info class e
0380:fixme:file:server_get_file_info Unsupported info class e
0380:fixme:file:server_get_file_info Unsupported info class e
0380:fixme:file:server_get_file_info Unsupported info class e
0334:fixme:file:server_get_file_info Unsupported info class e
0324:fixme:file:server_get_file_info Unsupported info class e
037c:fixme:file:server_get_file_info Unsupported info class e
037c:fixme:file:server_get_file_info Unsupported info class e
037c:fixme:file:server_get_file_info Unsupported info class e
0364:fixme:file:server_get_file_info Unsupported info class e
0364:fixme:file:server_get_file_info Unsupported info class e
0364:fixme:file:server_get_file_info Unsupported info class e
0368:fixme:file:server_get_file_info Unsupported info class e
0368:fixme:file:server_get_file_info Unsupported info class e
0368:fixme:file:server_get_file_info Unsupported info class e
0340:fixme:file:server_get_file_info Unsupported info class e
03d8:fixme:file:server_get_file_info Unsupported info class e
0388:fixme:file:server_get_file_info Unsupported info class e
0388:fixme:file:server_get_file_info Unsupported info class e
0388:fixme:file:server_get_file_info Unsupported info class e
0788:fixme:file:server_get_file_info Unsupported info class e
0818:fixme:file:server_get_file_info Unsupported info class e
0238:fixme:file:server_get_file_info Unsupported info class e
04e8:fixme:file:server_get_file_info Unsupported info class e
074c:fixme:file:server_get_file_info Unsupported info class e
0260:fixme:file:server_get_file_info Unsupported info class e
0378:fixme:file:server_get_file_info Unsupported info class e
0378:fixme:file:server_get_file_info Unsupported info class e
0378:fixme:file:server_get_file_info Unsupported info class e
036c:fixme:file:server_get_file_info Unsupported info class e
036c:fixme:file:server_get_file_info Unsupported info class e
036c:fixme:file:server_get_file_info Unsupported info class e
0234:fixme:file:server_get_file_info Unsupported info class e
0578:fixme:file:server_get_file_info Unsupported info class e
0638:fixme:file:server_get_file_info Unsupported info class e
0764:fixme:file:server_get_file_info Unsupported info class e
035c:fixme:file:server_get_file_info Unsupported info class e
035c:fixme:file:server_get_file_info Unsupported info class e
035c:fixme:file:server_get_file_info Unsupported info class e
0384:fixme:file:server_get_file_info Unsupported info class e
0384:fixme:file:server_get_file_info Unsupported info class e
0384:fixme:file:server_get_file_info Unsupported info class e
0228:fixme:file:server_get_file_info Unsupported info class e
07c4:fixme:file:server_get_file_info Unsupported info class e
0360:fixme:file:server_get_file_info Unsupported info class e
0360:fixme:file:server_get_file_info Unsupported info class e
0360:fixme:file:server_get_file_info Unsupported info class e
0024:fixme:file:server_get_file_info Unsupported info class e
0480:fixme:file:server_get_file_info Unsupported info class e
0374:fixme:file:server_get_file_info Unsupported info class e
0374:fixme:file:server_get_file_info Unsupported info class e
0374:fixme:file:server_get_file_info Unsupported info class e
0144:fixme:file:server_get_file_info Unsupported info class e
0710:fixme:file:server_get_file_info Unsupported info class e
0650:fixme:file:server_get_file_info Unsupported info class e
044c:fixme:file:server_get_file_info Unsupported info class e
0380:fixme:file:server_get_file_info Unsupported info class e
0380:fixme:file:server_get_file_info Unsupported info class e
0380:fixme:file:server_get_file_info Unsupported info class e
0370:fixme:file:server_get_file_info Unsupported info class e
0370:fixme:file:server_get_file_info Unsupported info class e
0370:fixme:file:server_get_file_info Unsupported info class e
073c:fixme:file:server_get_file_info Unsupported info class e
04a8:fixme:file:server_get_file_info Unsupported info class e
0220:fixme:file:server_get_file_info Unsupported info class e
0180:fixme:file:server_get_file_info Unsupported info class e
037c:fixme:file:server_get_file_info Unsupported info class e
037c:fixme:file:server_get_file_info Unsupported info class e
037c:fixme:file:server_get_file_info Unsupported info class e
00d8:fixme:file:server_get_file_info Unsupported info class e
03bc:fixme:file:server_get_file_info Unsupported info class e
0364:fixme:file:server_get_file_info Unsupported info class e
0364:fixme:file:server_get_file_info Unsupported info class e
0364:fixme:file:server_get_file_info Unsupported info class e
0368:fixme:file:server_get_file_info Unsupported info class e
0368:fixme:file:server_get_file_info Unsupported info class e
0368:fixme:file:server_get_file_info Unsupported info class e
0428:fixme:file:server_get_file_info Unsupported info class e
02dc:fixme:file:server_get_file_info Unsupported info class e
0378:fixme:file:server_get_file_info Unsupported info class e
0388:fixme:file:server_get_file_info Unsupported info class e
0378:fixme:file:server_get_file_info Unsupported info class e
0388:fixme:file:server_get_file_info Unsupported info class e
0378:fixme:file:server_get_file_info Unsupported info class e
0388:fixme:file:server_get_file_info Unsupported info class e
0494:fixme:file:server_get_file_info Unsupported info class e
03e8:fixme:file:server_get_file_info Unsupported info class e
01d0:fixme:file:server_get_file_info Unsupported info class e
054c:fixme:file:server_get_file_info Unsupported info class e
0630:fixme:file:server_get_file_info Unsupported info class e
02d4:fixme:file:server_get_file_info Unsupported info class e
035c:fixme:file:server_get_file_info Unsupported info class e
035c:fixme:file:server_get_file_info Unsupported info class e
035c:fixme:file:server_get_file_info Unsupported info class e
036c:fixme:file:server_get_file_info Unsupported info class e
036c:fixme:file:server_get_file_info Unsupported info class e
036c:fixme:file:server_get_file_info Unsupported info class e
041c:fixme:file:server_get_file_info Unsupported info class e
0120:fixme:file:server_get_file_info Unsupported info class e
0384:fixme:file:server_get_file_info Unsupported info class e
0384:fixme:file:server_get_file_info Unsupported info class e
0384:fixme:file:server_get_file_info Unsupported info class e
0208:fixme:file:server_get_file_info Unsupported info class e
01c8:fixme:file:server_get_file_info Unsupported info class e
0360:fixme:file:server_get_file_info Unsupported info class e
0360:fixme:file:server_get_file_info Unsupported info class e
0360:fixme:file:server_get_file_info Unsupported info class e
0374:fixme:file:server_get_file_info Unsupported info class e
0374:fixme:file:server_get_file_info Unsupported info class e
0374:fixme:file:server_get_file_info Unsupported info class e
00d0:fixme:file:server_get_file_info Unsupported info class e
0314:fixme:file:server_get_file_info Unsupported info class e
02c0:fixme:file:server_get_file_info Unsupported info class e
01dc:fixme:file:server_get_file_info Unsupported info class e
0380:fixme:file:server_get_file_info Unsupported info class e
0380:fixme:file:server_get_file_info Unsupported info class e
0380:fixme:file:server_get_file_info Unsupported info class e
0500:fixme:file:server_get_file_info Unsupported info class e
049c:fixme:file:server_get_file_info Unsupported info class e
0564:fixme:file:server_get_file_info Unsupported info class e
0628:fixme:file:server_get_file_info Unsupported info class e
0370:fixme:file:server_get_file_info Unsupported info class e
0370:fixme:file:server_get_file_info Unsupported info class e
0370:fixme:file:server_get_file_info Unsupported info class e
0790:fixme:file:server_get_file_info Unsupported info class e
0660:fixme:file:server_get_file_info Unsupported info class e
037c:fixme:file:server_get_file_info Unsupported info class e
037c:fixme:file:server_get_file_info Unsupported info class e
037c:fixme:file:server_get_file_info Unsupported info class e
06c4:fixme:file:server_get_file_info Unsupported info class e
0364:fixme:file:server_get_file_info Unsupported info class e
01c4:fixme:file:server_get_file_info Unsupported info class e
0364:fixme:file:server_get_file_info Unsupported info class e
0364:fixme:file:server_get_file_info Unsupported info class e
0368:fixme:file:server_get_file_info Unsupported info class e
0368:fixme:file:server_get_file_info Unsupported info class e
0368:fixme:file:server_get_file_info Unsupported info class e
0378:fixme:file:server_get_file_info Unsupported info class e
0378:fixme:file:server_get_file_info Unsupported info class e
0378:fixme:file:server_get_file_info Unsupported info class e
0330:fixme:file:server_get_file_info Unsupported info class e
05bc:fixme:file:server_get_file_info Unsupported info class e
0388:fixme:file:server_get_file_info Unsupported info class e
035c:fixme:file:server_get_file_info Unsupported info class e
035c:fixme:file:server_get_file_info Unsupported info class e
035c:fixme:file:server_get_file_info Unsupported info class e
0388:fixme:file:server_get_file_info Unsupported info class e
0388:fixme:file:server_get_file_info Unsupported info class e
0390:fixme:file:server_get_file_info Unsupported info class e
05e8:fixme:file:server_get_file_info Unsupported info class e
02b8:fixme:file:server_get_file_info Unsupported info class e
03f0:fixme:file:server_get_file_info Unsupported info class e
07b0:fixme:file:server_get_file_info Unsupported info class e
06d4:fixme:file:server_get_file_info Unsupported info class e
02e4:fixme:file:server_get_file_info Unsupported info class e
04f8:fixme:file:server_get_file_info Unsupported info class e
036c:fixme:file:server_get_file_info Unsupported info class e
0360:fixme:file:server_get_file_info Unsupported info class e
0360:fixme:file:server_get_file_info Unsupported info class e
036c:fixme:file:server_get_file_info Unsupported info class e
036c:fixme:file:server_get_file_info Unsupported info class e
0360:fixme:file:server_get_file_info Unsupported info class e
0418:fixme:file:server_get_file_info Unsupported info class e
0394:fixme:file:server_get_file_info Unsupported info class e
03a0:fixme:file:server_get_file_info Unsupported info class e
0458:fixme:file:server_get_file_info Unsupported info class e
0384:fixme:file:server_get_file_info Unsupported info class e
0384:fixme:file:server_get_file_info Unsupported info class e
0384:fixme:file:server_get_file_info Unsupported info class e
0374:fixme:file:server_get_file_info Unsupported info class e
0374:fixme:file:server_get_file_info Unsupported info class e
0374:fixme:file:server_get_file_info Unsupported info class e
0380:fixme:file:server_get_file_info Unsupported info class e
0380:fixme:file:server_get_file_info Unsupported info class e
0380:fixme:file:server_get_file_info Unsupported info class e
0538:fixme:file:server_get_file_info Unsupported info class e
05cc:fixme:file:server_get_file_info Unsupported info class e
0408:fixme:file:server_get_file_info Unsupported info class e
05d4:fixme:file:server_get_file_info Unsupported info class e
0368:fixme:file:server_get_file_info Unsupported info class e
0368:fixme:file:server_get_file_info Unsupported info class e
0368:fixme:file:server_get_file_info Unsupported info class e
0370:fixme:file:server_get_file_info Unsupported info class e
0364:fixme:file:server_get_file_info Unsupported info class e
0370:fixme:file:server_get_file_info Unsupported info class e
0364:fixme:file:server_get_file_info Unsupported info class e
0370:fixme:file:server_get_file_info Unsupported info class e
04b4:fixme:file:server_get_file_info Unsupported info class e
0364:fixme:file:server_get_file_info Unsupported info class e
06f8:fixme:file:server_get_file_info Unsupported info class e
04d0:fixme:file:server_get_file_info Unsupported info class e
0580:fixme:file:server_get_file_info Unsupported info class e
064c:fixme:file:server_get_file_info Unsupported info class e
03f8:fixme:file:server_get_file_info Unsupported info class e
037c:fixme:file:server_get_file_info Unsupported info class e
037c:fixme:file:server_get_file_info Unsupported info class e
037c:fixme:file:server_get_file_info Unsupported info class e
0604:fixme:file:server_get_file_info Unsupported info class e
0338:fixme:file:server_get_file_info Unsupported info class e
0378:fixme:file:server_get_file_info Unsupported info class e
0378:fixme:file:server_get_file_info Unsupported info class e
0378:fixme:file:server_get_file_info Unsupported info class e
05dc:fixme:file:server_get_file_info Unsupported info class e
06cc:fixme:file:server_get_file_info Unsupported info class e
0448:fixme:file:server_get_file_info Unsupported info class e
0414:fixme:file:server_get_file_info Unsupported info class e
0388:fixme:file:server_get_file_info Unsupported info class e
035c:fixme:file:server_get_file_info Unsupported info class e
035c:fixme:file:server_get_file_info Unsupported info class e
0388:fixme:file:server_get_file_info Unsupported info class e
035c:fixme:file:server_get_file_info Unsupported info class e
0388:fixme:file:server_get_file_info Unsupported info class e
00dc:fixme:file:server_get_file_info Unsupported info class e
05c8:fixme:file:server_get_file_info Unsupported info class e
0664:fixme:file:server_get_file_info Unsupported info class e
0800:fixme:file:server_get_file_info Unsupported info class e
0360:fixme:file:server_get_file_info Unsupported info class e
0360:fixme:file:server_get_file_info Unsupported info class e
0360:fixme:file:server_get_file_info Unsupported info class e
0384:fixme:file:server_get_file_info Unsupported info class e
0384:fixme:file:server_get_file_info Unsupported info class e
0384:fixme:file:server_get_file_info Unsupported info class e
036c:fixme:file:server_get_file_info Unsupported info class e
036c:fixme:file:server_get_file_info Unsupported info class e
036c:fixme:file:server_get_file_info Unsupported info class e
054c:fixme:file:server_get_file_info Unsupported info class e
021c:fixme:file:server_get_file_info Unsupported info class e
0304:fixme:file:server_get_file_info Unsupported info class e
038c:fixme:file:server_get_file_info Unsupported info class e
0380:fixme:file:server_get_file_info Unsupported info class e
0380:fixme:file:server_get_file_info Unsupported info class e
0380:fixme:file:server_get_file_info Unsupported info class e
0740:fixme:file:server_get_file_info Unsupported info class e
027c:fixme:file:server_get_file_info Unsupported info class e
0374:fixme:file:server_get_file_info Unsupported info class e
0374:fixme:file:server_get_file_info Unsupported info class e
0374:fixme:file:server_get_file_info Unsupported info class e
0758:fixme:file:server_get_file_info Unsupported info class e
0804:fixme:file:server_get_file_info Unsupported info class e
0284:fixme:file:server_get_file_info Unsupported info class e
0020:fixme:file:server_get_file_info Unsupported info class e
0370:fixme:file:server_get_file_info Unsupported info class e
0370:fixme:file:server_get_file_info Unsupported info class e
0370:fixme:file:server_get_file_info Unsupported info class e
0364:fixme:file:server_get_file_info Unsupported info class e
0364:fixme:file:server_get_file_info Unsupported info class e
0364:fixme:file:server_get_file_info Unsupported info class e
0368:fixme:file:server_get_file_info Unsupported info class e
0368:fixme:file:server_get_file_info Unsupported info class e
0368:fixme:file:server_get_file_info Unsupported info class e
01d4:fixme:file:server_get_file_info Unsupported info class e
07e4:fixme:file:server_get_file_info Unsupported info class e
076c:fixme:file:server_get_file_info Unsupported info class e
04a0:fixme:file:server_get_file_info Unsupported info class e
037c:fixme:file:server_get_file_info Unsupported info class e
037c:fixme:file:server_get_file_info Unsupported info class e
0184:fixme:file:server_get_file_info Unsupported info class e
037c:fixme:file:server_get_file_info Unsupported info class e
01c0:fixme:file:server_get_file_info Unsupported info class e
06f0:fixme:file:server_get_file_info Unsupported info class e
0724:fixme:file:server_get_file_info Unsupported info class e
0378:fixme:file:server_get_file_info Unsupported info class e
0378:fixme:file:server_get_file_info Unsupported info class e
0378:fixme:file:server_get_file_info Unsupported info class e
0388:fixme:file:server_get_file_info Unsupported info class e
0678:fixme:file:server_get_file_info Unsupported info class e
0388:fixme:file:server_get_file_info Unsupported info class e
05a8:fixme:file:server_get_file_info Unsupported info class e
0388:fixme:file:server_get_file_info Unsupported info class e
035c:fixme:file:server_get_file_info Unsupported info class e
035c:fixme:file:server_get_file_info Unsupported info class e
035c:fixme:file:server_get_file_info Unsupported info class e
0244:fixme:file:server_get_file_info Unsupported info class e
07b0:fixme:file:server_get_file_info Unsupported info class e
006c:fixme:file:server_get_file_info Unsupported info class e
0024:fixme:file:server_get_file_info Unsupported info class e
0384:fixme:file:server_get_file_info Unsupported info class e
0384:fixme:file:server_get_file_info Unsupported info class e
0384:fixme:file:server_get_file_info Unsupported info class e
0360:fixme:file:server_get_file_info Unsupported info class e
0360:fixme:file:server_get_file_info Unsupported info class e
0360:fixme:file:server_get_file_info Unsupported info class e
081c:fixme:file:server_get_file_info Unsupported info class e
07f8:fixme:file:server_get_file_info Unsupported info class e
036c:fixme:file:server_get_file_info Unsupported info class e
036c:fixme:file:server_get_file_info Unsupported info class e
036c:fixme:file:server_get_file_info Unsupported info class e
0380:fixme:file:server_get_file_info Unsupported info class e
0380:fixme:file:server_get_file_info Unsupported info class e
0380:fixme:file:server_get_file_info Unsupported info class e
06b8:fixme:file:server_get_file_info Unsupported info class e
028c:fixme:file:server_get_file_info Unsupported info class e
00d8:fixme:file:server_get_file_info Unsupported info class e
02e8:fixme:file:server_get_file_info Unsupported info class e
0374:fixme:file:server_get_file_info Unsupported info class e
0374:fixme:file:server_get_file_info Unsupported info class e
0374:fixme:file:server_get_file_info Unsupported info class e
01f0:fixme:file:server_get_file_info Unsupported info class e
0400:fixme:file:server_get_file_info Unsupported info class e
039c:fixme:file:server_get_file_info Unsupported info class e
0518:fixme:file:server_get_file_info Unsupported info class e
0364:fixme:file:server_get_file_info Unsupported info class e
0364:fixme:file:server_get_file_info Unsupported info class e
0364:fixme:file:server_get_file_info Unsupported info class e
0370:fixme:file:server_get_file_info Unsupported info class e
0370:fixme:file:server_get_file_info Unsupported info class e
0370:fixme:file:server_get_file_info Unsupported info class e
02c4:fixme:file:server_get_file_info Unsupported info class e
03a8:fixme:file:server_get_file_info Unsupported info class e
0538:fixme:file:server_get_file_info Unsupported info class e
0574:fixme:file:server_get_file_info Unsupported info class e
0368:fixme:file:server_get_file_info Unsupported info class e
0368:fixme:file:server_get_file_info Unsupported info class e
0368:fixme:file:server_get_file_info Unsupported info class e
037c:fixme:file:server_get_file_info Unsupported info class e
037c:fixme:file:server_get_file_info Unsupported info class e
037c:fixme:file:server_get_file_info Unsupported info class e
0170:fixme:file:server_get_file_info Unsupported info class e
07a0:fixme:file:server_get_file_info Unsupported info class e
0318:fixme:file:server_get_file_info Unsupported info class e
02a0:fixme:file:server_get_file_info Unsupported info class e
0378:fixme:file:server_get_file_info Unsupported info class e
0378:fixme:file:server_get_file_info Unsupported info class e
0378:fixme:file:server_get_file_info Unsupported info class e
04d0:fixme:file:server_get_file_info Unsupported info class e
0118:fixme:file:server_get_file_info Unsupported info class e
0388:fixme:file:server_get_file_info Unsupported info class e
0388:fixme:file:server_get_file_info Unsupported info class e
0388:fixme:file:server_get_file_info Unsupported info class e
035c:fixme:file:server_get_file_info Unsupported info class e
035c:fixme:file:server_get_file_info Unsupported info class e
035c:fixme:file:server_get_file_info Unsupported info class e
031c:fixme:file:server_get_file_info Unsupported info class e
0714:fixme:file:server_get_file_info Unsupported info class e
068c:fixme:file:server_get_file_info Unsupported info class e
04f4:fixme:file:server_get_file_info Unsupported info class e
0384:fixme:file:server_get_file_info Unsupported info class e
0384:fixme:file:server_get_file_info Unsupported info class e
0384:fixme:file:server_get_file_info Unsupported info class e
05c4:fixme:file:server_get_file_info Unsupported info class e
0648:fixme:file:server_get_file_info Unsupported info class e
0360:fixme:file:server_get_file_info Unsupported info class e
0360:fixme:file:server_get_file_info Unsupported info class e
0374:fixme:file:server_get_file_info Unsupported info class e
0360:fixme:file:server_get_file_info Unsupported info class e
0374:fixme:file:server_get_file_info Unsupported info class e
0374:fixme:file:server_get_file_info Unsupported info class e
07b8:fixme:file:server_get_file_info Unsupported info class e
080c:fixme:file:server_get_file_info Unsupported info class e
036c:fixme:file:server_get_file_info Unsupported info class e
036c:fixme:file:server_get_file_info Unsupported info class e
036c:fixme:file:server_get_file_info Unsupported info class e
0200:fixme:file:server_get_file_info Unsupported info class e
0768:fixme:file:server_get_file_info Unsupported info class e
0364:fixme:file:server_get_file_info Unsupported info class e
04cc:fixme:file:server_get_file_info Unsupported info class e
0364:fixme:file:server_get_file_info Unsupported info class e
0258:fixme:file:server_get_file_info Unsupported info class e
0364:fixme:file:server_get_file_info Unsupported info class e
0370:fixme:file:server_get_file_info Unsupported info class e
0370:fixme:file:server_get_file_info Unsupported info class e
0370:fixme:file:server_get_file_info Unsupported info class e
077c:fixme:file:server_get_file_info Unsupported info class e
07e4:fixme:file:server_get_file_info Unsupported info class e
0380:fixme:file:server_get_file_info Unsupported info class e
0380:fixme:file:server_get_file_info Unsupported info class e
0380:fixme:file:server_get_file_info Unsupported info class e
0020:fixme:file:server_get_file_info Unsupported info class e
0284:fixme:file:server_get_file_info Unsupported info class e
0598:fixme:file:server_get_file_info Unsupported info class e
02bc:fixme:file:server_get_file_info Unsupported info class e
05d8:fixme:file:server_get_file_info Unsupported info class e
0434:fixme:file:server_get_file_info Unsupported info class e
0368:fixme:file:server_get_file_info Unsupported info class e
0368:fixme:file:server_get_file_info Unsupported info class e
0368:fixme:file:server_get_file_info Unsupported info class e
06d8:fixme:file:server_get_file_info Unsupported info class e
037c:fixme:file:server_get_file_info Unsupported info class e
04f8:fixme:file:server_get_file_info Unsupported info class e
037c:fixme:file:server_get_file_info Unsupported info class e
037c:fixme:file:server_get_file_info Unsupported info class e
0378:fixme:file:server_get_file_info Unsupported info class e
0378:fixme:file:server_get_file_info Unsupported info class e
0378:fixme:file:server_get_file_info Unsupported info class e
035c:fixme:file:server_get_file_info Unsupported info class e
035c:fixme:file:server_get_file_info Unsupported info class e
035c:fixme:file:server_get_file_info Unsupported info class e
0388:fixme:file:server_get_file_info Unsupported info class e
0388:fixme:file:server_get_file_info Unsupported info class e
0388:fixme:file:server_get_file_info Unsupported info class e
05d4:fixme:file:server_get_file_info Unsupported info class e
0028:fixme:file:server_get_file_info Unsupported info class e
0320:fixme:file:server_get_file_info Unsupported info class e
05a8:fixme:file:server_get_file_info Unsupported info class e
0384:fixme:file:server_get_file_info Unsupported info class e
0384:fixme:file:server_get_file_info Unsupported info class e
0384:fixme:file:server_get_file_info Unsupported info class e
00e4:fixme:file:server_get_file_info Unsupported info class e
07a4:fixme:file:server_get_file_info Unsupported info class e
0808:fixme:file:server_get_file_info Unsupported info class e
06ec:fixme:file:server_get_file_info Unsupported info class e
01b0:fixme:file:server_get_file_info Unsupported info class e
016c:fixme:file:server_get_file_info Unsupported info class e
0374:fixme:file:server_get_file_info Unsupported info class e
0374:fixme:file:server_get_file_info Unsupported info class e
0374:fixme:file:server_get_file_info Unsupported info class e
020c:fixme:file:server_get_file_info Unsupported info class e
06b8:fixme:file:server_get_file_info Unsupported info class e
0360:fixme:file:server_get_file_info Unsupported info class e
0360:fixme:file:server_get_file_info Unsupported info class e
0360:fixme:file:server_get_file_info Unsupported info class e
0370:fixme:file:server_get_file_info Unsupported info class e
0370:fixme:file:server_get_file_info Unsupported info class e
0370:fixme:file:server_get_file_info Unsupported info class e
0364:fixme:file:server_get_file_info Unsupported info class e
0364:fixme:file:server_get_file_info Unsupported info class e
0364:fixme:file:server_get_file_info Unsupported info class e
036c:fixme:file:server_get_file_info Unsupported info class e
036c:fixme:file:server_get_file_info Unsupported info class e
036c:fixme:file:server_get_file_info Unsupported info class e
02c4:fixme:file:server_get_file_info Unsupported info class e
0564:fixme:file:server_get_file_info Unsupported info class e
0398:fixme:file:server_get_file_info Unsupported info class e
07d8:fixme:file:server_get_file_info Unsupported info class e
0380:fixme:file:server_get_file_info Unsupported info class e
0380:fixme:file:server_get_file_info Unsupported info class e
0380:fixme:file:server_get_file_info Unsupported info class e
0318:fixme:file:server_get_file_info Unsupported info class e
02a0:fixme:file:server_get_file_info Unsupported info class e
0170:fixme:file:server_get_file_info Unsupported info class e
07a0:fixme:file:server_get_file_info Unsupported info class e
0668:fixme:file:server_get_file_info Unsupported info class e
0428:fixme:file:server_get_file_info Unsupported info class e
0368:fixme:file:server_get_file_info Unsupported info class e
037c:fixme:file:server_get_file_info Unsupported info class e
0368:fixme:file:server_get_file_info Unsupported info class e
037c:fixme:file:server_get_file_info Unsupported info class e
037c:fixme:file:server_get_file_info Unsupported info class e
0368:fixme:file:server_get_file_info Unsupported info class e
0388:fixme:file:server_get_file_info Unsupported info class e
0388:fixme:file:server_get_file_info Unsupported info class e
0388:fixme:file:server_get_file_info Unsupported info class e
0438:fixme:file:server_get_file_info Unsupported info class e
[staging] Audio: 3271/3388 completed
019c:fixme:file:server_get_file_info Unsupported info class e
0378:fixme:file:server_get_file_info Unsupported info class e
0378:fixme:file:server_get_file_info Unsupported info class e
0378:fixme:file:server_get_file_info Unsupported info class e
035c:fixme:file:server_get_file_info Unsupported info class e
035c:fixme:file:server_get_file_info Unsupported info class e
035c:fixme:file:server_get_file_info Unsupported info class e
0384:fixme:file:server_get_file_info Unsupported info class e
0384:fixme:file:server_get_file_info Unsupported info class e
07d4:fixme:file:server_get_file_info Unsupported info class e
0384:fixme:file:server_get_file_info Unsupported info class e
0430:fixme:file:server_get_file_info Unsupported info class e
0738:fixme:file:server_get_file_info Unsupported info class e
07c0:fixme:file:server_get_file_info Unsupported info class e
080c:fixme:file:server_get_file_info Unsupported info class e
05c4:fixme:file:server_get_file_info Unsupported info class e
07ec:fixme:file:server_get_file_info Unsupported info class e
0690:fixme:file:server_get_file_info Unsupported info class e
0374:fixme:file:server_get_file_info Unsupported info class e
0374:fixme:file:server_get_file_info Unsupported info class e
0374:fixme:file:server_get_file_info Unsupported info class e
0238:fixme:file:server_get_file_info Unsupported info class e
0194:fixme:file:server_get_file_info Unsupported info class e
0360:fixme:file:server_get_file_info Unsupported info class e
0588:fixme:file:server_get_file_info Unsupported info class e
0360:fixme:file:server_get_file_info Unsupported info class e
0190:fixme:file:server_get_file_info Unsupported info class e
0360:fixme:file:server_get_file_info Unsupported info class e
0370:fixme:file:server_get_file_info Unsupported info class e
0370:fixme:file:server_get_file_info Unsupported info class e
0370:fixme:file:server_get_file_info Unsupported info class e
06c8:fixme:file:server_get_file_info Unsupported info class e
0218:fixme:file:server_get_file_info Unsupported info class e
036c:fixme:file:server_get_file_info Unsupported info class e
036c:fixme:file:server_get_file_info Unsupported info class e
036c:fixme:file:server_get_file_info Unsupported info class e
0364:fixme:file:server_get_file_info Unsupported info class e
0364:fixme:file:server_get_file_info Unsupported info class e
0364:fixme:file:server_get_file_info Unsupported info class e
0228:fixme:file:server_get_file_info Unsupported info class e
05cc:fixme:file:server_get_file_info Unsupported info class e
0294:fixme:file:server_get_file_info Unsupported info class e
04b4:fixme:file:server_get_file_info Unsupported info class e
0380:fixme:file:server_get_file_info Unsupported info class e
0380:fixme:file:server_get_file_info Unsupported info class e
0380:fixme:file:server_get_file_info Unsupported info class e
0774:fixme:file:server_get_file_info Unsupported info class e
0444:fixme:file:server_get_file_info Unsupported info class e
037c:fixme:file:server_get_file_info Unsupported info class e
037c:fixme:file:server_get_file_info Unsupported info class e
037c:fixme:file:server_get_file_info Unsupported info class e
04f8:fixme:file:server_get_file_info Unsupported info class e
0624:fixme:file:server_get_file_info Unsupported info class e
0368:fixme:file:server_get_file_info Unsupported info class e
0368:fixme:file:server_get_file_info Unsupported info class e
0368:fixme:file:server_get_file_info Unsupported info class e
0388:fixme:file:server_get_file_info Unsupported info class e
0388:fixme:file:server_get_file_info Unsupported info class e
0388:fixme:file:server_get_file_info Unsupported info class e
0378:fixme:file:server_get_file_info Unsupported info class e
0378:fixme:file:server_get_file_info Unsupported info class e
0378:fixme:file:server_get_file_info Unsupported info class e
0354:fixme:file:server_get_file_info Unsupported info class e
01a8:fixme:file:server_get_file_info Unsupported info class e
0500:fixme:file:server_get_file_info Unsupported info class e
0628:fixme:file:server_get_file_info Unsupported info class e
0384:fixme:file:server_get_file_info Unsupported info class e
0384:fixme:file:server_get_file_info Unsupported info class e
0384:fixme:file:server_get_file_info Unsupported info class e
03ec:fixme:file:server_get_file_info Unsupported info class e
04a4:fixme:file:server_get_file_info Unsupported info class e
035c:fixme:file:server_get_file_info Unsupported info class e
035c:fixme:file:server_get_file_info Unsupported info class e
0818:fixme:file:server_get_file_info Unsupported info class e
035c:fixme:file:server_get_file_info Unsupported info class e
0240:fixme:file:server_get_file_info Unsupported info class e
024c:fixme:file:server_get_file_info Unsupported info class e
0680:fixme:file:server_get_file_info Unsupported info class e
0360:fixme:file:server_get_file_info Unsupported info class e
0360:fixme:file:server_get_file_info Unsupported info class e
0360:fixme:file:server_get_file_info Unsupported info class e
0374:fixme:file:server_get_file_info Unsupported info class e
0374:fixme:file:server_get_file_info Unsupported info class e
0374:fixme:file:server_get_file_info Unsupported info class e
00cc:fixme:file:server_get_file_info Unsupported info class e
0198:fixme:file:server_get_file_info Unsupported info class e
0610:fixme:file:server_get_file_info Unsupported info class e
0370:fixme:file:server_get_file_info Unsupported info class e
036c:fixme:file:server_get_file_info Unsupported info class e
069c:fixme:file:server_get_file_info Unsupported info class e
036c:fixme:file:server_get_file_info Unsupported info class e
0370:fixme:file:server_get_file_info Unsupported info class e
036c:fixme:file:server_get_file_info Unsupported info class e
0370:fixme:file:server_get_file_info Unsupported info class e
05ac:fixme:file:server_get_file_info Unsupported info class e
0558:fixme:file:server_get_file_info Unsupported info class e
0364:fixme:file:server_get_file_info Unsupported info class e
0364:fixme:file:server_get_file_info Unsupported info class e
0364:fixme:file:server_get_file_info Unsupported info class e
0380:fixme:file:server_get_file_info Unsupported info class e
0380:fixme:file:server_get_file_info Unsupported info class e
0380:fixme:file:server_get_file_info Unsupported info class e
04f4:fixme:file:server_get_file_info Unsupported info class e
0648:fixme:file:server_get_file_info Unsupported info class e
0538:fixme:file:server_get_file_info Unsupported info class e
02e4:fixme:file:server_get_file_info Unsupported info class e
05d0:fixme:file:server_get_file_info Unsupported info class e
045c:fixme:file:server_get_file_info Unsupported info class e
037c:fixme:file:server_get_file_info Unsupported info class e
037c:fixme:file:server_get_file_info Unsupported info class e
037c:fixme:file:server_get_file_info Unsupported info class e
0368:fixme:file:server_get_file_info Unsupported info class e
0388:fixme:file:server_get_file_info Unsupported info class e
0368:fixme:file:server_get_file_info Unsupported info class e
0388:fixme:file:server_get_file_info Unsupported info class e
0368:fixme:file:server_get_file_info Unsupported info class e
0388:fixme:file:server_get_file_info Unsupported info class e
04d8:fixme:file:server_get_file_info Unsupported info class e
02b4:fixme:file:server_get_file_info Unsupported info class e
0280:fixme:file:server_get_file_info Unsupported info class e
054c:fixme:file:server_get_file_info Unsupported info class e
0378:fixme:file:server_get_file_info Unsupported info class e
0378:fixme:file:server_get_file_info Unsupported info class e
0378:fixme:file:server_get_file_info Unsupported info class e
0418:fixme:file:server_get_file_info Unsupported info class e
02f4:fixme:file:server_get_file_info Unsupported info class e
0424:fixme:file:server_get_file_info Unsupported info class e
05ec:fixme:file:server_get_file_info Unsupported info class e
0384:fixme:file:server_get_file_info Unsupported info class e
0384:fixme:file:server_get_file_info Unsupported info class e
0384:fixme:file:server_get_file_info Unsupported info class e
0740:fixme:file:server_get_file_info Unsupported info class e
04c8:fixme:file:server_get_file_info Unsupported info class e
035c:fixme:file:server_get_file_info Unsupported info class e
035c:fixme:file:server_get_file_info Unsupported info class e
035c:fixme:file:server_get_file_info Unsupported info class e
0190:fixme:file:server_get_file_info Unsupported info class e
0194:fixme:file:server_get_file_info Unsupported info class e
0360:fixme:file:server_get_file_info Unsupported info class e
0360:fixme:file:server_get_file_info Unsupported info class e
0360:fixme:file:server_get_file_info Unsupported info class e
0374:fixme:file:server_get_file_info Unsupported info class e
0374:fixme:file:server_get_file_info Unsupported info class e
0374:fixme:file:server_get_file_info Unsupported info class e
01c8:fixme:file:server_get_file_info Unsupported info class e
0298:fixme:file:server_get_file_info Unsupported info class e
0370:fixme:file:server_get_file_info Unsupported info class e
04dc:fixme:file:server_get_file_info Unsupported info class e
0370:fixme:file:server_get_file_info Unsupported info class e
06a4:fixme:file:server_get_file_info Unsupported info class e
0370:fixme:file:server_get_file_info Unsupported info class e
036c:fixme:file:server_get_file_info Unsupported info class e
036c:fixme:file:server_get_file_info Unsupported info class e
036c:fixme:file:server_get_file_info Unsupported info class e
05fc:fixme:file:server_get_file_info Unsupported info class e
0254:fixme:file:server_get_file_info Unsupported info class e
0380:fixme:file:server_get_file_info Unsupported info class e
0380:fixme:file:server_get_file_info Unsupported info class e
0380:fixme:file:server_get_file_info Unsupported info class e
0810:fixme:file:server_get_file_info Unsupported info class e
05d4:fixme:file:server_get_file_info Unsupported info class e
0364:fixme:file:server_get_file_info Unsupported info class e
0364:fixme:file:server_get_file_info Unsupported info class e
0364:fixme:file:server_get_file_info Unsupported info class e
002c:fixme:file:server_get_file_info Unsupported info class e
0158:fixme:file:server_get_file_info Unsupported info class e
037c:fixme:file:server_get_file_info Unsupported info class e
037c:fixme:file:server_get_file_info Unsupported info class e
037c:fixme:file:server_get_file_info Unsupported info class e
030c:fixme:file:server_get_file_info Unsupported info class e
03d4:fixme:file:server_get_file_info Unsupported info class e
046c:fixme:file:server_get_file_info Unsupported info class e
05f4:fixme:file:server_get_file_info Unsupported info class e
0368:fixme:file:server_get_file_info Unsupported info class e
0368:fixme:file:server_get_file_info Unsupported info class e
0368:fixme:file:server_get_file_info Unsupported info class e
0770:fixme:file:server_get_file_info Unsupported info class e
07b4:fixme:file:server_get_file_info Unsupported info class e
0378:fixme:file:server_get_file_info Unsupported info class e
0378:fixme:file:server_get_file_info Unsupported info class e
0378:fixme:file:server_get_file_info Unsupported info class e
0388:fixme:file:server_get_file_info Unsupported info class e
0388:fixme:file:server_get_file_info Unsupported info class e
0388:fixme:file:server_get_file_info Unsupported info class e
01e8:fixme:file:server_get_file_info Unsupported info class e
012c:fixme:file:server_get_file_info Unsupported info class e
0608:fixme:file:server_get_file_info Unsupported info class e
013c:fixme:file:server_get_file_info Unsupported info class e
035c:fixme:file:server_get_file_info Unsupported info class e
035c:fixme:file:server_get_file_info Unsupported info class e
035c:fixme:file:server_get_file_info Unsupported info class e
0384:fixme:file:server_get_file_info Unsupported info class e
0384:fixme:file:server_get_file_info Unsupported info class e
0384:fixme:file:server_get_file_info Unsupported info class e
066c:fixme:file:server_get_file_info Unsupported info class e
024c:fixme:file:server_get_file_info Unsupported info class e
0360:fixme:file:server_get_file_info Unsupported info class e
076c:fixme:file:server_get_file_info Unsupported info class e
0360:fixme:file:server_get_file_info Unsupported info class e
047c:fixme:file:server_get_file_info Unsupported info class e
0360:fixme:file:server_get_file_info Unsupported info class e
0370:fixme:file:server_get_file_info Unsupported info class e
0370:fixme:file:server_get_file_info Unsupported info class e
0370:fixme:file:server_get_file_info Unsupported info class e
0374:fixme:file:server_get_file_info Unsupported info class e
0374:fixme:file:server_get_file_info Unsupported info class e
0374:fixme:file:server_get_file_info Unsupported info class e
020c:fixme:file:server_get_file_info Unsupported info class e
01ec:fixme:file:server_get_file_info Unsupported info class e
0264:fixme:file:server_get_file_info Unsupported info class e
03f4:fixme:file:server_get_file_info Unsupported info class e
0754:fixme:file:server_get_file_info Unsupported info class e
06b8:fixme:file:server_get_file_info Unsupported info class e
0380:fixme:file:server_get_file_info Unsupported info class e
0380:fixme:file:server_get_file_info Unsupported info class e
0364:fixme:file:server_get_file_info Unsupported info class e
0380:fixme:file:server_get_file_info Unsupported info class e
0364:fixme:file:server_get_file_info Unsupported info class e
0364:fixme:file:server_get_file_info Unsupported info class e
036c:fixme:file:server_get_file_info Unsupported info class e
036c:fixme:file:server_get_file_info Unsupported info class e
036c:fixme:file:server_get_file_info Unsupported info class e
0698:fixme:file:server_get_file_info Unsupported info class e
07a8:fixme:file:server_get_file_info Unsupported info class e
0410:fixme:file:server_get_file_info Unsupported info class e
02bc:fixme:file:server_get_file_info Unsupported info class e
037c:fixme:file:server_get_file_info Unsupported info class e
037c:fixme:file:server_get_file_info Unsupported info class e
037c:fixme:file:server_get_file_info Unsupported info class e
01bc:fixme:file:server_get_file_info Unsupported info class e
054c:fixme:file:server_get_file_info Unsupported info class e
0718:fixme:file:server_get_file_info Unsupported info class e
06e8:fixme:file:server_get_file_info Unsupported info class e
0378:fixme:file:server_get_file_info Unsupported info class e
0378:fixme:file:server_get_file_info Unsupported info class e
0378:fixme:file:server_get_file_info Unsupported info class e
0440:fixme:file:server_get_file_info Unsupported info class e
03b8:fixme:file:server_get_file_info Unsupported info class e
0388:fixme:file:server_get_file_info Unsupported info class e
0388:fixme:file:server_get_file_info Unsupported info class e
0388:fixme:file:server_get_file_info Unsupported info class e
01b8:fixme:file:server_get_file_info Unsupported info class e
02e8:fixme:file:server_get_file_info Unsupported info class e
0368:fixme:file:server_get_file_info Unsupported info class e
0368:fixme:file:server_get_file_info Unsupported info class e
0368:fixme:file:server_get_file_info Unsupported info class e
035c:fixme:file:server_get_file_info Unsupported info class e
035c:fixme:file:server_get_file_info Unsupported info class e
035c:fixme:file:server_get_file_info Unsupported info class e
0384:fixme:file:server_get_file_info Unsupported info class e
0340:fixme:file:server_get_file_info Unsupported info class e
0384:fixme:file:server_get_file_info Unsupported info class e
07fc:fixme:file:server_get_file_info Unsupported info class e
0384:fixme:file:server_get_file_info Unsupported info class e
0774:fixme:file:server_get_file_info Unsupported info class e
0580:fixme:file:server_get_file_info Unsupported info class e
04bc:fixme:file:server_get_file_info Unsupported info class e
015c:fixme:file:server_get_file_info Unsupported info class e
0360:fixme:file:server_get_file_info Unsupported info class e
0360:fixme:file:server_get_file_info Unsupported info class e
0360:fixme:file:server_get_file_info Unsupported info class e
0238:fixme:file:server_get_file_info Unsupported info class e
05fc:fixme:file:server_get_file_info Unsupported info class e
0370:fixme:file:server_get_file_info Unsupported info class e
0370:fixme:file:server_get_file_info Unsupported info class e
0370:fixme:file:server_get_file_info Unsupported info class e
0380:fixme:file:server_get_file_info Unsupported info class e
0254:fixme:file:server_get_file_info Unsupported info class e
0380:fixme:file:server_get_file_info Unsupported info class e
0380:fixme:file:server_get_file_info Unsupported info class e
0658:fixme:file:server_get_file_info Unsupported info class e
05d4:fixme:file:server_get_file_info Unsupported info class e
07e8:fixme:file:server_get_file_info Unsupported info class e
04c0:fixme:file:server_get_file_info Unsupported info class e
07b8:fixme:file:server_get_file_info Unsupported info class e
0388:fixme:file:server_get_file_info Unsupported info class e
0388:fixme:file:server_get_file_info Unsupported info class e
0388:fixme:file:server_get_file_info Unsupported info class e
0428:fixme:file:server_get_file_info Unsupported info class e
01fc:fixme:file:server_get_file_info Unsupported info class e
0374:fixme:file:server_get_file_info Unsupported info class e
0374:fixme:file:server_get_file_info Unsupported info class e
0374:fixme:file:server_get_file_info Unsupported info class e
0378:fixme:file:server_get_file_info Unsupported info class e
036c:fixme:file:server_get_file_info Unsupported info class e
0378:fixme:file:server_get_file_info Unsupported info class e
0378:fixme:file:server_get_file_info Unsupported info class e
037c:fixme:file:server_get_file_info Unsupported info class e
036c:fixme:file:server_get_file_info Unsupported info class e
036c:fixme:file:server_get_file_info Unsupported info class e
037c:fixme:file:server_get_file_info Unsupported info class e
037c:fixme:file:server_get_file_info Unsupported info class e
0364:fixme:file:server_get_file_info Unsupported info class e
0364:fixme:file:server_get_file_info Unsupported info class e
0364:fixme:file:server_get_file_info Unsupported info class e
0430:fixme:file:server_get_file_info Unsupported info class e
06f4:fixme:file:server_get_file_info Unsupported info class e
07d4:fixme:file:server_get_file_info Unsupported info class e
07c0:fixme:file:server_get_file_info Unsupported info class e
0550:fixme:file:server_get_file_info Unsupported info class e
055c:fixme:file:server_get_file_info Unsupported info class e
03a0:fixme:file:server_get_file_info Unsupported info class e
04a8:fixme:file:server_get_file_info Unsupported info class e
0384:fixme:file:server_get_file_info Unsupported info class e
0384:fixme:file:server_get_file_info Unsupported info class e
0384:fixme:file:server_get_file_info Unsupported info class e
035c:fixme:file:server_get_file_info Unsupported info class e
035c:fixme:file:server_get_file_info Unsupported info class e
035c:fixme:file:server_get_file_info Unsupported info class e
0678:fixme:file:server_get_file_info Unsupported info class e
0260:fixme:file:server_get_file_info Unsupported info class e
07e0:fixme:file:server_get_file_info Unsupported info class e
04e0:fixme:file:server_get_file_info Unsupported info class e
0368:fixme:file:server_get_file_info Unsupported info class e
0360:fixme:file:server_get_file_info Unsupported info class e
0360:fixme:file:server_get_file_info Unsupported info class e
0360:fixme:file:server_get_file_info Unsupported info class e
0368:fixme:file:server_get_file_info Unsupported info class e
0368:fixme:file:server_get_file_info Unsupported info class e
0380:fixme:file:server_get_file_info Unsupported info class e
0380:fixme:file:server_get_file_info Unsupported info class e
0380:fixme:file:server_get_file_info Unsupported info class e
07b0:fixme:file:server_get_file_info Unsupported info class e
065c:fixme:file:server_get_file_info Unsupported info class e
020c:fixme:file:server_get_file_info Unsupported info class e
03f4:fixme:file:server_get_file_info Unsupported info class e
0388:fixme:file:server_get_file_info Unsupported info class e
0388:fixme:file:server_get_file_info Unsupported info class e
0388:fixme:file:server_get_file_info Unsupported info class e
0338:fixme:file:server_get_file_info Unsupported info class e
0374:fixme:file:server_get_file_info Unsupported info class e
0374:fixme:file:server_get_file_info Unsupported info class e
0778:fixme:file:server_get_file_info Unsupported info class e
0374:fixme:file:server_get_file_info Unsupported info class e
0480:fixme:file:server_get_file_info Unsupported info class e
0544:fixme:file:server_get_file_info Unsupported info class e
00e4:fixme:file:server_get_file_info Unsupported info class e
03a8:fixme:file:server_get_file_info Unsupported info class e
0290:fixme:file:server_get_file_info Unsupported info class e
06ec:fixme:file:server_get_file_info Unsupported info class e
0370:fixme:file:server_get_file_info Unsupported info class e
0370:fixme:file:server_get_file_info Unsupported info class e
037c:fixme:file:server_get_file_info Unsupported info class e
037c:fixme:file:server_get_file_info Unsupported info class e
0370:fixme:file:server_get_file_info Unsupported info class e
037c:fixme:file:server_get_file_info Unsupported info class e
039c:fixme:file:server_get_file_info Unsupported info class e
0698:fixme:file:server_get_file_info Unsupported info class e
036c:fixme:file:server_get_file_info Unsupported info class e
036c:fixme:file:server_get_file_info Unsupported info class e
036c:fixme:file:server_get_file_info Unsupported info class e
0378:fixme:file:server_get_file_info Unsupported info class e
0378:fixme:file:server_get_file_info Unsupported info class e
0378:fixme:file:server_get_file_info Unsupported info class e
01f4:fixme:file:server_get_file_info Unsupported info class e
0120:fixme:file:server_get_file_info Unsupported info class e
0364:fixme:file:server_get_file_info Unsupported info class e
0364:fixme:file:server_get_file_info Unsupported info class e
0364:fixme:file:server_get_file_info Unsupported info class e
0208:fixme:file:server_get_file_info Unsupported info class e
04d4:fixme:file:server_get_file_info Unsupported info class e
0744:fixme:file:server_get_file_info Unsupported info class e
014c:fixme:file:server_get_file_info Unsupported info class e
07fc:fixme:file:server_get_file_info Unsupported info class e
0460:fixme:file:server_get_file_info Unsupported info class e
035c:fixme:file:server_get_file_info Unsupported info class e
035c:fixme:file:server_get_file_info Unsupported info class e
035c:fixme:file:server_get_file_info Unsupported info class e
0384:fixme:file:server_get_file_info Unsupported info class e
0384:fixme:file:server_get_file_info Unsupported info class e
0384:fixme:file:server_get_file_info Unsupported info class e
0158:fixme:file:server_get_file_info Unsupported info class e
0028:fixme:file:server_get_file_info Unsupported info class e
0360:fixme:file:server_get_file_info Unsupported info class e
0360:fixme:file:server_get_file_info Unsupported info class e
0360:fixme:file:server_get_file_info Unsupported info class e
01d4:fixme:file:server_get_file_info Unsupported info class e
0250:fixme:file:server_get_file_info Unsupported info class e
0380:fixme:file:server_get_file_info Unsupported info class e
0380:fixme:file:server_get_file_info Unsupported info class e
[staging] Audio: 3365/3388 completed
0380:fixme:file:server_get_file_info Unsupported info class e
0368:fixme:file:server_get_file_info Unsupported info class e
0368:fixme:file:server_get_file_info Unsupported info class e
0368:fixme:file:server_get_file_info Unsupported info class e
0674:fixme:file:server_get_file_info Unsupported info class e
06bc:fixme:file:server_get_file_info Unsupported info class e
0388:fixme:file:server_get_file_info Unsupported info class e
0388:fixme:file:server_get_file_info Unsupported info class e
0388:fixme:file:server_get_file_info Unsupported info class e
0374:fixme:file:server_get_file_info Unsupported info class e
0374:fixme:file:server_get_file_info Unsupported info class e
0374:fixme:file:server_get_file_info Unsupported info class e
01f8:fixme:file:server_get_file_info Unsupported info class e
0638:fixme:file:server_get_file_info Unsupported info class e
0504:fixme:file:server_get_file_info Unsupported info class e
02c8:fixme:file:server_get_file_info Unsupported info class e
07b8:fixme:file:server_get_file_info Unsupported info class e
05d4:fixme:file:server_get_file_info Unsupported info class e
037c:fixme:file:server_get_file_info Unsupported info class e
037c:fixme:file:server_get_file_info Unsupported info class e
037c:fixme:file:server_get_file_info Unsupported info class e
0248:fixme:file:server_get_file_info Unsupported info class e
01ac:fixme:file:server_get_file_info Unsupported info class e
0284:fixme:file:server_get_file_info Unsupported info class e
023c:fixme:file:server_get_file_info Unsupported info class e
0370:fixme:file:server_get_file_info Unsupported info class e
0370:fixme:file:server_get_file_info Unsupported info class e
0370:fixme:file:server_get_file_info Unsupported info class e
05dc:fixme:file:server_get_file_info Unsupported info class e
0620:fixme:file:server_get_file_info Unsupported info class e
06b8:fixme:file:server_get_file_info Unsupported info class e
067c:fixme:file:server_get_file_info Unsupported info class e
[staging] Audio: 3388/3388 completed
[staging] Decode audio finished in 76.6s
[staging] Build sound bank...
[staging] Build sound bank finished in 3.7s
[staging] Stage localization...
[staging] Stage localization finished in 6.0s
collision: {"world_brushes": 7964, "entity_brushes_excluded": 815, "world_brushes_recovered_unlisted": 0, "unlisted_brushes_ambiguous_skipped": 0, "flag_only_brushes_dropped": 38, "brush_ownership_complete": true, "unreferenced_brushes": 0, "collision_triangle_materials": 74, "collision_triangles_noncolliding_dropped": 1593, "collision_triangles_one_sided_removed": 1000, "collision_edges_source": "waw", "collision_edges_walkable": 129350, "collision_edges_total": 203307, "submodels": 435, "empty_submodels": 16, "static_models": 1497, "static_model_collision_triangles": 513843, "static_models_without_collision": 0, "static_model_triangles_outside_waw_bounds": 0}
materials: 889 written, 568 with degradations (see zone_raw/zm_projectx/bridge_stage.report.json)
images: 1365 IWI written; technique sets used: 205
warning: 38 layered materials drawn as their base layer; their vertex colour (blend weights) is written as white (re-extract gfxworld with the v5 T4 dumper)
warning: ONE_WAY_COLLISION_REMOVED 1000 one-sided traversal triangles: collision omitted to allow passage in both directions (clip 488, berlin_window_glass 256, clip_player 256)
warning: path nodes: 1420 nodes, 12486 links, vis 251873 bytes; traversals {'wall_hop -> zm_mantle_over_40': '36', 'zombie_jump_down_190 -> waw2bo2_jump_down_176': '2'}
warning: UNSUPPORTED_GSC_API maps\dlc3_code::dlc3_threadcalls (1 uses, first nazi_zombie_projectx.iwd:maps/nazi_zombie_ProjectX.gsc:121): stubbed, reports at runtime
warning: UNSUPPORTED_GSC_API maps\dlc3_code::dlc3_threadcalls2 (1 uses, first nazi_zombie_projectx.iwd:maps/nazi_zombie_ProjectX.gsc:171): stubbed, reports at runtime
warning: UNSUPPORTED_GSC_API maps\dlc3_code::include_weapons (1 uses, first nazi_zombie_projectx.iwd:maps/nazi_zombie_ProjectX.gsc:53): stubbed, reports at runtime
warning: UNSUPPORTED_GSC_API settransported (8 uses, first nazi_zombie_projectx.iwd:maps/_kinostyle_teleporter.gsc:125): stubbed, reports at runtime
warning: scripts: 61 WaW scripts ported, 30 framework functions extracted, 31 FX names referenced
warning: scripts: the map overrides WaW framework scripts BO2 replaces with its own (behaviour changes there are not ported): animscripts\traverse\wall_hop_zombie, maps\_debug, maps\_laststand, maps\_zombiemode, maps\_zombiemode_auto_turret, maps\_zombiemode_blockers_new, maps\_zombiemode_devgui, maps\_zombiemode_powerups, maps\_zombiemode_radio, maps\_zombiemode_score, maps\_zombiemode_spawner, maps\_zombiemode_utility, maps\_zombiemode_weapons, maps\_zombiemode_zone_manager
warning: SKELETON_REPARENTED xmodel tag_flash: root bones ['tag_origin', 'tag_flash', 'tag_turret'] share one bind transform; secondary roots became identity children of the primary (globals unchanged)
warning: SKELETON_REPARENTED xmodel weapon_ger_panzershreck_rocket: root bones ['tag_fx', 'tag_origin'] share one bind transform; secondary roots became identity children of the primary (globals unchanged)
warning: fx weapon/shellejects/fx_heavy: UNSUPPORTED_SOUND shell_eject (weapon/shellejects/fx_heavy elem 2 sound element): WaW sound aliases are not converted yet (silent)
warning: fx weapon/shellejects/fx_ppsh_view: UNSUPPORTED_SOUND shell_eject (weapon/shellejects/fx_ppsh_view elem 1 sound element): WaW sound aliases are not converted yet (silent)
warning: fx weapon/shellejects/fx_ppsh_view_blurred01: UNSUPPORTED_SOUND shell_eject (weapon/shellejects/fx_ppsh_view_blurred01 elem 1 sound element): WaW sound aliases are not converted yet (silent)
warning: fx weapon/shellejects/pistol_view: UNSUPPORTED_SOUND shell_eject (weapon/shellejects/pistol_view elem 1 sound element): WaW sound aliases are not converted yet (silent)
warning: fx weapon/shellejects/pistol_view_blurred01: UNSUPPORTED_SOUND shell_eject (weapon/shellejects/pistol_view_blurred01 elem 1 sound element): WaW sound aliases are not converted yet (silent)
warning: fx: 130 WaW effects converted (109 loaded by scripts), 0 failed, 0 absent from WaW
warning: xmodel bc_military_tire02: physPreset dropped (static models do not simulate)
warning: xmodel bc_military_tire04: physPreset dropped (static models do not simulate)
warning: xmodel cargocontainer_20ft_green: physPreset dropped (static models do not simulate)
warning: xmodel cargocontainer_20ft_red: physPreset dropped (static models do not simulate)
warning: xmodel cargocontainer_20ft_white: physPreset dropped (static models do not simulate)
warning: xmodel char_ger_honorgd_body1_g_larmspawn: physPreset dropped (static models do not simulate)
warning: xmodel char_ger_honorgd_body1_g_llegspawn: physPreset dropped (static models do not simulate)
warning: xmodel char_ger_honorgd_body1_g_rarmspawn: physPreset dropped (static models do not simulate)
warning: xmodel char_ger_honorgd_body1_g_rlegspawn: physPreset dropped (static models do not simulate)
warning: xmodel char_rus_guard_helm1: physPreset dropped (static models do not simulate)
warning: xmodel char_rus_guardwet_helm1: physPreset dropped (static models do not simulate)
warning: xmodel char_usa_raider_helm2: physPreset dropped (static models do not simulate)
warning: xmodel com_bottle2: physPreset dropped (static models do not simulate)
warning: xmodel com_computer_case: physPreset dropped (static models do not simulate)
warning: xmodel com_computer_keyboard: physPreset dropped (static models do not simulate)
warning: xmodel com_computer_keyboard_obj: physPreset dropped (static models do not simulate)
warning: xmodel com_computer_monitor: physPreset dropped (static models do not simulate)
warning: xmodel com_computer_mouse: physPreset dropped (static models do not simulate)
warning: xmodel com_copypaper_box: physPreset dropped (static models do not simulate)
warning: xmodel com_laptop_generic_open: physPreset dropped (static models do not simulate)
warning: xmodel com_laptop_generic_open_obj: physPreset dropped (static models do not simulate)
warning: xmodel com_laptop_open: physPreset dropped (static models do not simulate)
warning: xmodel com_office_lamp02: physPreset dropped (static models do not simulate)
warning: xmodel com_speaker: physPreset dropped (static models do not simulate)
warning: xmodel com_telephone_desk: physPreset dropped (static models do not simulate)
warning: xmodel com_tv1: physPreset dropped (static models do not simulate)
warning: xmodel com_tv1_d: physPreset dropped (static models do not simulate)
warning: xmodel com_tv1_testpattern: physPreset dropped (static models do not simulate)
warning: xmodel com_tv2: physPreset dropped (static models do not simulate)
warning: xmodel com_tv2_d: physPreset dropped (static models do not simulate)
warning: xmodel com_tv2_testpattern: physPreset dropped (static models do not simulate)
warning: xmodel com_vcr: physPreset dropped (static models do not simulate)
warning: xmodel com_vcr_tape_blue: physPreset dropped (static models do not simulate)
warning: xmodel com_widescreen_monitor_on_1: physPreset dropped (static models do not simulate)
warning: xmodel com_widescreen_monitor_on_2: physPreset dropped (static models do not simulate)
warning: xmodel com_widescreen_monitor_on_3: physPreset dropped (static models do not simulate)
warning: PROJECTILE_PROP_COLLISION_RECOVERED 20 placements: hard render surfaces complete two-sided hard meshes qualified by source movement brushes; missile only, source masks unchanged
warning: dangling reference *110n_112n: WaW draws its default material; using blend *110n_82n
warning: dangling reference *60n_112n: WaW draws its default material; using blend *67n_60n
warning: BO2_FALLBACK material mc/ch_trim_stainlessteel_1 -> D:\SteamLibrary\steamapps\common\Call of Duty Black Ops II\raw\materials\mc\ch_trim_stainlessteel_1.json: absent from WaW lookup
warning: APPROXIMATED_MATERIAL mc/me_decal_adobe_top_01: no T6 rule for WaW technique 'mc_unlit_multiply'; drawn with its own textures as 'mc_unlit_blend' (mc_unlit_blend_588ewzff)
warning: APPROXIMATED_MATERIAL mc/me_decal_darkstain_01: no T6 rule for WaW technique 'mc_unlit_multiply'; drawn with its own textures as 'mc_unlit_blend' (mc_unlit_blend_588ewzff)
warning: dangling reference mc/mtl_blackhawk_fastrope: WaW draws its default material; using mc/mtl_default
warning: APPROXIMATED_MATERIAL mc/mtl_facade_building_01: no T6 rule for WaW technique 'mc_unlit_alphatest'; drawn with its own textures as 'mc_unlit_blend' (mc_unlit_blend_588ewzff)
warning: APPROXIMATED_MATERIAL mc/mtl_facade_building_01_ch: no T6 rule for WaW technique 'mc_unlit_alphatest'; drawn with its own textures as 'mc_unlit_blend' (mc_unlit_blend_588ewzff)
warning: APPROXIMATED_MATERIAL mc/mtl_facade_building_02_ch: no T6 rule for WaW technique 'mc_unlit_alphatest'; drawn with its own textures as 'mc_unlit_blend' (mc_unlit_blend_588ewzff)
warning: APPROXIMATED_MATERIAL mc/mtl_facade_building_03_ch: no T6 rule for WaW technique 'mc_unlit_alphatest'; drawn with its own textures as 'mc_unlit_blend' (mc_unlit_blend_588ewzff)
warning: APPROXIMATED_MATERIAL mc/mtl_foliage_cod5_grass05: no T6 rule for WaW technique 'mc_ambient_t0c0_dfoliage_sco'; drawn with its own textures as 'mc_l_sm_t0c0' (mc_lit_sm_t0c0_90wz6fe2)
warning: APPROXIMATED_MATERIAL mc/mtl_foliage_cod5_grass05a_card: no T6 rule for WaW technique 'mc_ambient_t0c0_dfoliage_sco'; drawn with its own textures as 'mc_l_sm_t0c0' (mc_lit_sm_t0c0_90wz6fe2)
warning: APPROXIMATED_MATERIAL mc/mtl_foliage_cod5_tree_jungle_vine: no T6 rule for WaW technique 'mc_ambient_t0c0_dfoliage_sco'; drawn with its own textures as 'mc_l_sm_t0c0' (mc_lit_sm_t0c0_90wz6fe2)
warning: APPROXIMATED_MATERIAL mc/mtl_foliage_pacific_field_flowers02: no T6 rule for WaW technique 'mc_ambient_t0c0_dfoliage_sco'; drawn with its own textures as 'mc_l_sm_t0c0' (mc_lit_sm_t0c0_90wz6fe2)
warning: APPROXIMATED_MATERIAL mc/mtl_foliage_pacific_flowers01: no T6 rule for WaW technique 'mc_ambient_t0c0_dfoliage_sco'; drawn with its own textures as 'mc_l_sm_t0c0' (mc_lit_sm_t0c0_90wz6fe2)
warning: APPROXIMATED_MATERIAL mc/mtl_foliage_pacific_flowers06_static: no T6 rule for WaW technique 'mc_ambient_t0c0_dfoliage_sco'; drawn with its own textures as 'mc_l_sm_t0c0' (mc_lit_sm_t0c0_90wz6fe2)
warning: APPROXIMATED_MATERIAL mc/mtl_foliage_pacific_forest_shrubs02: no T6 rule for WaW technique 'mc_ambient_t0c0_dfoliage_sco'; drawn with its own textures as 'mc_l_sm_t0c0' (mc_lit_sm_t0c0_90wz6fe2)
warning: APPROXIMATED_MATERIAL mc/mtl_foliage_pacific_forest_shrubs03: no T6 rule for WaW technique 'mc_ambient_t0c0_dfoliage_sco'; drawn with its own textures as 'mc_l_sm_t0c0' (mc_lit_sm_t0c0_90wz6fe2)
warning: APPROXIMATED_MATERIAL mc/mtl_laptop_envu_screen: no T6 rule for WaW technique 'mc_unlit_replace'; drawn with its own textures as 'mc_unlit_blend' (mc_unlit_blend_588ewzff)
warning: APPROXIMATED_MATERIAL mc/mtl_river_birch_canopy: no T6 rule for WaW technique 'mc_ambient_t0c0'; drawn with its own textures as 'mc_l_sm_t0c0' (mc_lit_sm_t0c0_90wz6fe2)
warning: APPROXIMATED_MATERIAL mc/mtl_street_light_bulb_02: no T6 rule for WaW technique 'mc_unlit_replace'; drawn with its own textures as 'mc_unlit_blend' (mc_unlit_blend_588ewzff)
warning: APPROXIMATED_MATERIAL mc/mtl_tree_shadow_caster: no T6 rule for WaW technique 'mc_shadowcaster'; drawn with its own textures as 'mc_l_sm_t0c0' (mc_lit_sm_t0c0_90wz6fe2)
warning: APPROXIMATED_MATERIAL wc/c_mg42_bipod_chalk: no T6 rule for WaW technique 'wc_effect_add'; drawn with its own textures as 'wc_unlit_blend' (wpc_unlit_blend_2840z6q0)
warning: APPROXIMATED_MATERIAL wc/water_sumpf_muddy_green: no T6 rule for WaW technique 'wc_water'; drawn with its own textures as 'wc_l_sm_b0c0' (wc_lit_sm_b0c0_jj25624z)
warning: 62 surfaces have no lightmap page (WaW index >= 2: [31])
warning: lightmap sun visibility (WaW primary) box-filtered to the secondary page resolution
warning: APPROXIMATED lightmaps for T6 donor materials: WaW flat-normal lighting, no directional term, hdrControl0.x assumed 1
warning: image lightmap0_secondary: synthesized, fallback flat lightmap, linked only when the map has no WaW lightmap pages (BSP/lightmaps.json); pages = stock zm_nuked lightmap means
warning: image reflection_probe0: synthesized, near-black cube probe; the WaW probe is a solid red placeholder
warning: image waw_world/ma_trashbag_col: synthesized, no pixel data in any zone or IWD (WaW draws its default image); neutral grey
warning: image waw_world/ma_trashbag_n: synthesized, no pixel data in any zone or IWD (WaW draws its default image); neutral grey
warning: image waw_world/nodogs: synthesized, no pixel data in any zone or IWD (WaW draws its default image); neutral grey
warning: image waw_world/speaker_col: synthesized, no pixel data in any zone or IWD (WaW draws its default image); neutral grey
warning: image waw_world/speaker_nml: synthesized, no pixel data in any zone or IWD (WaW draws its default image); neutral grey
warning: image waw_world/trashbag_black_col: synthesized, no pixel data in any zone or IWD (WaW draws its default image); neutral grey
warning: image waw_world/trashbag_green_col: synthesized, no pixel data in any zone or IWD (WaW draws its default image); neutral grey
warning: image waw_world/trashbag_nml: synthesized, no pixel data in any zone or IWD (WaW draws its default image); neutral grey
warning: image waw_world/trashbag_white_col: synthesized, no pixel data in any zone or IWD (WaW draws its default image); neutral grey
warning: image waw_world/vcr_tape_plastic_1_nml: synthesized, no pixel data in any zone or IWD (WaW draws its default image); neutral grey
warning: image waw_world/vcr_tape_plastic_blue_col: synthesized, no pixel data in any zone or IWD (WaW draws its default image); neutral grey
warning: image waw_world/~80s_econ_glass_spc-rgb&80s_e~29444396: synthesized, no pixel data in any zone or IWD (WaW draws its default image); neutral grey
warning: image waw_world/~80s_econ_spc-rgb&80s_econ_cos-l-11: synthesized, no pixel data in any zone or IWD (WaW draws its default image); neutral grey
warning: image waw_world/~blackhawk_body_reflect-rgb&b~576fe9da: synthesized, no pixel data in any zone or IWD (WaW draws its default image); neutral grey
warning: image waw_world/~blackhawk_glass_blade_reflec~01938599: synthesized, no pixel data in any zone or IWD (WaW draws its default image); neutral grey
warning: image waw_world/~blackhawk_glass_blade_reflec~f0234e6f: synthesized, no pixel data in any zone or IWD (WaW draws its default image); neutral grey
warning: image waw_world/~bus1_spc-rgb&bus1_cos-l-11: synthesized, no pixel data in any zone or IWD (WaW draws its default image); neutral grey
warning: image waw_world/~bus_bottom_spc-r-61g-61b-61&~d11856e3: synthesized, no pixel data in any zone or IWD (WaW draws its default image); neutral grey
warning: image waw_world/~bus_windows_spc-rgb&bus_wind~116a5863: synthesized, no pixel data in any zone or IWD (WaW draws its default image); neutral grey
warning: image waw_world/~ch46e_body_damaged_spc-rgb&c~b6c39943: synthesized, no pixel data in any zone or IWD (WaW draws its default image); neutral grey
warning: image waw_world/~ch46e_glass_destroyed_spc-rg~69abe2ba: synthesized, no pixel data in any zone or IWD (WaW draws its default image); neutral grey
warning: image waw_world/~com_pc_monitor_spc-rgb&com_p~1522d618: synthesized, no pixel data in any zone or IWD (WaW draws its default image); neutral grey
warning: image waw_world/~computer_case_spc-rgb&comput~eefb9933: synthesized, no pixel data in any zone or IWD (WaW draws its default image); neutral grey
warning: image waw_world/~computer_monitor_spc-rgb&com~7e136350: synthesized, no pixel data in any zone or IWD (WaW draws its default image); neutral grey
warning: image waw_world/~copy_paper_box_spc-rgb&copy_~48f49ba9: synthesized, no pixel data in any zone or IWD (WaW draws its default image); neutral grey
warning: image waw_world/~dead_pine_spc-r-71g-71b-71&d~34842d41: synthesized, no pixel data in any zone or IWD (WaW draws its default image); neutral grey
warning: image waw_world/~ex_airconditioner_spc-rgb&ex~f2e123ab: synthesized, no pixel data in any zone or IWD (WaW draws its default image); neutral grey
warning: image waw_world/~fire_extinguisher_s-rgb&fire~935c6a0d: synthesized, no pixel data in any zone or IWD (WaW draws its default image); neutral grey
warning: image waw_world/~laptop_envu_spc-rgb&laptop_e~352a7025: synthesized, no pixel data in any zone or IWD (WaW draws its default image); neutral grey
warning: image waw_world/~laptop_s-rgb&laptop_cp-l-11: synthesized, no pixel data in any zone or IWD (WaW draws its default image); neutral grey
warning: image waw_world/~lightfluohang_spec-rgb&light~20d8db0f: synthesized, no pixel data in any zone or IWD (WaW draws its default image); neutral grey
warning: image waw_world/~ma_trashbag_s-rgb&ma_trashba~d3219cab: synthesized, no pixel data in any zone or IWD (WaW draws its default image); neutral grey
warning: image waw_world/~me_cargocontainer_exttrimcor~93d41e1a: synthesized, no pixel data in any zone or IWD (WaW draws its default image); neutral grey
warning: image waw_world/~me_cargocontainer_exttrimtal~529d66cf: synthesized, no pixel data in any zone or IWD (WaW draws its default image); neutral grey
warning: image waw_world/~me_cargocontainer_exttrimwid~28f51640: synthesized, no pixel data in any zone or IWD (WaW draws its default image); neutral grey
warning: image waw_world/~me_cargocontainer_usmc_ext_d~5c552f7b: synthesized, no pixel data in any zone or IWD (WaW draws its default image); neutral grey
warning: image waw_world/~mtl_soda_can_01_spc-rgb&mtl_~60f41cfb: synthesized, no pixel data in any zone or IWD (WaW draws its default image); neutral grey
warning: image waw_world/~mtl_soda_can_02_spc-rgb&mtl_~825e05fe: synthesized, no pixel data in any zone or IWD (WaW draws its default image); neutral grey
warning: image waw_world/~mtl_soda_can_03_spc-rgb&mtl_~f2491b9b: synthesized, no pixel data in any zone or IWD (WaW draws its default image); neutral grey
warning: image waw_world/~news_ticker_blacktrim_spc-rg~aebca52a: synthesized, no pixel data in any zone or IWD (WaW draws its default image); neutral grey
warning: image waw_world/~news_ticker_chain_spc-rgb&ne~74ac88a8: synthesized, no pixel data in any zone or IWD (WaW draws its default image); neutral grey
warning: image waw_world/~news_ticker_metal_rails_spc-~fd1792b4: synthesized, no pixel data in any zone or IWD (WaW draws its default image); neutral grey
warning: image waw_world/~news_ticker_metal_v_bars_spc~4ed66af5: synthesized, no pixel data in any zone or IWD (WaW draws its default image); neutral grey
warning: image waw_world/~office_books_spc-rgb&office_~9214dd38: synthesized, no pixel data in any zone or IWD (WaW draws its default image); neutral grey
warning: image waw_world/~office_chair_black_spc-rgb&o~65460eab: synthesized, no pixel data in any zone or IWD (WaW draws its default image); neutral grey
warning: image waw_world/~office_floortile_spec-r-49g-~51c41236: synthesized, no pixel data in any zone or IWD (WaW draws its default image); neutral grey
warning: image waw_world/~officecarpet1_spc-rgbl-11: synthesized, no pixel data in any zone or IWD (WaW draws its default image); neutral grey
warning: image waw_world/~restaurant_chair_1_spc-rgb&r~41f113a3: synthesized, no pixel data in any zone or IWD (WaW draws its default image); neutral grey
warning: image waw_world/~sid_server_rack_spc-rgb&sid_~0856e60a: synthesized, no pixel data in any zone or IWD (WaW draws its default image); neutral grey
warning: image waw_world/~speaker_spc-rgb&speaker_cos-l-11: synthesized, no pixel data in any zone or IWD (WaW draws its default image); neutral grey
warning: image waw_world/~television1_d_spc-rgb&televi~c60d0f1d: synthesized, no pixel data in any zone or IWD (WaW draws its default image); neutral grey
warning: image waw_world/~television1_spc-rgb&televisi~dbaf2795: synthesized, no pixel data in any zone or IWD (WaW draws its default image); neutral grey
warning: image waw_world/~television2_spc-rgb&televisi~fcb49a14: synthesized, no pixel data in any zone or IWD (WaW draws its default image); neutral grey
warning: image waw_world/~trashbag_spc-r-25g-25b-25&tr~b1b521a2: synthesized, no pixel data in any zone or IWD (WaW draws its default image); neutral grey
warning: image waw_world/~trashbag_spc-r-71g-71b-71&tr~3f62c4c5: synthesized, no pixel data in any zone or IWD (WaW draws its default image); neutral grey
warning: image waw_world/~vcr_tape_plastic_1_spc-r29g2~24087965: synthesized, no pixel data in any zone or IWD (WaW draws its default image); neutral grey
warning: image waw_world/~viewhand_black_kit_spc-r30g3~a3c1436a: synthesized, no pixel data in any zone or IWD (WaW draws its default image); neutral grey
warning: image waw_world/~viewhand_black_kit_spc-r30g3~d35b529d: synthesized, no pixel data in any zone or IWD (WaW draws its default image); neutral grey
warning: script clientscripts/mp/createfx/zm_projectx_fx.csc generated from template clientscripts/mp/createfx/zm_test_fx.csc
warning: script clientscripts/mp/zm_projectx.csc generated from template clientscripts/mp/zm_test.csc
warning: script clientscripts/mp/zm_projectx_amb.csc generated from template clientscripts/mp/zm_test_amb.csc
warning: script clientscripts/mp/zm_projectx_classic.csc generated from template clientscripts/mp/zm_test_classic.csc
warning: script clientscripts/mp/zm_projectx_fx.csc generated from template clientscripts/mp/zm_test_fx.csc
warning: script maps/mp/createart/zm_projectx_art.gsc generated from template maps/mp/createart/zm_test_art.gsc
warning: script maps/mp/createfx/zm_projectx_fx.gsc generated from template maps/mp/createfx/zm_test_fx.gsc
warning: script maps/mp/zm_projectx.gsc generated from template maps/mp/zm_test.gsc
warning: script maps/mp/zm_projectx_classic.gsc generated from template maps/mp/zm_test_classic.gsc
warning: script maps/mp/zm_projectx_fx.gsc generated from template maps/mp/zm_test_fx.gsc
warning: script maps/mp/zm_projectx_gamemodes.gsc generated from template maps/mp/zm_test_gamemodes.gsc
warning: script zm_projectx_amb.gsc generated: WaW owns server ambience
warning: zone graph from nazi_zombie_projectx.gsc: start zones ['zone1'], 18 links
warning: zm_test electric_switch guarded: WaW map has no template switch entities
warning: APPROXIMATED_MATERIAL mc/mtl_red_dot: no T6 rule for WaW technique 'mc_reflexsight'; drawn with its own textures as 'mc_l_sm_t0c0' (mc_lit_sm_t0c0_90wz6fe2)
warning: BO2_PRIMARY_FRAG fraggrenade -> frag_grenade_zm: ordinary lethal replacement; special grenades retain their source weapons
warning: BO2_PRIMARY_FRAG stielhandgranate -> frag_grenade_zm: ordinary lethal replacement; special grenades retain their source weapons
warning: WEAPON_RENAMED zombie_bowie_flourish -> waw_zombie_bowie_flourish: BO2 has a weapon of that name; scripts reach it through level.waw2bo2_weapons
warning: WAW_ASSET_ABSENT zombie_gewehr43: nightVisionWearAnim animation viewmodel_G3_NVG_puton cleared
warning: WAW_ASSET_ABSENT zombie_gewehr43: nightVisionRemoveAnim animation viewmodel_G3_NVG_takeoff cleared
warning: WEAPON_RENAMED zombie_knuckle_crack -> waw_zombie_knuckle_crack: BO2 has a weapon of that name; scripts reach it through level.waw2bo2_weapons
warning: WEAPON_RENAMED zombie_perk_bottle_doubletap -> waw_zombie_perk_bottle_doubletap: BO2 has a weapon of that name; scripts reach it through level.waw2bo2_weapons
warning: WEAPON_RENAMED zombie_perk_bottle_jugg -> waw_zombie_perk_bottle_jugg: BO2 has a weapon of that name; scripts reach it through level.waw2bo2_weapons
warning: WEAPON_RENAMED zombie_perk_bottle_revive -> waw_zombie_perk_bottle_revive: BO2 has a weapon of that name; scripts reach it through level.waw2bo2_weapons
warning: WEAPON_RENAMED zombie_perk_bottle_sleight -> waw_zombie_perk_bottle_sleight: BO2 has a weapon of that name; scripts reach it through level.waw2bo2_weapons
warning: wall buy stielhandgranate -> frag_grenade_zm (renamed weapon)
warning: CONTENT_INCOMPLETE shaders: 3950 translated to SM5; 11 translation failures; 8272 runtime pixel passes bound; remaining programs require supported T6 pass adapters
warning: GLOW ber1: god rays (r_glowRayIntensity) not reproduced
warning: GLOW ber1: WaW glow not reproduced (exact single-pass glow too slow)
warning: GLOW ber2: god rays (r_glowRayIntensity) not reproduced
warning: GLOW ber2: WaW glow not reproduced (exact single-pass glow too slow)
warning: GLOW ber3: god rays (r_glowRayIntensity) not reproduced
warning: GLOW ber3: WaW glow not reproduced (exact single-pass glow too slow)
warning: GLOW ber3b: god rays (r_glowRayIntensity) not reproduced
warning: GLOW ber3b: WaW glow not reproduced (exact single-pass glow too slow)
warning: GLOW death: god rays (r_glowRayIntensity) not reproduced
warning: GLOW death: WaW glow not reproduced (exact single-pass glow too slow)
warning: GLOW mak: WaW glow not reproduced (exact single-pass glow too slow)
warning: GLOW oki2: WaW glow not reproduced (exact single-pass glow too slow)
warning: GLOW oki3: god rays (r_glowRayIntensity) not reproduced
warning: GLOW oki3: WaW glow not reproduced (exact single-pass glow too slow)
warning: GLOW pel1: WaW glow not reproduced (exact single-pass glow too slow)
warning: GLOW pel1a: god rays (r_glowRayIntensity) not reproduced
warning: GLOW pel1a: WaW glow not reproduced (exact single-pass glow too slow)
warning: GLOW pel1b: god rays (r_glowRayIntensity) not reproduced
warning: GLOW pel1b: WaW glow not reproduced (exact single-pass glow too slow)
warning: GLOW pel2: god rays (r_glowRayIntensity) not reproduced
warning: GLOW pel2: WaW glow not reproduced (exact single-pass glow too slow)
warning: GLOW see1: god rays (r_glowRayIntensity) not reproduced
warning: GLOW see1: WaW glow not reproduced (exact single-pass glow too slow)
warning: GLOW sniper: WaW glow not reproduced (exact single-pass glow too slow)
warning: GLOW zombie_factory: god rays (r_glowRayIntensity) not reproduced
warning: GLOW zombie_factory: WaW glow not reproduced (exact single-pass glow too slow)
warning: VISION_DEFAULT zombie_last_stand: in no WaW zone; WaW loads vision/default instead, so does the port
warning: SOUND_LOADED_TO_STREAMED 867 WaW loaded sounds streamed: loaded-bank budget 392 files / 58 MB (largest stock map bank zmb_waw_sumpf.all.sabl minus the template bank); kept 392 loaded files, prioritizing weapon dependencies (27 MB). List: content_source/sounds.bank.json
warning: APPROXIMATED_SOUND_CURVE curve0: 37 alias curve slot(s); nearest stock T6 curve default (max error 0.1887)
warning: APPROXIMATED_SOUND_CURVE curve1: 962 alias curve slot(s); nearest stock T6 curve default (max error 0.1473)
warning: APPROXIMATED_SOUND_CURVE curve2: 4963 alias curve slot(s); nearest stock T6 curve cos (max error 0.2015)
warning: APPROXIMATED_SOUND_CURVE curve3: 962 alias curve slot(s); nearest stock T6 curve cos (max error 0.0890)
warning: APPROXIMATED_SOUND_CURVE curve4: 525 alias curve slot(s); nearest stock T6 curve cos (max error 0.3358)
warning: APPROXIMATED_SOUND_CURVE curve5: 448 alias curve slot(s); nearest stock T6 curve cos (max error 0.5283)
warning: APPROXIMATED_SOUND_CURVE default: 5368 alias curve slot(s); nearest stock T6 curve cos (max error 0.0890)
warning: APPROXIMATED_SOUND_CURVE log1: 639 alias curve slot(s); nearest stock T6 curve steep (max error 0.1107)
warning: APPROXIMATED_SOUND_CURVE log2: 637 alias curve slot(s); nearest stock T6 curve steep (max error 0.2168)
warning: APPROXIMATED_SOUND_CURVE rcurve1: 5 alias curve slot(s); nearest stock T6 curve rcurve1 (max error 0.0579)
warning: APPROXIMATED_SOUND_CURVE rcurve2: 6 alias curve slot(s); nearest stock T6 curve rcurve2 (max error 0.0628)
warning: APPROXIMATED_SOUND_CURVE rcurve3: 41 alias curve slot(s); nearest stock T6 curve rcurve3 (max error 0.0883)
warning: APPROXIMATED_SOUND_CURVE rcurve4: 5 alias curve slot(s); nearest stock T6 curve rcurve4 (max error 0.1083)
warning: WaW LightGrid staged with 2 lightmap pages; T4 corner obstruction traces require a separate runtime adapter because T6 stores scalar visibility
warning: stock T6 barrier repair FX omitted (bridge has no T6 FX loader)
warning: T6 barrier asset supplied by zm_test mod.ff
warning: LOCALIZATION_MISSING ZOMBIE_WEAPON_MG42_BIPOD_3250: no source text in the map, its IWDs or stock WaW; shown as the key, as WaW does
warning: LOCALIZATION_MISSING ZOMBIE_WEAPON_MOSIN_GL_1200: no source text in the map, its IWDs or stock WaW; shown as the key, as WaW does
== 3a. linking gameplay mod.ff with the BO2 mod tools linker
0458:fixme:file:server_get_file_info Unsupported info class e
0458:fixme:file:server_get_file_info Unsupported info class e
[activity] Process 183207 still running; elapsed 19m 30s; no new output for 15s. Last output: 0458:fixme:file:server_get_file_info Unsupported info class e
[activity] Process 183207 still running; elapsed 19m 45s; no new output for 30s. Last output: 0458:fixme:file:server_get_file_info Unsupported info class e
0458:fixme:file:server_get_file_info Unsupported info class e
0458:fixme:file:server_get_file_info Unsupported info class e
[activity] Process 183207 still running; elapsed 20m 15s; no new output for 15s. Last output: 0458:fixme:file:server_get_file_info Unsupported info class e
[activity] Process 183207 still running; elapsed 20m 30s; no new output for 30s. Last output: 0458:fixme:file:server_get_file_info Unsupported info class e
[activity] Process 183207 still running; elapsed 20m 45s; no new output for 45s. Last output: 0458:fixme:file:server_get_file_info Unsupported info class e
[activity] Process 183207 still running; elapsed 21m 0s; no new output for 60s. Last output: 0458:fixme:file:server_get_file_info Unsupported info class e
[activity] Process 183207 still running; elapsed 21m 15s; no new output for 75s. Last output: 0458:fixme:file:server_get_file_info Unsupported info class e
0458:fixme:file:server_get_file_info Unsupported info class e
0458:fixme:file:server_get_file_info Unsupported info class e
06d8:fixme:file:server_get_file_info Unsupported info class e
0298:fixme:file:server_get_file_info Unsupported info class e
[activity] Process 183207 still running; elapsed 21m 45s; no new output for 23s. Last output: 0298:fixme:file:server_get_file_info Unsupported info class e
0458:fixme:file:server_get_file_info Unsupported info class e
0458:fixme:file:server_get_file_info Unsupported info class e
0174:fixme:file:server_get_file_info Unsupported info class e
0284:fixme:file:server_get_file_info Unsupported info class e
[activity] Process 183207 still running; elapsed 22m 15s; no new output for 22s. Last output: 0284:fixme:file:server_get_file_info Unsupported info class e
[activity] Process 183207 still running; elapsed 22m 30s; no new output for 37s. Last output: 0284:fixme:file:server_get_file_info Unsupported info class e
0458:fixme:file:server_get_file_info Unsupported info class e
0458:fixme:file:server_get_file_info Unsupported info class e
027c:fixme:file:server_get_file_info Unsupported info class e
03c0:fixme:file:server_get_file_info Unsupported info class e
mod.ff: Z:\home\humpy\.local\share\WawConverter\builds\zm_projectx_d8d1bd5f_35ecb483\mod_build\out\mod.ff
0458:fixme:file:server_get_file_info Unsupported info class e
0458:fixme:file:server_get_file_info Unsupported info class e
0708:fixme:file:server_get_file_info Unsupported info class e
066c:fixme:file:server_get_file_info Unsupported info class e
0458:fixme:file:server_get_file_info Unsupported info class e
0458:fixme:file:server_get_file_info Unsupported info class e
07bc:fixme:file:server_get_file_info Unsupported info class e
024c:fixme:file:server_get_file_info Unsupported info class e
0458:fixme:file:server_get_file_info Unsupported info class e
0458:fixme:file:server_get_file_info Unsupported info class e
0598:fixme:file:server_get_file_info Unsupported info class e
063c:fixme:file:server_get_file_info Unsupported info class e
mod_load.ff: Z:\home\humpy\.local\share\WawConverter\builds\zm_projectx_d8d1bd5f_35ecb483\mod_build\out\mod_load.ff
template entry unavailable: weapon,mp/rpd_upgraded_zm  <- Loaded attachment "gripERROR: Missing asset "t6_attach_optic_colt3x_view" of type "xmodel"
maps/mp/zm_projectx.gsc: disabled include_weapon( "rpd_zm" );
maps/mp/zm_projectx.gsc: disabled include_weapon( "rpd_upgraded_zm", 0 );
maps/mp/zm_projectx.gsc: disabled add_zombie_weapon( "rpd_zm", "rpd_upgraded_zm", &"ZOMBIE_WEAPON_RPD", 50, "wpck_rpd", "", undefined, 1 );
clientscripts/mp/zm_projectx.csc: disabled include_weapon( "rpd_zm" );
clientscripts/mp/zm_projectx.csc: disabled include_weapon( "rpd_upgraded_zm", 0 );
== 3b. compiling map scripts with the BO2 mod tools linker
0784:fixme:file:server_get_file_info Unsupported info class e
0784:fixme:file:server_get_file_info Unsupported info class e
waw2bo2: error: StageError: script compilation failed: ['ERROR: Could not compile GSC script "maps/mp/waw/_zombiemode_perks.gsc": [ERROR]:compiler:maps/mp/waw/_zombiemode_perks.gsc:2:5: expected identifier, got \'*INTERNAL*\'', 'ERROR: Could not load asset "maps/mp/waw/_zombiemode_perks.gsc" of type "script"'] missing=['clientscripts/mp/waw/_waw2bo2_environment.csc', 'clientscripts/mp/waw/_waw2bo2_perks.csc', 'clientscripts/mp/waw/_waw2bo2_zm.csc', 'maps/mp/waw/_zombiemode_perks.gsc', 'maps/mp/waw/aitype/axis_zombie_ger_ber_sshonor.gsc']; see Z:\home\humpy\.local\share\WawConverter\builds\zm_projectx_d8d1bd5f_35ecb483\stage\script_build\linker.log
waw2bo2: error: RuntimeError: WawConverter.CLI.exe failed (1)
